card_id,title,old_categories,old_type,old_tags,node,node_name,secondary_nodes,level,type,division,process_steps,tags,confidence,note,group
6ab69c51f3ad31ef11df0b9c,"Xe đời mới tiêu chuẩn khí thải cao (Euro 5+) dễ đóng carbon họng nạp hơn xe đời cũ, kể cả máy xăng phun trực tiếp",nganh-o-to.ky-thuat-o-to,concept,nguon-ben-ngoai|ccmfast|carbon-hong-nap|phun-truc-tiep|bao-duong-dong-co|ky-thuat-o-to,0.1.1,Cấu tạo & nguyên lý hệ thống,0.1.3,nhap-mon,concept,vcservice|vce,,nguon-ben-ngoai|nguon-ccmfast|carbon-hong-nap|phun-truc-tiep|bao-duong-dong-co,cao,,g6
6ab69ce4f3ad31ef11df0bbd,Carbon họng nạp không do nhiên liệu mà do tiêu chuẩn khí thải: xe Mỹ nhập khẩu và Mitsubishi Triton đóng nặng nhất,nganh-o-to.ky-thuat-o-to,insight,nguon-ben-ngoai|ccmfast|carbon-hong-nap|xe-nhap-my|mitsubishi-triton|ky-thuat-o-to,0.1.1,Cấu tạo & nguyên lý hệ thống,0.1.3,nhap-mon,insight,vcservice|vce,,nguon-ben-ngoai|nguon-ccmfast|carbon-hong-nap|xe-nhap-my|mitsubishi-triton,cao,,g6
6ab6a1a7f3ad31ef11df0c54,"Hệ truyền động cam Audi Q7 V6 3.0: 4 dây sên, nhiều tầng bánh răng, bắt buộc hạ máy mới sửa được",nganh-o-to.ky-thuat-o-to,concept,nguon-ben-ngoai|ccmfast|dong-co-chau-au|he-thong-timing|dai-tu-dong-co,0.1.1,Cấu tạo & nguyên lý hệ thống,0.1.3,nhap-mon,concept,vcservice|vce,,nguon-ben-ngoai|nguon-ccmfast|dong-co-chau-au|he-thong-timing|dai-tu-dong-co,cao,,g6
6ab6a1c4f3ad31ef11df0c56,Vì sao Vinfast không có công nghệ van biến thiên như BMW dù dùng chung nền tảng thiết kế động cơ,nganh-o-to.ky-thuat-o-to,concept,nguon-ben-ngoai|ccmfast|cong-nghe-dong-co|van-bien-thien|vtec,0.1.1,Cấu tạo & nguyên lý hệ thống,,nhap-mon,concept,vcservice|vce,,nguon-ben-ngoai|nguon-ccmfast|cong-nghe-dong-co|van-bien-thien|vtec,cao,,g6
6ab699cff3ad31ef11df0b3f,Chẩn đoán và thay van điều khiển sưởi (heater control valve) trên BMW bằng đo điện trở,nganh-o-to.ky-thuat-o-to|nganh-o-to.phu-tung,case_study,nguon-ben-ngoai|ra-diesel-tech|bmw|heater-control-valve|chan-doan-dien,0.1.2,Chẩn đoán & OBD,0.1.3,thuc-thi,case_study,vcservice|vce,qt.dich-vu-xuong.a,nguon-ben-ngoai|nguon-ra-diesel-tech|bmw|heater-control-valve|chan-doan-dien,cao,,g6
6ab69e84f3ad31ef11df0c09,"Tinh chỉnh lại ECU trên dyno xử lý được cả vấn đề ""máy giật, không mượt"" từ bản remap trước đó, không chỉ tăng công suất",nganh-o-to.ky-thuat-o-to,case_study,nguon-ben-ngoai|ccmfast|ecu-tuning|do-cong-suat-dyno|ky-thuat-o-to,0.1.2,Chẩn đoán & OBD,0.1.3,thuc-thi,case_study,vcservice|vce,,nguon-ben-ngoai|nguon-ccmfast|ecu-tuning|do-cong-suat-dyno,thap,Tinh chỉnh ECU/dyno nằm giữa 0.1.2 và 0.1.3,g6
6ab6a1e7f3ad31ef11df0c59,"Nguyên nhân hỏng động cơ đa dạng: dùng sai loại ron gây thổi ron nặng, hở bạc, lấp bê — mỗi ca cần chẩn đoán và bằng chứng riêng",nganh-o-to.ky-thuat-o-to,insight,nguon-ben-ngoai|ccmfast|dai-tu-dong-co|thoi-ron|phu-tung-chinh-hang,0.1.2,Chẩn đoán & OBD,0.3.2,thuc-thi,insight,vcservice|vce,qt.dich-vu-xuong.a,nguon-ben-ngoai|nguon-ccmfast|dai-tu-dong-co|thoi-ron|phu-tung-chinh-hang,cao,,g6
6ab6a220f3ad31ef11df0c5c,"Ford Ranger đề dai: chẩn đoán đúng cảm biến trục khuỷu chập chờn qua đọc lỗi, thay mới hết bệnh",nganh-o-to.ky-thuat-o-to,case_study,nguon-ben-ngoai|ccmfast|ford-ranger|cam-bien-truc-khuyu|chan-doan-loi,0.1.2,Chẩn đoán & OBD,,thuc-thi,case_study,vcservice|vce|vcobd,qt.dich-vu-xuong.a,nguon-ben-ngoai|nguon-ccmfast|ford-ranger|cam-bien-truc-khuyu|chan-doan-loi,cao,,g6
6ab4ba1bb1c921b0a784dc13,"Rửa xe chăm sóc khác rửa thường ở hai tiêu chí an toàn và tối ưu, thể hiện rõ nhất ở khâu lau khô bằng 6 loại khăn",nganh-o-to.dich-vu-garage|nganh-o-to.ky-thuat-o-to,concept,rua-xe|cham-soc-xe|quy-trinh-rua-xe|nguon-ben-ngoai|goc-gara,0.1.3,Sửa chữa & bảo dưỡng định kỳ,0.3.2,nhap-mon,concept,vcservice|vce,,nguon-ben-ngoai|nguon-goc-gara|rua-xe|cham-soc-xe|quy-trinh-rua-xe,cao,,g6
6ab4ba34b1c921b0a784dc1c,"Rửa khoang máy an toàn: rủi ro nằm ở khâu làm khô, che chắn để giảm áp lực, áp lực 90–100 bar, không cần tháo cực ắc quy",nganh-o-to.ky-thuat-o-to|nganh-o-to.dich-vu-garage,lesson,rua-khoang-may|cham-soc-xe|an-toan-ky-thuat|nguon-ben-ngoai|goc-gara,0.1.3,Sửa chữa & bảo dưỡng định kỳ,,thuc-thi,lesson,vcservice|vce,qt.dich-vu-xuong.c,nguon-ben-ngoai|nguon-goc-gara|rua-khoang-may|cham-soc-xe|an-toan-ky-thuat,cao,,g6
6ab4ba7bb1c921b0a784dc2c,"Chọn hóa chất chăm sóc xe theo gốc vết bẩn: 4 gốc bẩn, 5 loại hóa chất, gói dịch vụ tách theo rủi ro",nganh-o-to.ky-thuat-o-to|nganh-o-to.dich-vu-garage,framework,cham-soc-xe|hoa-chat|goc-vet-ban|goi-dich-vu|nguon-ben-ngoai|goc-gara,0.1.3,Sửa chữa & bảo dưỡng định kỳ,0.3.5,thuc-thi,framework,vcservice|vce,qt.dich-vu-xuong.c,nguon-ben-ngoai|nguon-goc-gara|cham-soc-xe|hoa-chat|goc-vet-ban|goi-dich-vu,cao,,g6
6ab4ba9eb1c921b0a784dc38,"Dùng hóa chất rửa không chạm đúng cách: pha đúng độ kiềm, phun sương lên xe khô, rửa từ dưới lên",nganh-o-to.ky-thuat-o-to|nganh-o-to.dich-vu-garage,lesson,hoa-chat-khong-cham|rua-xe|cham-soc-xe|ty-le-pha|nguon-ben-ngoai|goc-gara,0.1.3,Sửa chữa & bảo dưỡng định kỳ,,thuc-thi,lesson,vcservice|vce,qt.dich-vu-xuong.c,nguon-ben-ngoai|nguon-goc-gara|hoa-chat-khong-cham|rua-xe|cham-soc-xe|ty-le-pha,cao,,g6
6ab4babcb1c921b0a784dc3e,"Tư vấn đánh bóng và bảo vệ sơn: 3 cấp đánh bóng, chỉ hạ cam khi có lớp phủ; chọn ceramic silic, carbon hay PPF",nganh-o-to.dich-vu-garage|nganh-o-to.ky-thuat-o-to|ban-hang-cskh.ky-nang-ban-hang,framework,danh-bong|phu-ceramic|ppf|cham-soc-xe|nguon-ben-ngoai|goc-gara,0.1.3,Sửa chữa & bảo dưỡng định kỳ,0.3.2|2.2.2,thuc-thi,framework,vcservice|vce,qt.dich-vu-xuong.b,nguon-ben-ngoai|nguon-goc-gara|danh-bong|phu-ceramic|ppf|cham-soc-xe,cao,,g6
6ab4badbb1c921b0a784dc45,"Gầm xe trong chăm sóc xe: phủ gầm gốc nước đúng chỗ, và nếu chỉ có một cầu nâng thì chọn cầu 2 trụ",nganh-o-to.ky-thuat-o-to|nganh-o-to.dich-vu-garage,lesson,phu-gam|cau-nang|cham-soc-xe|nguon-ben-ngoai|goc-gara,0.1.3,Sửa chữa & bảo dưỡng định kỳ,0.1.5,thuc-thi,lesson,vcservice|vce,qt.dich-vu-xuong.c,nguon-ben-ngoai|nguon-goc-gara|phu-gam|cau-nang|cham-soc-xe,cao,,g6
6ab4bafcb1c921b0a784dc4f,"Biết giới hạn của chăm sóc bề mặt: tẩy ố kính phải báo trước vết xước ẩn, nhựa đen bạc muốn bền phải sơn",nganh-o-to.ky-thuat-o-to|nganh-o-to.dich-vu-garage|ban-hang-cskh.cham-soc-khach-hang,lesson,tay-o-kinh|nhua-den|cham-soc-xe|quan-ly-rui-ro|nguon-ben-ngoai|goc-gara,0.1.3,Sửa chữa & bảo dưỡng định kỳ,0.3.2,thuc-thi,lesson,vcservice|vce,qt.dich-vu-xuong.c,nguon-ben-ngoai|nguon-goc-gara|tay-o-kinh|nhua-den|cham-soc-xe|quan-ly-rui-ro,cao,,g6
6ab69996f3ad31ef11df0b39,"Đại tu hộp số tự động 6 cấp Lexus LX570: quy trình kiểm tra bố nồi, valve body và bánh răng hành tinh",nganh-o-to.dich-vu-garage|nganh-o-to.ky-thuat-o-to,case_study,nguon-ben-ngoai|ccmfast|hop-so-tu-dong|dai-tu-dong-co|dong-son-oto,0.1.3,Sửa chữa & bảo dưỡng định kỳ,0.1.1,thuc-thi,case_study,vcservice|vce,qt.dich-vu-xuong.c,nguon-ben-ngoai|nguon-ccmfast|hop-so-tu-dong|dai-tu-dong-co|dong-son-oto,cao,,g6
6ab699b3f3ad31ef11df0b3c,Vì sao động cơ Ford 2.0 Biturbo đóng carbon họng nạp nặng và cách bảo dưỡng tổng thể,nganh-o-to.ky-thuat-o-to,concept,nguon-ben-ngoai|ccmfast|dong-co-diesel|bao-duong-dinh-ky|day-curoa-cam,0.1.3,Sửa chữa & bảo dưỡng định kỳ,0.1.1,nhap-mon,concept,vcservice|vce,,nguon-ben-ngoai|nguon-ccmfast|dong-co-diesel|bao-duong-dinh-ky|day-curoa-cam,cao,,g6
6ab699eaf3ad31ef11df0b46,Thay van điều khiển sưởi BMW X5 bằng van Bosch OEM để khắc phục gió nóng/lạnh lẫn lộn,nganh-o-to.ky-thuat-o-to|nganh-o-to.phu-tung,case_study,nguon-ben-ngoai|x-coastie|bmw|heater-control-valve|phu-tung-thay-the,0.1.3,Sửa chữa & bảo dưỡng định kỳ,0.2.1,thuc-thi,case_study,vcservice|vce,qt.dich-vu-xuong.c,nguon-ben-ngoai|nguon-x-coastie|bmw|heater-control-valve|phu-tung-thay-the,cao,,g6
6ab69c94f3ad31ef11df0bac,"Máy dầu tiêu chuẩn khí thải cao (Ford Ranger, Ranger Raptor) đóng carbon họng nạp dày 4-6mm chỉ sau 40.000-60.000km",nganh-o-to.ky-thuat-o-to,concept,nguon-ben-ngoai|ccmfast|carbon-hong-nap|ford-ranger|bao-duong-dong-co|ky-thuat-o-to,0.1.3,Sửa chữa & bảo dưỡng định kỳ,0.1.1,nhap-mon,concept,vcservice|vce,,nguon-ben-ngoai|nguon-ccmfast|carbon-hong-nap|ford-ranger|bao-duong-dong-co,cao,,g6
6ab69d26f3ad31ef11df0bc8,"Đo dyno trước/sau vệ sinh carbon họng nạp: Ford Ranger Raptor giảm 5-10% lưu lượng gió nạp và áp suất turbo, Toyota Hilux cải thiện công suất dải vòng tua giữa",nganh-o-to.ky-thuat-o-to,case_study,nguon-ben-ngoai|ccmfast|carbon-hong-nap|do-cong-suat-dyno|bao-duong-dong-co|ky-thuat-o-to,0.1.3,Sửa chữa & bảo dưỡng định kỳ,1.4.5,thuc-thi,case_study,vcservice|vce,,nguon-ben-ngoai|nguon-ccmfast|carbon-hong-nap|do-cong-suat-dyno|bao-duong-dong-co,cao,,g6
6ab69d76f3ad31ef11df0bd6,"Các phương pháp vệ sinh carbon họng nạp và buồng đốt: bắn đá khô, bắn trấu, hoá chất — chọn đúng phương pháp theo mức độ dơ",nganh-o-to.ky-thuat-o-to,framework,nguon-ben-ngoai|ccmfast|carbon-hong-nap|ban-da-kho|ban-trau|ve-sinh-dong-co,0.1.3,Sửa chữa & bảo dưỡng định kỳ,,thuc-thi,framework,vcservice|vce,qt.dich-vu-xuong.c,nguon-ben-ngoai|nguon-ccmfast|carbon-hong-nap|ban-da-kho|ban-trau|ve-sinh-dong-co,cao,,g6
6ab69dcaf3ad31ef11df0be4,Bảo dưỡng lớn động cơ cao km (100.000-120.000km) luôn kèm vệ sinh đường gió nạp: quy trình đầy đủ và các bệnh phát sinh,nganh-o-to.ky-thuat-o-to,case_study,nguon-ben-ngoai|ccmfast|bao-duong-lon|carbon-hong-nap|xe-chau-au|ky-thuat-o-to,0.1.3,Sửa chữa & bảo dưỡng định kỳ,,thuc-thi,case_study,vcservice|vce,qt.dich-vu-xuong.c,nguon-ben-ngoai|nguon-ccmfast|bao-duong-lon|carbon-hong-nap|xe-chau-au,cao,,g6
6ab69e10f3ad31ef11df0bf1,"Kim phun động cơ Mercedes M276 dễ hư đột ngột, không thể vệ sinh phục hồi, phải thay đúng quy trình bằng đồ nghề chuyên dụng",nganh-o-to.ky-thuat-o-to,case_study,nguon-ben-ngoai|ccmfast|kim-phun|mercedes-m276|sua-chua-dong-co|ky-thuat-o-to,0.1.3,Sửa chữa & bảo dưỡng định kỳ,,thuc-thi,case_study,vcservice|vce,qt.dich-vu-xuong.c,nguon-ben-ngoai|nguon-ccmfast|kim-phun|mercedes-m276|sua-chua-dong-co,cao,,g6
6ab69e51f3ad31ef11df0bfe,Vệ sinh kim phun đúng chuẩn phải test lưu lượng sau vệ sinh; kim phun kẹt do xì ron cần dụng cụ chuyên dụng để nhổ,nganh-o-to.ky-thuat-o-to,lesson,nguon-ben-ngoai|ccmfast|kim-phun|sua-chua-dong-co|may-dau|ky-thuat-o-to,0.1.3,Sửa chữa & bảo dưỡng định kỳ,,thuc-thi,lesson,vcservice|vce,qt.dich-vu-xuong.c,nguon-ben-ngoai|nguon-ccmfast|kim-phun|sua-chua-dong-co|may-dau,cao,,g6
6ab69ec7f3ad31ef11df0c17,"Ford Ranger/Raptor: hộp số chính lẫn hộp số phụ đều cần thay nhớt ở mốc 50.000-60.000km, dễ bị bỏ sót hộp số phụ",nganh-o-to.ky-thuat-o-to,lesson,nguon-ben-ngoai|ccmfast|ford-ranger|hop-so-phu|bao-duong-dinh-ky|ky-thuat-o-to,0.1.3,Sửa chữa & bảo dưỡng định kỳ,,thuc-thi,lesson,vcservice|vce,qt.dich-vu-xuong.c,nguon-ben-ngoai|nguon-ccmfast|ford-ranger|hop-so-phu|bao-duong-dinh-ky,cao,,g6
6ab69f07f3ad31ef11df0c23,Cân thước lái và cân bằng động bánh xe định kỳ 10.000km — hạng mục dễ bị bỏ quên nhưng ảnh hưởng an toàn và tuổi thọ vỏ xe,nganh-o-to.ky-thuat-o-to,concept,nguon-ben-ngoai|ccmfast|can-thuoc-lai|can-bang-dong|bao-duong-dinh-ky|ky-thuat-o-to,0.1.3,Sửa chữa & bảo dưỡng định kỳ,1.4.5,nhap-mon,concept,vcservice|vce,,nguon-ben-ngoai|nguon-ccmfast|can-thuoc-lai|can-bang-dong|bao-duong-dinh-ky,cao,,g6
6ab6a0f0f3ad31ef11df0c4d,Thay thước lái điện xe châu Âu: bắt buộc coding lại phần mềm và cân góc đặt bánh sau khi thay,nganh-o-to.ky-thuat-o-to,case_study,nguon-ben-ngoai|ccmfast|xe-chau-au|he-thong-lai|coding-xe|can-goc-dat-banh,0.1.3,Sửa chữa & bảo dưỡng định kỳ,0.1.2,thuc-thi,case_study,vcservice|vce,qt.dich-vu-xuong.c,nguon-ben-ngoai|nguon-ccmfast|xe-chau-au|he-thong-lai|coding-xe|can-goc-dat-banh,cao,,g6
6ab6a12cf3ad31ef11df0c4e,"Bầu hơi treo khí nén Mercedes GLC hay bể sau khoảng 80.000km, chi phí thay 40-60 triệu/cặp",nganh-o-to.ky-thuat-o-to|nganh-o-to.dich-vu-garage,case_study,nguon-ben-ngoai|ccmfast|treo-khi-nen|mercedes-glc|he-gam-xe|chi-phi-sua-chua,0.1.3,Sửa chữa & bảo dưỡng định kỳ,0.3.5,thuc-thi,case_study,vcservice|vce,qt.dich-vu-xuong.b,nguon-ben-ngoai|nguon-ccmfast|treo-khi-nen|mercedes-glc|he-gam-xe|chi-phi-sua-chua,cao,,g6
6ab6a165f3ad31ef11df0c51,"Láng đĩa thắng khi thay bố thắng để hai bề mặt ăn khớp, nhưng chỉ láng được 2-3 lần trước khi phải thay đĩa mới",nganh-o-to.dich-vu-garage|nganh-o-to.ky-thuat-o-to,lesson,nguon-ben-ngoai|ccmfast|he-thong-thang|lang-dia-thang|bao-duong-dinh-ky,0.1.3,Sửa chữa & bảo dưỡng định kỳ,,thuc-thi,lesson,vcservice|vce,qt.dich-vu-xuong.c,nguon-ben-ngoai|nguon-ccmfast|he-thong-thang|lang-dia-thang|bao-duong-dinh-ky,cao,,g6
6ab6a18cf3ad31ef11df0c52,"Bốn mẹo vật tư khi đại tu động cơ: nhớt đỏ mồi máy, keo Loctite thay băng keo ron, đánh bóng trục cam, gá tháo xupap",nganh-o-to.ky-thuat-o-to|nganh-o-to.dich-vu-garage,lesson,nguon-ben-ngoai|ccmfast|dai-tu-dong-co|vat-tu-sua-chua|dung-cu-chuyen-dung,0.1.3,Sửa chữa & bảo dưỡng định kỳ,0.1.5,thuc-thi,lesson,vcservice|vce,qt.dich-vu-xuong.c,nguon-ben-ngoai|nguon-ccmfast|dai-tu-dong-co|vat-tu-sua-chua|dung-cu-chuyen-dung,cao,,g6
6ab6a1adf3ad31ef11df0c55,"Động cơ thủy kích: tắt máy ngay khi ngập nước, sửa đúng chuẩn hãng phải đo lại toàn bộ kích thước chứ không chỉ thay tay biên cong",nganh-o-to.ky-thuat-o-to,case_study,nguon-ben-ngoai|ccmfast|thuy-kich|dai-tu-dong-co|bmw,0.1.3,Sửa chữa & bảo dưỡng định kỳ,,thuc-thi,case_study,vcservice|vce,qt.dich-vu-xuong.c,nguon-ben-ngoai|nguon-ccmfast|thuy-kich|dai-tu-dong-co|bmw,cao,,g6
6ab6a258f3ad31ef11df0c62,"Phay phẳng mặt lốc máy và mặt culasse là bắt buộc khi đại tu, dù mất zin, vì bề mặt cong vênh sau nhiều lần gia nhiệt sẽ làm tét ron",nganh-o-to.ky-thuat-o-to,lesson,nguon-ben-ngoai|ccmfast|dai-tu-dong-co|phay-mat-loc-may|gia-cong-co-khi,0.1.3,Sửa chữa & bảo dưỡng định kỳ,,thuc-thi,lesson,vcservice|vce,qt.dich-vu-xuong.c,nguon-ben-ngoai|nguon-ccmfast|dai-tu-dong-co|phay-mat-loc-may|gia-cong-co-khi,cao,,g6
6ab6a296f3ad31ef11df0c66,"Lệch tâm lỗ cốt máy do quá nhiệt: sửa bằng máy phóng lóc hoặc mài đồng tâm (line honing), khác kỹ thuật doa và mài",nganh-o-to.ky-thuat-o-to|nganh-o-to.dich-vu-garage,case_study,nguon-ben-ngoai|ccmfast|dai-tu-dong-co|gia-cong-co-khi|line-honing|lech-tam-cot-may,0.1.3,Sửa chữa & bảo dưỡng định kỳ,,thuc-thi,case_study,vcservice|vce,qt.dich-vu-xuong.c,nguon-ben-ngoai|nguon-ccmfast|dai-tu-dong-co|gia-cong-co-khi|line-honing|lech-tam-cot-may,cao,,g6
6ab6a298f3ad31ef11df0c68,"Quy trình sơn xe chuẩn: làm nền, pha màu, bắn màu trong phòng sạch — và chi phí phát sinh khi đổi màu toàn bộ",nganh-o-to.dich-vu-garage,lesson,nguon-ben-ngoai|ccmfast|dong-son|doi-mau-xe|dai-tu-dong-co,0.1.3,Sửa chữa & bảo dưỡng định kỳ,0.3.5,thuc-thi,lesson,vcservice|vce,qt.dich-vu-xuong.c,nguon-ben-ngoai|nguon-ccmfast|dong-son|doi-mau-xe,cao,,g6
6ab6a2c2f3ad31ef11df0c6a,"Đo lòng xylanh chính xác bằng bàn me và đồng hồ so: phải lắc đồng hồ tìm điểm minimum, không đọc số ngay",nganh-o-to.ky-thuat-o-to,lesson,nguon-ben-ngoai|ccmfast|do-long-xylanh|gia-cong-co-khi|dung-cu-do,0.1.3,Sửa chữa & bảo dưỡng định kỳ,0.1.5,thuc-thi,lesson,vcservice|vce,qt.dich-vu-xuong.c,nguon-ben-ngoai|nguon-ccmfast|do-long-xylanh|gia-cong-co-khi|dung-cu-do,cao,,g6
6ab6a2f3f3ad31ef11df0c6d,"Canh khe hở bạc xéc-măng phải theo đúng thông số sách kỹ thuật của hãng, không theo kinh nghiệm hay lắp thẳng đồ mua về",nganh-o-to.ky-thuat-o-to,lesson,nguon-ben-ngoai|ccmfast|bac-xec-mang|dai-tu-dong-co|thong-so-ky-thuat,0.1.3,Sửa chữa & bảo dưỡng định kỳ,,thuc-thi,lesson,vcservice|vce,qt.dich-vu-xuong.c,nguon-ben-ngoai|nguon-ccmfast|bac-xec-mang|dai-tu-dong-co|thong-so-ky-thuat,cao,,g6
6ab6a331f3ad31ef11df0c71,Xử lý ốc gãy bằng tool tarot chuyên dụng; ốc tuôn ren ở vị trí kín chật thì tiện ốc cỡ lớn hơn thay vì đóng sơ-mi ren,nganh-o-to.ky-thuat-o-to|nganh-o-to.dich-vu-garage,lesson,nguon-ben-ngoai|ccmfast|oc-gay|tuon-ren|gia-cong-co-khi,0.1.3,Sửa chữa & bảo dưỡng định kỳ,0.1.5,thuc-thi,lesson,vcservice|vce,qt.dich-vu-xuong.c,nguon-ben-ngoai|nguon-ccmfast|oc-gay|tuon-ren|gia-cong-co-khi,cao,,g6
6ab4b8f3b1c921b0a784dbd2,"Báo đúng nguồn gốc phụ tùng: bán OEM có hóa đơn, cho khách chọn mức giá – bảo hành, tuyệt đối không ""treo đầu dê bán thịt chó""",nganh-o-to.phu-tung|nganh-o-to.dich-vu-garage|ban-hang-cskh.cham-soc-khach-hang,lesson,oem|minh-bach|phu-tung-nhai|uy-tin|nguon-ben-ngoai|goc-gara,0.2.2,Thương hiệu & phân khúc chất lượng,0.3.2|2.6.3,dieu-hanh,lesson,vcservice|vcpart,qt.dich-vu-xuong.b,nguon-ben-ngoai|nguon-goc-gara|oem|minh-bach|phu-tung-nhai|uy-tin,cao,,g6
6ab6a258f3ad31ef11df0c61,Chọn đúng cấp nhớt động cơ và ưu tiên phụ tùng có nguồn gốc nhập khẩu rõ ràng khi bảo dưỡng,nganh-o-to.phu-tung|ban-hang-cskh.cham-soc-khach-hang,lesson,nguon-ben-ngoai|ccmfast|chon-nhot-dong-co|phu-tung-chinh-hang|cham-soc-khach-hang,0.2.2,Thương hiệu & phân khúc chất lượng,2.2.2,nhap-mon,lesson,vcpart|vcservice,,nguon-ben-ngoai|nguon-ccmfast|chon-nhot-dong-co|phu-tung-chinh-hang,cao,,g6
6ab73d7eb43e7b02a2eab67f,"Làm OEM/gia công không sở hữu công thức lõi khiến sản phẩm dễ bị sao chép, thương hiệu chỉ là giấy tờ",nganh-o-to.phu-tung,insight,nguon-ben-ngoai|tran-manh-hung|oem-gia-cong|thuong-hieu|cong-nghe-loi,0.2.3,Chuỗi cung ứng phụ tùng,1.1.3|6.2.1,dieu-hanh,insight,vcpart,,nguon-ben-ngoai|nguon-tran-manh-hung|oem-gia-cong|thuong-hieu|cong-nghe-loi,thap,Rủi ro hàng nhãn riêng/OEM; có thể 6.2.1 (đánh giá NCC) hoặc 1.1.3 (thương hiệu),g6
6ab4b969b1c921b0a784dbe5,4 lợi thế để gara ngoài cạnh tranh với gara hãng mà không đua giá,nganh-o-to.dich-vu-garage|marketing.nghien-cuu-thi-truong-doi-thu|ban-hang-cskh.ky-nang-ban-hang,framework,canh-tranh-gara-hang|toi-uu-chi-phi-sua-chua|loi-the-canh-tranh|nguon-ben-ngoai|goc-gara,0.3.1,Mô hình & vận hành xưởng,1.1.2|1.2.4,dieu-hanh,framework,vcservice,,nguon-ben-ngoai|nguon-goc-gara|canh-tranh-gara-hang|toi-uu-chi-phi-sua-chua|loi-the-canh-tranh,thap,Lợi thế mô hình gara ngoài; có thể 1.1.2 (định vị & thông điệp),g6
6ab4b9e5b1c921b0a784dc03,Tần suất dịch vụ định kỳ của một xe: căn cứ ước nhu cầu khu vực và hướng dẫn khách quay lại gara,nganh-o-to.dich-vu-garage|marketing.nghien-cuu-thi-truong-doi-thu|ban-hang-cskh.cham-soc-khach-hang,concept,tan-suat-dich-vu|cham-soc-xe|bao-duong-dinh-ky|nguon-ben-ngoai|goc-gara,0.3.1,Mô hình & vận hành xưởng,1.2.4|2.6.4,nhap-mon,concept,vcservice,qt.dich-vu-xuong.d,nguon-ben-ngoai|nguon-goc-gara|tan-suat-dich-vu|cham-soc-xe|bao-duong-dinh-ky,cao,,g6
6ab4ba30b1c921b0a784dc1a,"Đo gara bằng xe ra, không phải xe vào: tính năng lực sửa theo ngày, dàn đều lịch và tối ưu vòng quay khoang",nganh-o-to.dich-vu-garage|tai-chinh.quan-tri-dong-tien,framework,nang-luc-xuong|vong-quay-khoang|dat-lich|luong-xe|nguon-ben-ngoai|goc-gara,0.3.1,Mô hình & vận hành xưởng,0.3.3,dieu-hanh,framework,vcservice,,nguon-ben-ngoai|nguon-goc-gara|nang-luc-xuong|vong-quay-khoang|dat-lich|luong-xe,cao,,g6
6ab4ba60b1c921b0a784dc25,"Giữ dịch vụ thiết yếu làm nền (bảo dưỡng, sửa nhanh, máy gầm điện), coi dịch vụ theo trend là phần cộng thêm",nganh-o-to.dich-vu-garage|marketing.nghien-cuu-thi-truong-doi-thu,lesson,danh-muc-dich-vu|dich-vu-thiet-yeu|cham-soc-xe|dang-kiem|nguon-ben-ngoai|goc-gara,0.3.1,Mô hình & vận hành xưởng,0.3.4,dieu-hanh,lesson,vcservice,,nguon-ben-ngoai|nguon-goc-gara|danh-muc-dich-vu|dich-vu-thiet-yeu|cham-soc-xe|dang-kiem,cao,,g6
6ab4ba88b1c921b0a784dc31,"Gara nhỏ tự làm vẫn cần quản trị tối thiểu: checklist hạng mục, hạch toán tách doanh thu – dòng tiền – lợi nhuận, tồn kho theo tần suất bán",nganh-o-to.dich-vu-garage|ke-toan.ke-toan-quan-tri|cong-nghe-chuyen-doi-so.phan-mem-quan-tri,framework,gara-nho|quy-trinh|checklist|hach-toan|nguon-ben-ngoai|goc-gara,0.3.1,Mô hình & vận hành xưởng,3.3.4,thiet-ke,framework,vcservice,,nguon-ben-ngoai|nguon-goc-gara|gara-nho|quy-trinh|checklist|hach-toan,cao,,g6
6ab4bac2b1c921b0a784dc3f,"Triển khai quy trình ở gara: chuyên nghiệp là làm đúng cái đã ban hành; quy trình gồm lưu đồ, biểu mẫu, mục tiêu đo được và may đo theo mặt bằng",nhan-su-quan-tri.dao-tao-phat-trien|nganh-o-to.dich-vu-garage|nhan-su-quan-tri.van-hoa-doanh-nghiep,framework,quy-trinh|bieu-mau|chuyen-nghiep|dao-tao-nhan-vien|nguon-ben-ngoai|goc-gara,0.3.1,Mô hình & vận hành xưởng,5.6.1,thiet-ke,framework,vcservice,,nguon-ben-ngoai|nguon-goc-gara|quy-trinh|bieu-mau|chuyen-nghiep|dao-tao-nhan-vien,cao,,g6
6ab4bae3b1c921b0a784dc4a,"Thợ càng giỏi càng dễ làm tắt: mọi khâu, kể cả khâu nhỏ nhất, phải theo quy trình và lệnh sửa chữa; muốn cải tiến thì viết lại quy trình trước",nganh-o-to.dich-vu-garage|nhan-su-quan-tri.dao-tao-phat-trien|nganh-o-to.ky-thuat-o-to,lesson,quy-trinh-gara|lenh-sua-chua|kiem-soat-chat-luong|nguon-ben-ngoai|goc-gara,0.3.1,Mô hình & vận hành xưởng,0.3.3,van-hanh,lesson,vcservice,qt.dich-vu-xuong.c,nguon-ben-ngoai|nguon-goc-gara|quy-trinh-gara|lenh-sua-chua|kiem-soat-chat-luong,cao,,g6
6ab4baf6b1c921b0a784dc4d,Nền doanh thu gara nên là nhiều xe nhỏ có nhu cầu định kỳ; thận trọng với xe nặng và tỷ lệ xe bảo hiểm cao,nganh-o-to.dich-vu-garage|tai-chinh.quan-tri-dong-tien|ban-hang-cskh.kenh-phan-phoi,insight,co-cau-khach-hang|xe-bao-hiem|bao-duong-dinh-ky|upsell|nguon-ben-ngoai|goc-gara,0.3.1,Mô hình & vận hành xưởng,1.2.1,dieu-hanh,insight,vcservice,,nguon-ben-ngoai|nguon-goc-gara|co-cau-khach-hang|xe-bao-hiem|bao-duong-dinh-ky|upsell,cao,,g6
6ab6a1e4f3ad31ef11df0c58,"Ba lớp kiểm soát chất lượng bảo dưỡng: checklist in giấy theo bước, đánh dấu sau khi siết, cân lại thước lái cuối quy trình",nganh-o-to.dich-vu-garage,framework,nguon-ben-ngoai|ccmfast|quy-trinh-bao-duong|kiem-soat-chat-luong|checklist,0.3.1,Mô hình & vận hành xưởng,5.6.1,thiet-ke,framework,vcservice,qt.dich-vu-xuong.c,nguon-ben-ngoai|nguon-ccmfast|quy-trinh-bao-duong|kiem-soat-chat-luong|checklist,cao,,g6
6ab6a223f3ad31ef11df0c5d,Khu bảo dưỡng nhanh riêng biệt: tách xe dịch vụ đơn giản để rút ngắn thời gian chờ xuống còn 30-60 phút,nganh-o-to.dich-vu-garage,framework,nguon-ben-ngoai|ccmfast|van-hanh-gara|bao-duong-nhanh|trai-nghiem-khach-hang,0.3.1,Mô hình & vận hành xưởng,,thiet-ke,framework,vcservice,,nguon-ben-ngoai|nguon-ccmfast|van-hanh-gara|bao-duong-nhanh|trai-nghiem-khach-hang,cao,,g6
6ab4b8c7b1c921b0a784dbcd,"Phiếu tiếp nhận xe: 5 phút ghi tình trạng xe để tránh tranh chấp, tăng doanh thu và chăm sóc khách",nganh-o-to.dich-vu-garage|ban-hang-cskh.cham-soc-khach-hang,framework,tiep-nhan-xe|bien-ban-tiep-nhan|quy-trinh-gara|nguon-ben-ngoai|goc-gara,0.3.2,Tiếp nhận – chẩn đoán – báo giá – bàn giao,,thuc-thi,framework,vcservice,qt.dich-vu-xuong.a,nguon-ben-ngoai|nguon-goc-gara|tiep-nhan-xe|bien-ban-tiep-nhan|quy-trinh-gara,cao,,g6
6ab4b8ebb1c921b0a784dbd1,"Khách xem sửa xe: cho xem để minh bạch, nhưng kỹ thuật viên không báo giá, không làm ngoài lệnh",nganh-o-to.dich-vu-garage|ban-hang-cskh.cham-soc-khach-hang,lesson,co-van-dich-vu|lenh-sua-chua|minh-bach|nguon-ben-ngoai|goc-gara,0.3.2,Tiếp nhận – chẩn đoán – báo giá – bàn giao,0.3.3,van-hanh,lesson,vcservice,qt.dich-vu-xuong.b,nguon-ben-ngoai|nguon-goc-gara|co-van-dich-vu|lenh-sua-chua|minh-bach,cao,,g6
6ab4b8f8b1c921b0a784dbd4,Gửi báo giá bổ sung khi quyết toán để tăng doanh thu mà không ép khách,nganh-o-to.dich-vu-garage|ban-hang-cskh.cham-soc-khach-hang|ban-hang-cskh.ky-nang-ban-hang,lesson,bao-gia-bo-sung|cham-soc-sau-sua|tang-doanh-thu|nguon-ben-ngoai|goc-gara,0.3.2,Tiếp nhận – chẩn đoán – báo giá – bàn giao,2.6.4,thuc-thi,lesson,vcservice,qt.dich-vu-xuong.c|qt.dich-vu-xuong.d,nguon-ben-ngoai|nguon-goc-gara|bao-gia-bo-sung|cham-soc-sau-sua|tang-doanh-thu,cao,,g6
6ab4bac6b1c921b0a784dc41,"Phiếu bảo dưỡng dạng checklist (KM, KT, VS, TT) và cách tư vấn chu kỳ 5.000 km hay 10.000 km theo tình trạng xe",nganh-o-to.ky-thuat-o-to|nganh-o-to.dich-vu-garage|ban-hang-cskh.cham-soc-khach-hang,framework,phieu-bao-duong|bao-duong-dinh-ky|checklist|tu-van-khach-hang|nguon-ben-ngoai|goc-gara,0.3.2,Tiếp nhận – chẩn đoán – báo giá – bàn giao,0.1.3,thiet-ke,framework,vcservice,qt.dich-vu-xuong.a,nguon-ben-ngoai|nguon-goc-gara|phieu-bao-duong|bao-duong-dinh-ky|checklist|tu-van-khach-hang,cao,,g6
6ab6a23bf3ad31ef11df0c60,Dùng điện thoại thay đèn pin khi kiểm tra xe: ưu tiên chụp ảnh/quay phim làm hồ sơ minh bạch cho khách hàng,ban-hang-cskh.cham-soc-khach-hang|nganh-o-to.dich-vu-garage,lesson,nguon-ben-ngoai|ccmfast|cham-soc-khach-hang|minh-bach-dich-vu|ho-so-xe,0.3.2,Tiếp nhận – chẩn đoán – báo giá – bàn giao,2.6.1,thuc-thi,lesson,vcservice,qt.dich-vu-xuong.a,nguon-ben-ngoai|nguon-ccmfast|minh-bach-dich-vu|ho-so-xe,cao,CSKH của xưởng qua hồ sơ ảnh kiểm tra xe → 0.3.2,g2
6ab4ba76b1c921b0a784dc2a,"Nền tảng nghề chăm sóc xe và lộ trình đào tạo thợ: gốc bẩn – hóa chất, dụng cụ từ mềm đến cứng, kỹ năng lẻ trước quy trình (ví dụ dọn nội thất)",nhan-su-quan-tri.dao-tao-phat-trien|nganh-o-to.ky-thuat-o-to|nganh-o-to.dich-vu-garage,framework,cham-soc-xe|dao-tao-tho|ve-sinh-noi-that|nguon-ben-ngoai|goc-gara,0.3.3,Quản lý KTV & năng suất,0.1.3|4.3.2,thiet-ke,framework,vcservice|vce,qt.nhan-su.b,nguon-ben-ngoai|nguon-goc-gara|cham-soc-xe|dao-tao-tho|ve-sinh-noi-that,thap,Lộ trình đào tạo thợ chăm sóc xe; có thể 0.1.3 (kỹ thuật) hoặc 4.3.2 (kỹ năng nghề),g6
6ab4bb18b1c921b0a784dc57,"Lộ trình kỹ thuật viên gara công bố từ ngày đầu: học việc, thử việc, bậc thợ, tổ trưởng, cố vấn, quản lý xưởng — kèm tiêu chí theo mốc thời gian",nhan-su-quan-tri.dao-tao-phat-trien|nganh-o-to.huong-nghiep-nganh-o-to|nhan-su-quan-tri.tuyen-dung,framework,lo-trinh-thang-tien|hoc-viec|hoc-nghe|bac-tho|nguon-ben-ngoai|goc-gara,0.3.3,Quản lý KTV & năng suất,4.1.3|0.4.1,thiet-ke,framework,vcservice,qt.nhan-su.b,nguon-ben-ngoai|nguon-goc-gara|lo-trinh-thang-tien|hoc-viec|hoc-nghe|bac-tho,cao,,g6
6ab4bb38b1c921b0a784dc5c,"Gara phát triển nhờ quy trình và cơ cấu tổ thợ theo bậc, không nhờ tuyển toàn thợ giỏi",nhan-su-quan-tri.tuyen-dung|nhan-su-quan-tri.lanh-dao-quan-ly-doi-ngu|nganh-o-to.dich-vu-garage,insight,bo-tri-nhan-su|bac-tho|quy-trinh|chi-phi-luong|nguon-ben-ngoai|goc-gara,0.3.3,Quản lý KTV & năng suất,4.1.1,thiet-ke,insight,vcservice,,nguon-ben-ngoai|nguon-goc-gara|bo-tri-nhan-su|bac-tho|quy-trinh|chi-phi-luong,cao,,g6
6ab4b943b1c921b0a784dbdd,"Gara mới nên phục vụ xe phổ thông theo nhu cầu khu vực, đừng định vị xe sang khi chưa đủ lực",nganh-o-to.dich-vu-garage|marketing.nghien-cuu-thi-truong-doi-thu|marketing.chien-luoc-thuong-hieu,case_study,mo-gara|dinh-vi-phan-khuc|nghien-cuu-thi-truong|nguon-ben-ngoai|goc-gara,0.3.4,Mở & mở rộng gara,1.1.2|1.2.4,dieu-hanh,case_study,vcservice,,nguon-ben-ngoai|nguon-goc-gara|mo-gara|dinh-vi-phan-khuc|nghien-cuu-thi-truong,cao,,g6
6ab4b966b1c921b0a784dbe4,"Kích thước tiêu chuẩn khi thiết kế gara: khoang 4x8 m, mặt tiền tối thiểu 8 m, phòng sơn, móng cầu nâng, nội thất theo khổ ván",nganh-o-to.dich-vu-garage,concept,thiet-ke-xuong|setup-gara|kich-thuoc-tieu-chuan|nguon-ben-ngoai|goc-gara,0.3.4,Mở & mở rộng gara,,nhap-mon,concept,vcservice,,nguon-ben-ngoai|nguon-goc-gara|thiet-ke-xuong|setup-gara|kich-thuoc-tieu-chuan,cao,,g6
6ab4b975b1c921b0a784dbe8,"Chọn mặt bằng gara sửa chữa: diện tích theo doanh thu, trung tâm khu vực, tiền thuê 7–9% doanh thu, thuê tối thiểu 5 năm",nganh-o-to.dich-vu-garage|tai-chinh.ngan-sach-ke-hoach,framework,mat-bang|mo-gara|chi-phi-thue|khau-hao|nguon-ben-ngoai|goc-gara,0.3.4,Mở & mở rộng gara,,thiet-ke,framework,vcservice,,nguon-ben-ngoai|nguon-goc-gara|mat-bang|mo-gara|chi-phi-thue|khau-hao,cao,,g6
6ab4b98db1c921b0a784dbee,"Tối ưu hơn nhiều vốn: 5 nguồn lãng phí khi setup và vận hành gara (luồng xe, chờ báo giá, thiết bị, tồn kho, nhân sự)",nganh-o-to.dich-vu-garage|tai-chinh.dau-tu-huy-dong-von|tai-chinh.quan-tri-dong-tien,framework,setup-gara|luong-xe|ton-kho|nang-suat-xuong|nguon-ben-ngoai|goc-gara,0.3.4,Mở & mở rộng gara,0.3.1,thiet-ke,framework,vcservice,,nguon-ben-ngoai|nguon-goc-gara|setup-gara|luong-xe|ton-kho|nang-suat-xuong,cao,,g6
6ab4b995b1c921b0a784dbef,"Checklist và lộ trình triển khai trung tâm chăm sóc xe trong 30–45 ngày: bản vẽ thi công chi tiết, thi công từ trên xuống, giải ngân 70/30",nganh-o-to.dich-vu-garage|tai-chinh.ngan-sach-ke-hoach,framework,mo-gara|cham-soc-xe|thi-cong-xuong|checklist|nguon-ben-ngoai|goc-gara,0.3.4,Mở & mở rộng gara,5.6.2,thiet-ke,framework,vcservice,,nguon-ben-ngoai|nguon-goc-gara|mo-gara|cham-soc-xe|thi-cong-xuong|checklist,cao,,g6
6ab4b9a2b1c921b0a784dbf2,"Mặt bằng trung tâm chăm sóc xe, rửa xe: chọn dịch vụ chính trước, mặt tiền tối thiểu 8 m, tính theo giờ cao điểm và giá trị trung bình khoang",nganh-o-to.dich-vu-garage,framework,mat-bang|cham-soc-xe|rua-xe|gia-tri-trung-binh-khoang|nguon-ben-ngoai|goc-gara,0.3.4,Mở & mở rộng gara,,thiet-ke,framework,vcservice,,nguon-ben-ngoai|nguon-goc-gara|mat-bang|cham-soc-xe|rua-xe|gia-tri-trung-binh-khoang,cao,,g6
6ab4b9b9b1c921b0a784dbf8,"Hệ thống khí – điện – nước là cốt lõi xưởng chăm sóc xe: ống khí kẽm trên cao, nhánh to xuống nhánh nhỏ, cấp nước đủ lưu lượng, điện 3 pha",nganh-o-to.dich-vu-garage|nganh-o-to.ky-thuat-o-to,framework,thi-cong-xuong|cham-soc-xe|he-thong-khi|dien-3-pha|nguon-ben-ngoai|goc-gara,0.3.4,Mở & mở rộng gara,0.1.5,thiet-ke,framework,vcservice,,nguon-ben-ngoai|nguon-goc-gara|thi-cong-xuong|cham-soc-xe|he-thong-khi|dien-3-pha,cao,,g6
6ab4b9d9b1c921b0a784dc00,"3K1N – tự đánh giá trước khi mở gara: kiến thức, kỹ năng, kinh nghiệm và nguồn lực (vốn, quan hệ, nhân sự chủ chốt)",nganh-o-to.dich-vu-garage|nganh-o-to.huong-nghiep-nganh-o-to|tai-chinh.ngan-sach-ke-hoach,framework,mo-gara|khoi-nghiep|3k1n|nang-luc-chu-gara|nguon-ben-ngoai|goc-gara,0.3.4,Mở & mở rộng gara,0.4.1,dieu-hanh,framework,vcservice|vce,,nguon-ben-ngoai|nguon-goc-gara|mo-gara|khoi-nghiep|3k1n|nang-luc-chu-gara,cao,,g6
6ab4ba00b1c921b0a784dc0a,"Checklist 7 việc cần làm rõ trước khi mở gara và cách dùng tư vấn mà không bị dắt mua thừa, áp mô hình cồng kềnh",nganh-o-to.dich-vu-garage|tai-chinh.ngan-sach-ke-hoach|cong-nghe-chuyen-doi-so.phan-mem-quan-tri,framework,mo-gara|checklist|tu-van-gara|thiet-bi-gara|nguon-ben-ngoai|goc-gara,0.3.4,Mở & mở rộng gara,3.4.2,thiet-ke,checklist,vcservice,,nguon-ben-ngoai|nguon-goc-gara|mo-gara|checklist|tu-van-gara|thiet-bi-gara,cao,Đổi type framework → checklist vì là danh sách 7 việc trước khi mở gara,g6
6ab4ba24b1c921b0a784dc15,"Đừng mở gara ""sân sau"" dựa vào một nguồn khách quen; tự lên phương án 3 nguồn khách và chọn thời điểm mở tháng 2–3 hoặc 8–9",nganh-o-to.dich-vu-garage|marketing.nghien-cuu-thi-truong-doi-thu,lesson,mo-gara|nguon-khach|khach-bao-hiem|thoi-diem-mo-gara|nguon-ben-ngoai|goc-gara,0.3.4,Mở & mở rộng gara,1.2.4,dieu-hanh,lesson,vcservice,,nguon-ben-ngoai|nguon-goc-gara|mo-gara|nguon-khach|khach-bao-hiem|thoi-diem-mo-gara,cao,,g6
6ab4ba48b1c921b0a784dc20,Nhượng quyền chuỗi gara quá nhanh: thiếu kỹ thuật viên và đội đào tạo dẫn đến mất kiểm soát thương hiệu,nganh-o-to.dich-vu-garage|marketing.chien-luoc-thuong-hieu|nhan-su-quan-tri.dao-tao-phat-trien,case_study,nhuong-quyen|chuoi-gara|kiem-soat-chat-luong|nguon-ben-ngoai|goc-gara,0.3.4,Mở & mở rộng gara,5.1.4|0.5.5,dieu-hanh,case_study,vcservice,,nguon-ben-ngoai|nguon-goc-gara|nhuong-quyen|chuoi-gara|kiem-soat-chat-luong,cao,,g6
6ab4ba6ab1c921b0a784dc29,"Gara nhỏ vẫn có cửa sống: quy mô tối ưu 400–600m2 khoảng 10 người, và mô hình siêu nhỏ 1 cầu nâng cho người mới khởi nghiệp",nganh-o-to.dich-vu-garage|nganh-o-to.huong-nghiep-nganh-o-to|tai-chinh.ngan-sach-ke-hoach,insight,mo-hinh-gara|gara-nho|mot-cau-nang|khoi-nghiep|nguon-ben-ngoai|goc-gara,0.3.4,Mở & mở rộng gara,0.3.1,dieu-hanh,insight,vcservice,,nguon-ben-ngoai|nguon-goc-gara|mo-hinh-gara|gara-nho|mot-cau-nang|khoi-nghiep,cao,,g6
6ab4ba79b1c921b0a784dc2b,"Ghép dịch vụ trong một xưởng: sơn và chăm sóc xe phải tách khu, mặt bằng nhỏ nên ghép chăm sóc xe với phụ kiện hoặc bảo dưỡng nhanh",nganh-o-to.dich-vu-garage,framework,bo-tri-xuong|son-xe|cham-soc-xe|gia-tri-trung-binh-khoang|nguon-ben-ngoai|goc-gara,0.3.4,Mở & mở rộng gara,0.3.1,thiet-ke,framework,vcservice,,nguon-ben-ngoai|nguon-goc-gara|bo-tri-xuong|son-xe|cham-soc-xe|gia-tri-trung-binh-khoang,cao,,g6
6ab4bad1b1c921b0a784dc42,"Trước khi thêm dịch vụ cho gara: dịch vụ không làm chuyên sâu được thì đừng kiêm — bài học từ lốp, rửa xe tự động, sửa lưu động, xe điện, gò hàn",nganh-o-to.dich-vu-garage|tai-chinh.dau-tu-huy-dong-von,framework,danh-muc-dich-vu|dau-tu-thiet-bi|xe-dien|sua-luu-dong|nguon-ben-ngoai|goc-gara,0.3.4,Mở & mở rộng gara,3.4.2,dieu-hanh,framework,vcservice,,nguon-ben-ngoai|nguon-goc-gara|danh-muc-dich-vu|dau-tu-thiet-bi|xe-dien|sua-luu-dong,cao,,g6
6ab4bb3db1c921b0a784dc5f,"Gara mở rộng sang phụ kiện, nội thất hay bán phụ tùng: làm kiêm dễ chết vì tồn kho, chỉ đáng làm khi chuyên sâu và bộ máy tương xứng",nganh-o-to.phu-tung|nganh-o-to.dich-vu-garage|tai-chinh.quan-tri-dong-tien,lesson,phu-kien|kinh-doanh-phu-tung|ton-kho|mo-rong-kinh-doanh|nguon-ben-ngoai|goc-gara,0.3.4,Mở & mở rộng gara,6.4.2,dieu-hanh,lesson,vcservice|vcpart,,nguon-ben-ngoai|nguon-goc-gara|phu-kien|kinh-doanh-phu-tung|ton-kho|mo-rong-kinh-doanh,cao,,g6
6ab4bb5db1c921b0a784dc65,Học làm chủ gara khác học làm nghề: khung kiến thức 4 mảng và chuyển tư duy từ người làm thuê sang người chủ,nganh-o-to.huong-nghiep-nganh-o-to|nhan-su-quan-tri.dao-tao-phat-trien|nganh-o-to.dich-vu-garage,framework,lam-chu-gara|khung-kien-thuc|dinh-bien|nguon-ben-ngoai|goc-gara,0.3.4,Mở & mở rộng gara,0.4.1,dieu-hanh,framework,vcservice|vce,,nguon-ben-ngoai|nguon-goc-gara|lam-chu-gara|khung-kien-thuc,cao,,g6
6ab4b8cbb1c921b0a784dbce,"Khách chê giá hoặc tự mang phụ tùng đến: vẫn nhận lắp, thu thêm 15–20% giá trị phụ tùng, chỉ bảo hành lắp đúng kỹ thuật",nganh-o-to.dich-vu-garage|ban-hang-cskh.cham-soc-khach-hang|nganh-o-to.phu-tung,framework,gia-phu-tung|bao-hanh|tien-cong|nguon-ben-ngoai|goc-gara,0.3.5,Định giá dịch vụ & quy định xưởng,0.3.2|2.6.3,thiet-ke,framework,vcservice,qt.dich-vu-xuong.b,nguon-ben-ngoai|nguon-goc-gara|gia-phu-tung|bao-hanh|tien-cong,cao,,g6
6ab4b8d8b1c921b0a784dbcf,"Định giá phụ tùng và dịch vụ gara: công thức giá vốn + chi phí + lợi nhuận, đối chiếu đối thủ và cầu thị trường",nganh-o-to.dich-vu-garage|tai-chinh.phan-tich-tai-chinh|nganh-o-to.phu-tung,framework,dinh-gia|gia-phu-tung|he-so-gia|bao-gia|nguon-ben-ngoai|goc-gara,0.3.5,Định giá dịch vụ & quy định xưởng,3.3.5,thiet-ke,framework,vcservice|vcpart,qt.dich-vu-xuong.b,nguon-ben-ngoai|nguon-goc-gara|dinh-gia|gia-phu-tung|he-so-gia|bao-gia,cao,,g6
6ab4b8d9b1c921b0a784dbd0,"Thỏa thuận trước phí kiểm tra và phí báo giá, miễn phí nếu khách sửa tại gara",nganh-o-to.dich-vu-garage|ban-hang-cskh.cham-soc-khach-hang,framework,phi-kiem-tra|bao-gia|co-van-dich-vu|nguon-ben-ngoai|goc-gara,0.3.5,Định giá dịch vụ & quy định xưởng,0.3.2,thiet-ke,framework,vcservice,qt.dich-vu-xuong.b,nguon-ben-ngoai|nguon-goc-gara|phi-kiem-tra|bao-gia|co-van-dich-vu,cao,,g6
6ab4b8f4b1c921b0a784dbd3,"Tiền công gara phải tính riêng và có lãi: không miễn phí công, thu theo giá trị chứ không theo thời gian",nganh-o-to.dich-vu-garage|ban-hang-cskh.ky-nang-ban-hang,lesson,tien-cong|bao-gia|khuyen-mai|nguon-ben-ngoai|goc-gara,0.3.5,Định giá dịch vụ & quy định xưởng,0.3.2,dieu-hanh,lesson,vcservice,qt.dich-vu-xuong.b,nguon-ben-ngoai|nguon-goc-gara|tien-cong|bao-gia|khuyen-mai,cao,,g6
6ab4b95ab1c921b0a784dbe0,Để khách làm việc với cố vấn dịch vụ thay vì chủ gara: hạn mức giảm giá theo cấp và cố vấn là đầu mối duy nhất,nganh-o-to.dich-vu-garage|nhan-su-quan-tri.lanh-dao-quan-ly-doi-ngu|ban-hang-cskh.cham-soc-khach-hang,framework,phan-quyen-giam-gia|co-van-dich-vu|chu-gara|nguon-ben-ngoai|goc-gara,0.3.5,Định giá dịch vụ & quy định xưởng,0.3.2|2.1.6,thiet-ke,framework,vcservice,qt.dich-vu-xuong.b,nguon-ben-ngoai|nguon-goc-gara|phan-quyen-giam-gia|co-van-dich-vu|chu-gara,cao,,g6
6ab4baa9b1c921b0a784dc3a,"Có nên làm Chủ nhật, có nên tăng giá dịp Tết: quyết theo số liệu khu vực và dịch vụ chính, không theo cảm tính ""giữ khách""",nganh-o-to.dich-vu-garage|nhan-su-quan-tri.lanh-dao-quan-ly-doi-ngu,framework,lich-lam-viec|lam-chu-nhat|gia-dich-vu-tet|nguon-ben-ngoai|goc-gara,0.3.5,Định giá dịch vụ & quy định xưởng,4.6.5,dieu-hanh,framework,vcservice,,nguon-ben-ngoai|nguon-goc-gara|lich-lam-viec|lam-chu-nhat|gia-dich-vu-tet,cao,,g6
6ab4bb9ab1c921b0a784dc75,"Những lỗi tuân thủ gara hay mắc: hóa đơn đầu vào–đầu ra, phụ tùng bãi, khấu trừ thuế TNCN và bảo hiểm xã hội",ke-toan.thue|phap-ly.quy-dinh-nganh|nhan-su-quan-tri,regulation,hoa-don|phu-tung-bai|bao-hiem-xa-hoi|thue-tncn|nguon-ben-ngoai|goc-gara,0.3.5,Định giá dịch vụ & quy định xưởng,3.6.7|4.6.2,dieu-hanh,regulation,vcservice,,nguon-ben-ngoai|nguon-goc-gara|hoa-don-dien-tu|phu-tung-bai|bao-hiem-xa-hoi|thue-tncn,thap,Tuân thủ thuế/BHXH riêng cho gara; có thể 3.6.7 nếu muốn gom về thuế,g4
6ab4bbcbb1c921b0a784dc82,"Quỹ bảo hành 1–2% doanh thu và nguyên tắc chia ba khi thợ làm hỏng: gara, bộ phận giám sát, người thi công — tính theo giá vốn",nganh-o-to.dich-vu-garage|nhan-su-quan-tri.lanh-dao-quan-ly-doi-ngu|ke-toan.ke-toan-quan-tri,framework,quy-bao-hanh|den-bu|trach-nhiem-lien-doi|nguon-ben-ngoai|goc-gara,0.3.5,Định giá dịch vụ & quy định xưởng,0.3.3|2.6.3,thiet-ke,framework,vcservice,qt.dich-vu-xuong.d,nguon-ben-ngoai|nguon-goc-gara|quy-bao-hanh|den-bu|trach-nhiem-lien-doi,cao,,g6
6ab6a20af3ad31ef11df0c5b,"Gói bảo dưỡng toàn diện theo mốc km: chỉ thay khi hư thực tế, vệ sinh họng nạp bằng bắn trấu, thay dây cu-roa đúng tuổi thọ",nganh-o-to.dich-vu-garage,framework,nguon-ben-ngoai|ccmfast|goi-bao-duong|moc-km|he-thong-timing,0.3.5,Định giá dịch vụ & quy định xưởng,0.1.3|0.3.2,thiet-ke,framework,vcservice,qt.dich-vu-xuong.b,nguon-ben-ngoai|nguon-ccmfast|goi-bao-duong|moc-km|he-thong-timing,cao,,g6
6ab6a273f3ad31ef11df0c65,Bảo dưỡng ở gara ngoài hãng có mất bảo hành không: quan điểm một gara và các điểm cần đối chiếu,phap-ly.quy-dinh-nganh,regulation,nguon-ben-ngoai|ccmfast|bao-hanh-o-to|phap-ly-o-to|bao-duong-ngoai-hang,0.3.5,Định giá dịch vụ & quy định xưởng,2.6.3|0.3.2,nhap-mon,regulation,vcservice,qt.dich-vu-xuong.a,nguon-ben-ngoai|nguon-ccmfast|bao-hanh-o-to|phap-ly-o-to|bao-duong-ngoai-hang,thap,Quan điểm cá nhân chưa dẫn văn bản; có thể 0.3.2 (tư vấn khách khi tiếp nhận) hoặc 2.6.3; cân nhắc đổi type regulation → insight,g4
6ab4b9eab1c921b0a784dc04,"3 lối làm chủ gara khi ít vốn: nhận khoán, đứng xưởng, góp vốn bằng công setup",nganh-o-to.huong-nghiep-nganh-o-to|tai-chinh.dau-tu-huy-dong-von|nganh-o-to.dich-vu-garage,framework,mo-gara-it-von|nhan-khoan|dung-xuong|nguon-ben-ngoai|goc-gara,0.4.1,Bản đồ nghề & lộ trình,0.3.4|3.4.3,thuc-thi,framework,vce|vcservice,qt.tuyen-sinh-vce.a,nguon-ben-ngoai|nguon-goc-gara|mo-gara-it-von|nhan-khoan|dung-xuong,thap,Lộ trình thợ lên chủ; có thể 0.3.4 (mở gara),g6
6ab4bb94b1c921b0a784dc73,"Chọn môi trường làm việc theo đích đến: gara hãng hay ngoài, lớn hay nhỏ, và lộ trình từ thợ lên quản lý hoặc làm chủ",nganh-o-to.huong-nghiep-nganh-o-to|nhan-su-quan-tri.lanh-dao-quan-ly-doi-ngu,framework,huong-nghiep|lo-trinh-thang-tien|mo-gara|gara-hang|nguon-ben-ngoai|goc-gara,0.4.1,Bản đồ nghề & lộ trình,,thuc-thi,framework,vce,qt.tuyen-sinh-vce.a,nguon-ben-ngoai|nguon-goc-gara|huong-nghiep|lo-trinh-thang-tien|mo-gara|gara-hang,cao,,g6
6ab69b16f3ad31ef11df0b88,"3 câu hỏi định hướng nghề nghiệp: thích – giỏi – xã hội cần, và 2 dấu hiệu chọn đúng nghề",nhan-su-quan-tri.dao-tao-phat-trien,framework,nguon-ben-ngoai|mentor-ha-nguyen|dinh-huong-nghe-nghiep|chien-luoc-con-nhim,0.4.1,Bản đồ nghề & lộ trình,0.4.1,thuc-thi,framework,tap-doan|vce,,nguon-ben-ngoai|nguon-mentor-ha-nguyen|dinh-huong-nghe-nghiep|chien-luoc-con-nhim,cao,Quyết định A2-2: tầng 4 / chuyển node,g6
6ab69b4ff3ad31ef11df0b8d,"Thuyết đa thông minh: hiểu tố chất bản thân trước khi chọn nghề, vì chăm chỉ không đủ để thành công",nhan-su-quan-tri.dao-tao-phat-trien,insight,nguon-ben-ngoai|mentor-ha-nguyen|dinh-huong-nghe-nghiep|thuyet-da-thong-minh,0.4.1,Bản đồ nghề & lộ trình,0.4.1,thuc-thi,insight,tap-doan|vce,,nguon-ben-ngoai|nguon-mentor-ha-nguyen|dinh-huong-nghe-nghiep|thuyet-da-thong-minh,cao,Quyết định A2-2: tầng 4 / chuyển node,g6
6ab69f1bf3ad31ef11df0c28,"Chọn công việc đầu đời theo mục tiêu cá nhân, không chỉ ""có việc là được""",nhan-su-quan-tri.dao-tao-phat-trien,lesson,nguon-ben-ngoai|anh-anh-tudo|chon-cong-viec|cong-viec-dau-doi|diem-manh-ca-nhan,0.4.1,Bản đồ nghề & lộ trình,,thuc-thi,lesson,tap-doan,,nguon-ben-ngoai|nguon-anh-anh-tudo|chon-cong-viec|cong-viec-dau-doi|diem-manh-ca-nhan,cao,Quyết định A2-2: tầng 4 / chuyển node,g6
6ab4bb69b1c921b0a784dc6a,Lộ trình học nghề ô tô theo 3K (kiến thức – kỹ năng – kinh nghiệm): chọn học trường hay học việc theo mục tiêu và quỹ thời gian,nganh-o-to.huong-nghiep-nganh-o-to|nhan-su-quan-tri.dao-tao-phat-trien,framework,hoc-nghe-o-to|3k|huong-nghiep|dao-tao-nghe|nguon-ben-ngoai|goc-gara,0.4.2,Học nghề & chứng chỉ,0.4.1,thuc-thi,framework,vce,qt.tuyen-sinh-vce.a,nguon-ben-ngoai|nguon-goc-gara|hoc-nghe-o-to|3k|huong-nghiep|dao-tao-nghe,cao,,g6
6ab4bbc1b1c921b0a784dc7f,"Giá trị lâu dài của nghề sửa chữa ô tô: rào cản gia nhập cao, trần thu nhập theo từng mảng, thu nhập cao chỉ đến từ khoán hoặc làm chủ",nganh-o-to.huong-nghiep-nganh-o-to|nhan-su-quan-tri.tuyen-dung,insight,huong-nghiep|thu-nhap-tho|luong-khoan|xe-dien|nguon-ben-ngoai|goc-gara,0.4.3,Thị trường lao động ngành ô tô,0.4.1,nhap-mon,insight,vce,qt.tuyen-sinh-vce.a,nguon-ben-ngoai|nguon-goc-gara|huong-nghiep|thu-nhap-tho|luong-khoan|xe-dien,cao,,g6
6ab4bbf0b1c921b0a784dc88,"Phần mềm quản lý gara: chọn theo quy trình và nhân sự thực tế, tránh nhập liệu nhiều lần — gara mới mở có thể bắt đầu bằng Excel/Google Sheets",cong-nghe-chuyen-doi-so.phan-mem-quan-tri|nganh-o-to.dich-vu-garage,insight,phan-mem-gara|nhap-lieu|excel|chuyen-doi-so|nguon-ben-ngoai|goc-gara,0.5.2,VCgarage & VCsale,0.3.1|5.7.1,dieu-hanh,insight,vcsoft|vcservice,qt.trien-khai-vcgarage.a,nguon-ben-ngoai|nguon-goc-gara|phan-mem-gara|nhap-lieu|excel|chuyen-doi-so,thap,Góc nhìn chủ gara chọn phần mềm (insight cạnh tranh cho VCgarage); có thể 0.3.1 (vận hành xưởng),g4
6ab69c31f3ad31ef11df0b96,Marketing là một quá trình trao đổi giá trị: từ nghiên cứu nhu cầu đến định vị và tạo sản phẩm,marketing.chien-luoc-thuong-hieu|marketing.chan-dung-khach-hang,concept,nguon-ben-ngoai|tran-manh-hung|dinh-vi-thuong-hieu|nghien-cuu-khach-hang|quy-trinh-marketing,1.1,Chiến lược & thương hiệu,1.2.5,nhap-mon,concept,tap-doan,,nguon-ben-ngoai|nguon-tran-manh-hung|dinh-vi-thuong-hieu|nghien-cuu-khach-hang|quy-trinh-marketing,cao,"Quyết định A2: nhập môn marketing, giữ tầng 2",g1
6ab69c84f3ad31ef11df0ba8,"Marketing không phải là quảng cáo mà là lối tư duy áp dụng mọi nơi, tạo khác biệt và tăng giá trị doanh nghiệp",marketing.chien-luoc-thuong-hieu,insight,nguon-ben-ngoai|tran-manh-hung|tu-duy-marketing|gia-tri-doanh-nghiep|dinh-vi-thuong-hieu,1.1,Chiến lược & thương hiệu,,nhap-mon,insight,tap-doan,,nguon-ben-ngoai|nguon-tran-manh-hung|tu-duy-marketing|gia-tri-doanh-nghiep|dinh-vi-thuong-hieu,cao,"Quyết định A2: nhập môn marketing, giữ tầng 2",g1
6ab69cbaf3ad31ef11df0bb3,4 giai đoạn lịch sử marketing: từ tập trung sản xuất đến marketing mix 4P của Philip Kotler,marketing.chien-luoc-thuong-hieu,concept,nguon-ben-ngoai|tran-manh-hung|lich-su-marketing|marketing-mix-4p|quan-diem-kinh-doanh,1.1,Chiến lược & thương hiệu,,nhap-mon,concept,tap-doan,,nguon-ben-ngoai|nguon-tran-manh-hung|lich-su-marketing|marketing-mix-4p|quan-diem-kinh-doanh,cao,"Quyết định A2: nhập môn marketing, giữ tầng 2",g1
6ab69e4bf3ad31ef11df0bfc,"Marketing bền vững: giá trị khách hàng nhận được phải lớn hơn chi phí họ bỏ ra, dư ra một phần để tích lũy niềm tin",marketing.chien-luoc-thuong-hieu|ban-hang-cskh.cham-soc-khach-hang,insight,nguon-ben-ngoai|tran-manh-hung|gia-tri-khach-hang|khach-hang-cu|marketing-ben-vung,1.1,Chiến lược & thương hiệu,2.6.4,nhap-mon,insight,tap-doan,,nguon-ben-ngoai|nguon-tran-manh-hung|gia-tri-khach-hang|khach-hang-cu|marketing-ben-vung,cao,"Quyết định A2: nhập môn marketing, giữ tầng 2",g1
6ab4acf3b1c921b0a784dbb7,3 câu hỏi trước khi lên kế hoạch marketing: khách vướng ở đâu – làm gì – đo bằng gì,marketing.chien-luoc-thuong-hieu|ban-hang-cskh.kenh-phan-phoi,framework,lap-ke-hoach|tang-truong|do-luong|chuyen-mar|nguon-ben-ngoai,1.1.1,Kế hoạch & ngân sách marketing,,dieu-hanh,framework,tap-doan,,nguon-chuyen-mar|nguon-ben-ngoai|lap-ke-hoach|tang-truong|do-luong,cao,,g1
6ab69c36f3ad31ef11df0b98,"Phân bổ chi phí marketing theo doanh thu phụ thuộc ngành nghề, quy mô và mục tiêu chiến lược, không có tỷ lệ cố định",tai-chinh.ngan-sach-ke-hoach,framework,nguon-ben-ngoai|tran-manh-hung|ngan-sach-marketing|phan-bo-chi-phi|ke-hoach-doanh-thu,1.1.1,Kế hoạch & ngân sách marketing,3.1.4,thiet-ke,framework,tap-doan,,nguon-ben-ngoai|nguon-tran-manh-hung|ngan-sach-marketing|phan-bo-chi-phi|ke-hoach-doanh-thu,cao,Ngoài mảng 3: ngân sách marketing thuộc 1.1.1; phương án giữ tài chính: 3.1.4.,g3
6ab69cbbf3ad31ef11df0bb4,"Cân đối ngân sách branding và performance: tỷ lệ phụ thuộc tổng ngân sách và hiện trạng kinh doanh, không cố định",marketing.quang-cao-tra-phi|tai-chinh.ngan-sach-ke-hoach,insight,nguon-ben-ngoai|tran-manh-hung|ngan-sach-marketing|quang-cao-tra-phi|xay-dung-thuong-hieu,1.1.1,Kế hoạch & ngân sách marketing,,dieu-hanh,insight,tap-doan,,nguon-ben-ngoai|nguon-tran-manh-hung|ngan-sach-marketing|xay-dung-thuong-hieu,cao,,g1
6ab69cdaf3ad31ef11df0bba,"Ngân sách quảng cáo phải do người kinh doanh quyết định dựa trên hiệu quả (doanh thu trừ chi phí), không phụ thuộc đội kỹ thuật",marketing.quang-cao-tra-phi|tai-chinh.phan-tich-tai-chinh,framework,nguon-ben-ngoai|tran-manh-hung|quang-cao-tra-phi|hieu-qua-quang-cao,1.1.1,Kế hoạch & ngân sách marketing,1.3.2,dieu-hanh,framework,tap-doan,,nguon-ben-ngoai|nguon-tran-manh-hung|hieu-qua-quang-cao|ngan-sach-quang-cao,cao,,g1
6ab69d70f3ad31ef11df0bd4,"P1 sản phẩm là gốc của marketing: dồn tiền vào sản phẩm trước, sản phẩm là giáo tấn công còn giá là khiên phòng thủ",marketing.chien-luoc-thuong-hieu,insight,nguon-ben-ngoai|tran-manh-hung|quan-tri-san-pham|quan-tri-gia|marketing-mix-4p,1.1.1,Kế hoạch & ngân sách marketing,,dieu-hanh,insight,tap-doan,,nguon-ben-ngoai|nguon-tran-manh-hung|quan-tri-san-pham|quan-tri-gia|marketing-mix-4p,cao,,g1
6ab69dfaf3ad31ef11df0beb,"4 công cụ xúc tiến hỗn hợp (P4): quảng cáo tạo độ phủ, PR tạo thiện cảm, sự kiện và marketing trực tiếp tạo trải nghiệm, chốt đơn",marketing.chien-luoc-thuong-hieu,framework,nguon-ben-ngoai|tran-manh-hung|xuc-tien-hon-hop|truyen-thong-marketing|mo-hinh-aida,1.1.1,Kế hoạch & ngân sách marketing,,thiet-ke,framework,tap-doan,,nguon-ben-ngoai|nguon-tran-manh-hung|xuc-tien-hon-hop|truyen-thong-marketing|mo-hinh-aida,cao,,g1
6ab6a312f3ad31ef11df0c6f,"Lập kế hoạch marketing online: quy trình 7 bước SMART, phễu marketing 3 tầng và cách suy ngược định mức chi phí",marketing.chien-luoc-thuong-hieu|marketing.quang-cao-tra-phi,framework,nguon-ben-ngoai|tien-hoc-marketing|ke-hoach-marketing|pheu-marketing|ngan-sach-marketing,1.1.1,Kế hoạch & ngân sách marketing,,thiet-ke,framework,tap-doan,,nguon-ben-ngoai|nguon-tien-hoc-marketing|ke-hoach-marketing|pheu-marketing|ngan-sach-marketing,cao,,g1
6ab73cf4b43e7b02a2eab666,Case Beeline: đổ tiền truyền thông mạnh nhưng kênh phân phối yếu và sản phẩm không khác biệt nên vẫn thất bại,marketing.chien-luoc-thuong-hieu,case_study,nguon-ben-ngoai|tran-manh-hung|khac-biet-hoa|chien-luoc-truyen-thong|kenh-phan-phoi,1.1.1,Kế hoạch & ngân sách marketing,1.1.2,dieu-hanh,case_study,tap-doan,,nguon-ben-ngoai|nguon-tran-manh-hung|khac-biet-hoa|chien-luoc-truyen-thong,cao,,g1
6ab73d38b43e7b02a2eab66d,"Lập ngân sách marketing: chia đều 12 tháng, tăng giảm theo mùa vụ, và trước hết phải đảm bảo công ty không lỗ",tai-chinh.ngan-sach-ke-hoach|marketing.chien-luoc-thuong-hieu,framework,nguon-ben-ngoai|tran-manh-hung|ngan-sach-marketing|ke-hoach-marketing|phan-bo-ngan-sach,1.1.1,Kế hoạch & ngân sách marketing,3.1.4,thiet-ke,framework,tap-doan,,nguon-ben-ngoai|nguon-tran-manh-hung|ngan-sach-marketing|ke-hoach-marketing|phan-bo-ngan-sach,cao,Ngoài mảng 3: ngân sách marketing thuộc 1.1.1 theo cây mới; phương án giữ tài chính: 3.1.4.,g3
6ab73d3ab43e7b02a2eab66e,"Xây thương hiệu ngay từ đầu, không chờ lớn hay chờ quảng cáo hết hiệu quả mới làm",marketing.chien-luoc-thuong-hieu|marketing.quang-cao-tra-phi,insight,nguon-ben-ngoai|tran-manh-hung|xay-dung-thuong-hieu|ngan-sach-marketing|sme,1.1.1,Kế hoạch & ngân sách marketing,1.1.3,dieu-hanh,insight,tap-doan,,nguon-ben-ngoai|nguon-tran-manh-hung|xay-dung-thuong-hieu|ngan-sach-marketing|sme,cao,,g1
6ab73d73b43e7b02a2eab67c,Mô hình FCB: chia sản phẩm theo trục Lý trí–Cảm xúc để lập kế hoạch truyền thông dài hạn,marketing.chien-luoc-thuong-hieu,framework,nguon-ben-ngoai|tran-manh-hung|mo-hinh-fcb|ke-hoach-truyen-thong,1.1.1,Kế hoạch & ngân sách marketing,,thiet-ke,framework,tap-doan,,nguon-ben-ngoai|nguon-tran-manh-hung|mo-hinh-fcb|ke-hoach-truyen-thong,cao,,g1
6ab73d8bb43e7b02a2eab682,"Ba khái niệm cốt lõi trong truyền thông: độ phủ, độ lọc tệp và tần suất lặp lại",marketing.chien-luoc-thuong-hieu,concept,nguon-ben-ngoai|tran-manh-hung|do-phu|tan-suat-quang-cao,1.1.1,Kế hoạch & ngân sách marketing,,nhap-mon,concept,tap-doan,,nguon-ben-ngoai|nguon-tran-manh-hung|do-phu|tan-suat-quang-cao,cao,,g1
6ab4ba65b1c921b0a784dc28,"Thương hiệu cá nhân bán hàng thay sản phẩm: công ty nên giúp sales xây thương hiệu, lãnh đạo phải có uy trước chính đội mình",marketing.chien-luoc-thuong-hieu|ban-hang-cskh.ky-nang-ban-hang|nhan-su-quan-tri.lanh-dao-quan-ly-doi-ngu,insight,thuong-hieu-ca-nhan|uy-lanh-dao|mang-xa-hoi|nguon-ben-ngoai|do-xuan-tung,1.1.2,Định vị & thông điệp,2.1.4|5.4.1,dieu-hanh,insight,tap-doan,,nguon-ben-ngoai|nguon-do-xuan-tung|thuong-hieu-ca-nhan|uy-lanh-dao|mang-xa-hoi,thap,Nhân hiệu của sales và lãnh đạo; có thể 2.1.4 hoặc 5.4.1,g1
6ab69c43f3ad31ef11df0b99,Tầm nhìn – sứ mệnh – giá trị cốt lõi – triết lý: 4 tầng bộ giá trị vô hình và cách xây dựng đúng,marketing.chien-luoc-thuong-hieu|nhan-su-quan-tri.van-hoa-doanh-nghiep,concept,nguon-ben-ngoai|tran-manh-hung|tam-nhin-su-menh|gia-tri-cot-loi|xay-dung-thuong-hieu,1.1.2,Định vị & thông điệp,5.5.1,thiet-ke,concept,tap-doan,,nguon-ben-ngoai|nguon-tran-manh-hung|tam-nhin-su-menh|gia-tri-cot-loi|xay-dung-thuong-hieu,thap,Bộ giá trị vô hình của thương hiệu; có thể 5.5.1 (giá trị cốt lõi) hoặc 1.1.3,g1
6ab69d7cf3ad31ef11df0bd7,Chiến lược là lược bỏ: 3 chiến lược kinh doanh lớn và nguyên tắc từ chối khách hàng không phù hợp,marketing.chien-luoc-thuong-hieu|ban-hang-cskh.cham-soc-khach-hang,framework,nguon-ben-ngoai|tran-manh-hung|chien-luoc-kinh-doanh|khach-hang-muc-tieu,1.1.2,Định vị & thông điệp,5.1.1,dieu-hanh,framework,tap-doan,,nguon-ben-ngoai|nguon-tran-manh-hung|chien-luoc-kinh-doanh|khach-hang-muc-tieu,thap,Chiến lược cạnh tranh & vị trí chiến lược marketing; có thể 5.1.1,g1
6ab69e04f3ad31ef11df0bef,"USP đủ mạnh khiến sản phẩm tự bán được nó, đỉnh cao là khiến khách hàng chủ động khao khát sở hữu",marketing.chien-luoc-thuong-hieu|marketing.tam-ly-khach-hang,concept,nguon-ben-ngoai|tran-manh-hung|usp|gia-tri-thuong-hieu|tam-ly-khach-hang,1.1.2,Định vị & thông điệp,,nhap-mon,concept,tap-doan,,nguon-ben-ngoai|nguon-tran-manh-hung|usp|gia-tri-thuong-hieu,cao,,g1
6ab69e34f3ad31ef11df0bf9,"Người tiên phong ngành ô tô Việt Nam (Chiến Thắng, Vinasuki, Thaco) chưa chắc là người dẫn đầu",marketing.nghien-cuu-thi-truong-doi-thu,case_study,nguon-ben-ngoai|tran-manh-hung|thi-phan|chien-luoc-nguoi-dan-dau|nganh-o-to,1.1.2,Định vị & thông điệp,1.2.4,dieu-hanh,case_study,tap-doan,,nguon-ben-ngoai|nguon-tran-manh-hung|thi-phan|chien-luoc-nguoi-dan-dau|nganh-o-to,cao,,g1
6ab69ec4f3ad31ef11df0c16,Bản chất thương hiệu là sự khác biệt: nguyên tắc Khác - Đúng - Đẹp khi xây dựng thương hiệu,marketing.chien-luoc-thuong-hieu,concept,nguon-ben-ngoai|tran-manh-hung|dinh-vi-thuong-hieu|xay-dung-thuong-hieu|khac-biet-hoa,1.1.2,Định vị & thông điệp,,nhap-mon,concept,tap-doan,,nguon-ben-ngoai|nguon-tran-manh-hung|dinh-vi-thuong-hieu|xay-dung-thuong-hieu|khac-biet-hoa,cao,,g1
6ab69edbf3ad31ef11df0c19,"Định vị thương hiệu là bản thiết kế, xây dựng thương hiệu là quá trình thi công lâu dài - không cần chọn phương án hoàn hảo",marketing.chien-luoc-thuong-hieu,concept,nguon-ben-ngoai|tran-manh-hung|dinh-vi-thuong-hieu|xay-dung-thuong-hieu,1.1.2,Định vị & thông điệp,,nhap-mon,concept,tap-doan,,nguon-ben-ngoai|nguon-tran-manh-hung|dinh-vi-thuong-hieu|xay-dung-thuong-hieu,cao,,g1
6ab69eeef3ad31ef11df0c1d,Tính cách thương hiệu (archetype) phải rõ nét và nhất quán - chọn ít mẫu tính cách hiệu quả hơn ôm đồm nhiều mẫu,marketing.chien-luoc-thuong-hieu,framework,nguon-ben-ngoai|tran-manh-hung|tinh-cach-thuong-hieu|brand-archetype|xay-dung-thuong-hieu,1.1.2,Định vị & thông điệp,,thiet-ke,framework,tap-doan,,nguon-ben-ngoai|nguon-tran-manh-hung|tinh-cach-thuong-hieu|brand-archetype|xay-dung-thuong-hieu,cao,,g1
6ab69f08f3ad31ef11df0c25,"Nhân hiệu và thương hiệu là hai mảnh ghép bổ trợ nhau: tổ chức nhỏ nên để nhân hiệu dẫn đường, phát triển tham vọng theo từng cấp",marketing.chien-luoc-thuong-hieu,insight,nguon-ben-ngoai|tran-manh-hung|nhan-hieu|xay-dung-thuong-hieu|phat-trien-quy-mo,1.1.2,Định vị & thông điệp,,dieu-hanh,insight,tap-doan,,nguon-ben-ngoai|nguon-tran-manh-hung|nhan-hieu|xay-dung-thuong-hieu|phat-trien-quy-mo,cao,,g1
6ab70052f3ad31ef11df0e1e,Sai lầm xây brand: đầu tư hình ảnh/quảng cáo bóng bẩy mà bỏ qua trải nghiệm sản phẩm thực tế và giá trị cốt lõi,marketing.chien-luoc-thuong-hieu,lesson,nguon-ben-ngoai|the-hoang-work|xay-dung-thuong-hieu|trai-nghiem-san-pham|cham-soc-khach-hang,1.1.2,Định vị & thông điệp,,dieu-hanh,lesson,tap-doan,,nguon-ben-ngoai|nguon-the-hoang-work|xay-dung-thuong-hieu|trai-nghiem-san-pham,cao,,g1
6ab73d0fb43e7b02a2eab669,"Vietjet định vị ""ai cũng có thể bay"" bằng giá trị nhân văn, còn BMW xây ""driving"" từ trải nghiệm lái thật",marketing.chien-luoc-thuong-hieu,case_study,nguon-ben-ngoai|tran-manh-hung|dinh-vi-thuong-hieu|trai-nghiem-khach-hang,1.1.2,Định vị & thông điệp,,thiet-ke,case_study,tap-doan,,nguon-ben-ngoai|nguon-tran-manh-hung|dinh-vi-thuong-hieu|trai-nghiem-khach-hang,cao,,g1
6ab73d59b43e7b02a2eab676,"Ở phân khúc bình dân, khác biệt qua dịch vụ đi kèm và đồng bộ giá – hình ảnh – khách hàng",marketing.chien-luoc-thuong-hieu|marketing.chan-dung-khach-hang,insight,nguon-ben-ngoai|tran-manh-hung|usp-dich-vu|phan-khuc-binh-dan|trai-nghiem-khach-hang,1.1.2,Định vị & thông điệp,,dieu-hanh,insight,tap-doan,,nguon-ben-ngoai|nguon-tran-manh-hung|usp-dich-vu|phan-khuc-binh-dan|trai-nghiem-khach-hang,cao,,g1
6ab73d5db43e7b02a2eab677,"Ba chiến lược cạnh tranh khác biệt hóa, chi phí thấp, tốc độ nhanh: hiếm doanh nghiệp đạt được cả ba (case Sapo)",marketing.nghien-cuu-thi-truong-doi-thu|marketing.chien-luoc-thuong-hieu,framework,nguon-ben-ngoai|tran-manh-hung|chien-luoc-canh-tranh|dinh-vi-thuong-hieu,1.1.2,Định vị & thông điệp,5.1.1,thiet-ke,framework,tap-doan,,nguon-ben-ngoai|nguon-tran-manh-hung|chien-luoc-canh-tranh|dinh-vi-thuong-hieu,thap,Chiến lược cạnh tranh cấp doanh nghiệp (Porter) — có thể 5.1.1,g1
6ab73d75b43e7b02a2eab67d,"Đối đầu trực diện chỉ nên khi tương xứng tầm: BPhone so với Apple thất bại, Audi–BMW đấu ngang sức thành công",marketing.nghien-cuu-thi-truong-doi-thu,case_study,nguon-ben-ngoai|tran-manh-hung|chien-luoc-canh-tranh|phan-khuc-khach-hang,1.1.2,Định vị & thông điệp,1.2.4,thiet-ke,case_study,tap-doan,,nguon-ben-ngoai|nguon-tran-manh-hung|chien-luoc-canh-tranh|phan-khuc-khach-hang,thap,Nội dung là chiến lược định vị so với đối thủ; có thể giữ 1.2.4 theo nhánh cũ,g1
6ab73d8bb43e7b02a2eab683,"Định vị bằng một keyword cốt lõi đúng insight khách hàng, lặp lại nhất quán để não bộ ghi nhớ",marketing.chien-luoc-thuong-hieu|marketing.chan-dung-khach-hang,framework,nguon-ben-ngoai|tran-manh-hung|dinh-vi-thuong-hieu|thong-diep-truyen-thong,1.1.2,Định vị & thông điệp,,thiet-ke,framework,tap-doan,,nguon-ben-ngoai|nguon-tran-manh-hung|dinh-vi-thuong-hieu|thong-diep-truyen-thong,cao,,g1
6ab73da4b43e7b02a2eab689,"Định vị tâm trí: thương hiệu được nhớ đến trước quan trọng hơn sinh ra trước – case VinFast, Taco, Honda",marketing.chien-luoc-thuong-hieu,case_study,nguon-ben-ngoai|tran-manh-hung|dinh-vi-thuong-hieu|brand-extension,1.1.2,Định vị & thông điệp,,thiet-ke,case_study,tap-doan,,nguon-ben-ngoai|nguon-tran-manh-hung|dinh-vi-thuong-hieu|brand-extension,cao,,g1
6ab4b90eb1c921b0a784dbd5,"Đặt tên gara để phát triển lâu dài: thuần Việt, khác biệt để đăng ký bảo hộ, dễ gọi qua điện thoại",marketing.chien-luoc-thuong-hieu|nganh-o-to.dich-vu-garage,framework,dat-ten-thuong-hieu|nhan-hieu|mo-gara|nguon-ben-ngoai|goc-gara,1.1.3,Nhận diện & tài sản thương hiệu,0.3.4,thiet-ke,framework,vcservice,,nguon-ben-ngoai|nguon-goc-gara|dat-ten-thuong-hieu|nhan-hieu|mo-gara,cao,,g1
6ab4b93fb1c921b0a784dbdb,"Bộ nhận diện thương hiệu đồng nhất cho gara, trung tâm chăm sóc xe: từ logo đến bảng giá, biển quy trình",marketing.chien-luoc-thuong-hieu|nganh-o-to.dich-vu-garage,framework,nhan-dien-thuong-hieu|cham-soc-xe|nhuong-quyen|bang-gia|nguon-ben-ngoai|goc-gara,1.1.3,Nhận diện & tài sản thương hiệu,0.3.1,thiet-ke,framework,vcservice,,nguon-ben-ngoai|nguon-goc-gara|nhan-dien-thuong-hieu|cham-soc-xe|nhuong-quyen|bang-gia,cao,,g1
6ab70021f3ad31ef11df0e1b,"Bao bì sản phẩm đẹp là yếu tố tiếp cận và giữ khách ngang chất lượng, đồng thời là lý do chính đáng để nâng giá bán",marketing.chien-luoc-thuong-hieu,insight,nguon-ben-ngoai|the-hoang-work|bao-bi-san-pham|chien-luoc-gia|thuong-hieu,1.1.3,Nhận diện & tài sản thương hiệu,2.5.1,dieu-hanh,insight,vcpart,,nguon-ben-ngoai|nguon-the-hoang-work|bao-bi-san-pham|dinh-gia|thuong-hieu,thap,Bao bì như tài sản thương hiệu; có thể 1.4.4 (thiết kế & hình ảnh),g1
6ab4ad78b1c921b0a784dbc0,"Marketing B2B: 4 trụ cột, kênh hiệu quả và vai trò thật của content",marketing.chien-luoc-thuong-hieu|ban-hang-cskh.kenh-phan-phoi|ban-hang-cskh.ky-nang-ban-hang,framework,b2b|lead-generation|sale-enablement|chuyen-mar|nguon-ben-ngoai,1.1.4,Marketing B2B cho gara & đại lý,1.3.6|2.2.1,thiet-ke,framework,tap-doan,,nguon-chuyen-mar|nguon-ben-ngoai|b2b|lead-generation|sale-enablement,cao,,g1
6ab4b912b1c921b0a784dbd6,Lịch mùa vụ gara: 3 thời điểm vắng khách trong năm và chiến dịch chạy trước để bù doanh thu,nganh-o-to.dich-vu-garage|marketing.chien-luoc-thuong-hieu|tai-chinh.ngan-sach-ke-hoach,framework,mua-vu|khuyen-mai|ke-hoach-marketing|nguon-ben-ngoai|goc-gara,1.1.4,Marketing B2B cho gara & đại lý,1.1.1|0.3.1,thiet-ke,framework,vcservice,,nguon-ben-ngoai|nguon-goc-gara|mua-vu|khuyen-mai|ke-hoach-marketing,thap,Marketing của chính gara; có thể 1.1.1 (kế hoạch marketing) hoặc 0.3.1,g6
6ab4b924b1c921b0a784dbd8,"Thoát ""bẫy chi phí quảng cáo"" của gara: dành 20–30% ngân sách cho thương hiệu và khai thác kênh miễn phí",marketing.quang-cao-tra-phi|marketing.chien-luoc-thuong-hieu|nganh-o-to.dich-vu-garage,framework,ngan-sach-marketing|bay-chi-phi|thuong-hieu|khach-cu|nguon-ben-ngoai|goc-gara,1.1.4,Marketing B2B cho gara & đại lý,1.1.1|1.3.2,dieu-hanh,framework,vcservice,,nguon-ben-ngoai|nguon-goc-gara|ngan-sach-marketing|bay-chi-phi|thuong-hieu|khach-cu,cao,,g1
6ab4b928b1c921b0a784dbd9,"Marketing gara theo hỗn hợp 7P dịch vụ, không chỉ là chạy online",marketing.chien-luoc-thuong-hieu|nganh-o-to.dich-vu-garage,framework,7p|marketing-mix|marketing-dich-vu|nguon-ben-ngoai|goc-gara,1.1.4,Marketing B2B cho gara & đại lý,0.3.1,thiet-ke,framework,vcservice,,nguon-ben-ngoai|nguon-goc-gara|7p|marketing-mix|marketing-dich-vu,cao,,g1
6ab4ad31b1c921b0a784dbbb,"Marketing chịu trách nhiệm gì với doanh thu: cam kết theo từng tầng phễu, đo chung với sale",marketing.chien-luoc-thuong-hieu|nhan-su-quan-tri.lanh-dao-quan-ly-doi-ngu,insight,kpi|doanh-thu|pheu-ban-hang|chuyen-mar|nguon-ben-ngoai,1.1.5,Đo lường hiệu quả marketing tổng thể,5.3.1,dieu-hanh,insight,tap-doan,,nguon-chuyen-mar|nguon-ben-ngoai|kpi|doanh-thu|pheu-ban-hang,cao,,g1
6ab73d51b43e7b02a2eab674,"Đánh giá hiệu quả marketing: lập kế hoạch tỷ lệ ngân sách trước, lấy doanh thu làm mốc, bỏ chỉ số phụ",tai-chinh.phan-tich-tai-chinh|tai-chinh.ngan-sach-ke-hoach,insight,nguon-ben-ngoai|tran-manh-hung|do-luong-marketing|kpi-marketing|ke-toan-quan-tri,1.1.5,Đo lường hiệu quả marketing tổng thể,3.3.2,dieu-hanh,insight,tap-doan,,nguon-ben-ngoai|nguon-tran-manh-hung|do-luong-marketing|kpi-marketing,thap,Ngoài mảng 3: nội dung là đo lường marketing; nếu muốn giữ trong tài chính thì 3.3.2.,g3
6ab69d17f3ad31ef11df0bc5,"Marketing mix 4P: vấn đề ở P sau luôn bắt nguồn từ nguyên nhân ở P trước, đừng vội giảm giá hay đổ tiền quảng cáo",marketing.chien-luoc-thuong-hieu,framework,nguon-ben-ngoai|tran-manh-hung|marketing-mix-4p|quan-tri-gia|sut-giam-doanh-thu,1.1.6,Sản phẩm & danh mục marketing (4P),2.3.1,dieu-hanh,framework,tap-doan,,nguon-ben-ngoai|nguon-tran-manh-hung|marketing-mix-4p|quan-tri-gia|sut-giam-doanh-thu,cao,Quyết định A2: node mới 1.1.6,g1
6ab69db7f3ad31ef11df0be0,"Mô hình 5 cấp độ sản phẩm: từ lợi ích cốt lõi đến sản phẩm bổ sung, nền tảng để hiểu và cải tiến sản phẩm",marketing.chien-luoc-thuong-hieu,framework,nguon-ben-ngoai|tran-manh-hung|quan-tri-san-pham|5-cap-do-san-pham,1.1.6,Sản phẩm & danh mục marketing (4P),0.5,thiet-ke,framework,tap-doan,,nguon-ben-ngoai|nguon-tran-manh-hung|quan-tri-san-pham|5-cap-do-san-pham,thap,Quản trị sản phẩm (P1) — cây mới không có node riêng; có thể 5.1.2 hoặc 0.5 | Quyết định A2: node mới 1.1.6,g1
6ab73d5fb43e7b02a2eab678,Sản phẩm là bất cứ thứ gì tạo ra và có giá bán: sắp xếp thứ tự bán trước-sau và không bỏ sản phẩm cũ miễn còn lãi,marketing.chien-luoc-thuong-hieu|tai-chinh.quan-tri-dong-tien,framework,nguon-ben-ngoai|tran-manh-hung|danh-muc-san-pham|pheu-ban-hang|quan-tri-loi-nhuan,1.1.6,Sản phẩm & danh mục marketing (4P),6.1.2,thiet-ke,framework,tap-doan,,nguon-ben-ngoai|nguon-tran-manh-hung|danh-muc-san-pham|pheu-ban-hang|quan-tri-loi-nhuan,thap,Chiến lược danh mục sản phẩm (4P); cây mới không có node riêng — có thể 5.1.2 hoặc 6.1.2 | Quyết định A2: node mới 1.1.6,g1
6ab4b922b1c921b0a784dbd7,"Phân nhóm khách VIP của gara theo giá trị sửa chữa và mức sẵn sàng chi, không theo loại xe",marketing.chan-dung-khach-hang|ban-hang-cskh.cham-soc-khach-hang|nganh-o-to.dich-vu-garage,insight,khach-hang-vip|phan-nhom-khach-hang|thai-do-phuc-vu|nguon-ben-ngoai|goc-gara,1.2.1,Chân dung & phân khúc,2.6.4|0.3.1,thiet-ke,insight,vcservice,,nguon-ben-ngoai|nguon-goc-gara|khach-hang-vip|phan-nhom-khach-hang|thai-do-phuc-vu,cao,,g1
6ab69aa0f3ad31ef11df0b73,Case Old Spice: đổi đối tượng mục tiêu sang phụ nữ (người mua hộ) giúp doanh số bật tăng đột biến,marketing.chien-luoc-thuong-hieu,case_study,nguon-ben-ngoai|mentor-ha-nguyen|case-study-marketing|doi-tuong-khach-hang|chien-luoc-thuong-hieu,1.2.1,Chân dung & phân khúc,1.1.2,dieu-hanh,case_study,tap-doan,,nguon-ben-ngoai|nguon-mentor-ha-nguyen|case-study-marketing|doi-tuong-khach-hang,cao,,g1
6ab69ccff3ad31ef11df0bb7,"Áp dụng tư duy marketing lấy khách hàng làm trọng tâm vào doanh nghiệp đã có sản phẩm: cải tiến từng phần, không đập đi làm lại",marketing.chien-luoc-thuong-hieu,lesson,nguon-ben-ngoai|tran-manh-hung|tu-duy-marketing|chan-dung-khach-hang|chien-luoc-kinh-doanh,1.2.1,Chân dung & phân khúc,1.1.1,dieu-hanh,lesson,tap-doan,,nguon-ben-ngoai|nguon-tran-manh-hung|tu-duy-marketing|chien-luoc-kinh-doanh,thap,Suy ngược chân dung khách từ dữ liệu cũ; có thể 1.1 (tư duy marketing tổng thể),g1
6ab69e16f3ad31ef11df0bf2,"Chiến lược STP: chia nhỏ thị trường, chọn đúng khúc theo nguồn lực, tuyên bố lời hứa giá trị riêng",marketing.chan-dung-khach-hang|marketing.nghien-cuu-thi-truong-doi-thu,framework,nguon-ben-ngoai|tran-manh-hung|chien-luoc-stp|phan-doan-thi-truong|chan-dung-khach-hang,1.2.1,Chân dung & phân khúc,1.1.2,thiet-ke,framework,tap-doan,,nguon-ben-ngoai|nguon-tran-manh-hung|chien-luoc-stp|phan-doan-thi-truong,cao,,g1
6ab69e2df3ad31ef11df0bf6,"Khách hàng mục tiêu là người tiêu dùng sản phẩm, khác trung gian phân phối và các vai trò khác trong quyết định mua",marketing.chan-dung-khach-hang|ban-hang-cskh.kenh-phan-phoi,concept,nguon-ben-ngoai|tran-manh-hung|khach-hang-muc-tieu|kenh-phan-phoi|ban-hang-b2b,1.2.1,Chân dung & phân khúc,1.2.3,nhap-mon,concept,tap-doan,,nguon-ben-ngoai|nguon-tran-manh-hung|khach-hang-muc-tieu|ban-hang-b2b,cao,,g1
6ab6ff77f3ad31ef11df0e13,"3 nguyên nhân khiến shop TMĐT thất bại: không hiểu khách, không hiểu sản phẩm, làm nội dung/test hời hợt",marketing.chan-dung-khach-hang,framework,nguon-ben-ngoai|the-hoang-work|chan-dung-khach-hang|insight-khach-hang|content-tiktok,1.2.1,Chân dung & phân khúc,2.5.1,dieu-hanh,framework,vcpart,,nguon-ben-ngoai|nguon-the-hoang-work|insight-khach-hang|content-tiktok,cao,,g1
6ab73d25b43e7b02a2eab66b,"Định nghĩa khách hàng mục tiêu hẹp, đo được để tập trung nguồn lực, thay vì lo thiếu khách",marketing.chan-dung-khach-hang,framework,nguon-ben-ngoai|tran-manh-hung|chan-dung-khach-hang|phan-khuc-thi-truong|quan-ly-nguon-luc,1.2.1,Chân dung & phân khúc,,thiet-ke,framework,tap-doan,,nguon-ben-ngoai|nguon-tran-manh-hung|phan-khuc-thi-truong|quan-ly-nguon-luc,cao,,g1
6ab69a1bf3ad31ef11df0b50,"Hành trình khách hàng và ""bẫy digital"": vì sao có follower vẫn không bán được hàng",marketing.video-ngan-tiktok|marketing.noi-dung-mang-xa-hoi,framework,nguon-ben-ngoai|duy-muoi|hanh-trinh-khach-hang|thuat-toan-phan-phoi|content-marketing,1.2.2,Hành trình khách hàng & điểm chạm,1.3.4,thiet-ke,framework,tap-doan,,nguon-ben-ngoai|nguon-duy-muoi|hanh-trinh-khach-hang|thuat-toan-phan-phoi|content-marketing,cao,,g1
6ab69e4cf3ad31ef11df0bfd,"Phễu nhận thức khách hàng: mỗi tầng cần nội dung riêng, đo chỉ số từ view đến tận cơ hội bán hàng",marketing.chan-dung-khach-hang|marketing.tam-ly-khach-hang,framework,nguon-ben-ngoai|tran-manh-hung|phieu-nhan-thuc|hanh-trinh-khach-hang|chi-so-marketing,1.2.2,Hành trình khách hàng & điểm chạm,1.1.5,thiet-ke,framework,tap-doan,,nguon-ben-ngoai|nguon-tran-manh-hung|phieu-nhan-thuc|hanh-trinh-khach-hang|chi-so-marketing,cao,,g1
6ab4ad62b1c921b0a784dbbf,B2B: người ra quyết định thường xuống tiền theo đề xuất của nhân viên dùng giải pháp — hãy nhắm cả người dùng,marketing.chan-dung-khach-hang|ban-hang-cskh.ky-nang-ban-hang,insight,b2b|nguoi-ra-quyet-dinh|insight|chuyen-mar|nguon-ben-ngoai,1.2.3,Tâm lý & hành vi mua,1.1.4,thiet-ke,insight,tap-doan,,nguon-chuyen-mar|nguon-ben-ngoai|b2b|nguoi-ra-quyet-dinh|insight,cao,,g1
6ab4b9e0b1c921b0a784dc02,"Giá trị do khách cảm nhận quyết định việc mua: sản phẩm tốt chưa chắc bán chạy, lời chê của khách chưa chắc là thật",marketing.tam-ly-khach-hang|ban-hang-cskh.dam-phan,insight,gia-tri-cam-nhan|dinh-gia|ep-gia|nguon-ben-ngoai|do-xuan-tung,1.2.3,Tâm lý & hành vi mua,2.3.3,dieu-hanh,insight,vcpart,,nguon-ben-ngoai|nguon-do-xuan-tung|gia-tri-cam-nhan|dinh-gia|ep-gia,cao,,g1
6ab4bb42b1c921b0a784dc61,"Đọc vị khách hàng: quan sát dấu hiệu ngay từ đầu, nghe cách dùng từ, theo dõi nét mặt – và phỏng vấn khách cũ để biết vì sao họ mua",marketing.tam-ly-khach-hang|ban-hang-cskh.ky-nang-ban-hang|marketing.chan-dung-khach-hang,framework,doc-vi-khach-hang|tam-ly-hoc-hanh-vi|insight-khach-hang|nguon-ben-ngoai|do-xuan-tung,1.2.3,Tâm lý & hành vi mua,2.2.2|1.2.5,thuc-thi,framework,vcpart,,nguon-ben-ngoai|nguon-do-xuan-tung|doc-vi-khach-hang|tam-ly-hoc-hanh-vi|insight-khach-hang,cao,,g1
6ab4bb61b1c921b0a784dc68,"Khen theo hệ giá trị của từng người – và lời khen ""đóng khung"" hành vi người nghe",marketing.tam-ly-khach-hang|ban-hang-cskh.ky-nang-ban-hang,concept,ky-nang-khen|he-gia-tri|tam-ly-khach-hang|nguon-ben-ngoai|do-xuan-tung,1.2.3,Tâm lý & hành vi mua,2.2.2,thuc-thi,concept,vcpart,,nguon-ben-ngoai|nguon-do-xuan-tung|ky-nang-khen|he-gia-tri,cao,,g1
6ab69e91f3ad31ef11df0c0b,"Tháp nhu cầu Maslow: 5 bậc nhu cầu giống nhau ở mọi người, thỏa mãn một phần bậc dưới thì mới nảy sinh nhận thức bậc trên",marketing.tam-ly-khach-hang,framework,nguon-ben-ngoai|tran-manh-hung|thap-nhu-cau-maslow|hanh-vi-mua|tam-ly-khach-hang,1.2.3,Tâm lý & hành vi mua,,nhap-mon,framework,tap-doan,,nguon-ben-ngoai|nguon-tran-manh-hung|thap-nhu-cau-maslow|hanh-vi-mua,cao,,g1
6ab69ea8f3ad31ef11df0c10,"Case KFC bản địa hóa tại Việt Nam: thêm cơm, cá rán - bài học điều chỉnh sản phẩm theo khẩu vị vùng miền để bán được số đông",marketing.tam-ly-khach-hang,case_study,nguon-ben-ngoai|tran-manh-hung|dia-phuong-hoa|ban-hang-so-dong|hanh-vi-mua,1.2.3,Tâm lý & hành vi mua,,dieu-hanh,case_study,tap-doan,,nguon-ben-ngoai|nguon-tran-manh-hung|dia-phuong-hoa|ban-hang-so-dong|hanh-vi-mua,cao,,g1
6ab6a32cf3ad31ef11df0c70,"Vì sao ""mua 300 tặng 100"" khiến khách cảm thấy hời hơn giảm giá trực tiếp 25%",marketing.tam-ly-khach-hang,concept,nguon-ben-ngoai|goc-ghe-hang-a|khuyen-mai|tam-ly-khach-hang|marketing,1.2.3,Tâm lý & hành vi mua,1.5.1,nhap-mon,concept,tap-doan,,nguon-ben-ngoai|nguon-goc-ghe-hang-a|khuyen-mai,cao,,g1
6ab6fba3f3ad31ef11df0dc8,"4 yếu tố tâm lý khiến khách xuống tiền: tò mò, giá tốt, lợi ích sản phẩm, sự thay đổi",marketing.tam-ly-khach-hang,concept,nguon-ben-ngoai|the-hoang-work|tam-ly-khach-hang|content-ban-hang|chien-luoc-san-pham,1.2.3,Tâm lý & hành vi mua,,nhap-mon,concept,vcpart,,nguon-ben-ngoai|nguon-the-hoang-work|content-ban-hang|chien-luoc-san-pham,cao,,g1
6ab6ffe4f3ad31ef11df0e18,"Khách TikTok mua theo cảm xúc từ video/livestream, không so sánh giá qua lại như trên Shopee nên giảm giá sâu không phải chìa khóa",marketing.tam-ly-khach-hang|marketing.nghien-cuu-thi-truong-doi-thu,insight,nguon-ben-ngoai|the-hoang-work|hanh-vi-khach-hang|dinh-gia|tiktok-vs-shopee,1.2.3,Tâm lý & hành vi mua,2.5.1,dieu-hanh,insight,vcpart,qt.san-tmdt.a,nguon-ben-ngoai|nguon-the-hoang-work|hanh-vi-khach-hang|dinh-gia|tiktok-vs-shopee,cao,,g1
6ab73d0ab43e7b02a2eab667,Hiệu ứng liên tưởng khi đặt sản phẩm cạnh KOL/KOC vẫn đúng về tâm lý nhưng mức tác động đã giảm mạnh vì niềm tin bị xói mòn,marketing.quang-cao-tra-phi,insight,nguon-ben-ngoai|tran-manh-hung|kol-koc|niem-tin-khach-hang|quang-cao,1.2.3,Tâm lý & hành vi mua,1.3.2,dieu-hanh,insight,tap-doan,,nguon-ben-ngoai|nguon-tran-manh-hung|kol-koc|niem-tin-khach-hang|quang-cao,thap,Bản chất là tâm lý khách hàng với KOL; có thể 1.3.2 nếu xem là quyết định booking KOL,g1
6ab73d37b43e7b02a2eab66c,"Khách hàng B2B (nhà máy, đối tác doanh nghiệp) ra quyết định mua qua thẩm định lý trí, không chạy theo viral như khách cá nhân",marketing.chan-dung-khach-hang,insight,nguon-ben-ngoai|tran-manh-hung|khach-hang-b2b|ra-quyet-dinh-mua|thong-diep-truyen-thong,1.2.3,Tâm lý & hành vi mua,1.1.4,thiet-ke,insight,tap-doan,,nguon-ben-ngoai|nguon-tran-manh-hung|khach-hang-b2b|ra-quyet-dinh-mua|thong-diep-truyen-thong,cao,,g1
6ab73d4eb43e7b02a2eab672,"Không thể ""giáo dục khách hàng"": doanh nghiệp nhỏ nên thuận theo nhận thức và tâm lý số đông thay vì cố thay đổi nó",marketing.tam-ly-khach-hang,insight,nguon-ben-ngoai|tran-manh-hung|tam-ly-khach-hang|nhan-thuc-thi-truong|chien-luoc-marketing,1.2.3,Tâm lý & hành vi mua,,dieu-hanh,insight,tap-doan,,nguon-ben-ngoai|nguon-tran-manh-hung|nhan-thuc-thi-truong|chien-luoc-marketing,cao,,g1
6ab4ad10b1c921b0a784dbb9,"Bộ công cụ research marketing theo 5 nhóm (xu hướng, nội dung viral, đối thủ, social listening, dữ liệu ngành)",marketing.nghien-cuu-thi-truong-doi-thu|cong-nghe-chuyen-doi-so.du-lieu-phan-tich,framework,research|cong-cu|social-listening|chuyen-mar|nguon-ben-ngoai,1.2.4,Nghiên cứu thị trường & đối thủ,,thuc-thi,framework,tap-doan,,nguon-chuyen-mar|nguon-ben-ngoai|research|cong-cu|social-listening,cao,,g1
6ab4ad1cb1c921b0a784dbba,"Research bắt đầu từ câu hỏi và giả thuyết, kết thúc bằng đề xuất content — không phải danh sách số liệu",marketing.nghien-cuu-thi-truong-doi-thu,lesson,research|insight|gia-thuyet|chuyen-mar|nguon-ben-ngoai,1.2.4,Nghiên cứu thị trường & đối thủ,1.4.1,thuc-thi,lesson,tap-doan,,nguon-chuyen-mar|nguon-ben-ngoai|research|insight|gia-thuyet,cao,,g1
6ab4ba80b1c921b0a784dc2f,"Phân loại đối thủ trực tiếp và gián tiếp bằng tỷ lệ ""va chạm"" khi gặp khách (ngưỡng 50%)",marketing.nghien-cuu-thi-truong-doi-thu|ban-hang-cskh.ky-nang-ban-hang,framework,doi-thu-canh-tranh|phan-tich-thi-truong|nguon-ben-ngoai|do-xuan-tung,1.2.4,Nghiên cứu thị trường & đối thủ,,van-hanh,framework,vcpart,,nguon-ben-ngoai|nguon-do-xuan-tung|doi-thu-canh-tranh|phan-tich-thi-truong,cao,,g1
6ab4ba9cb1c921b0a784dc36,"Học nhanh nhất từ đối thủ: tìm ra họ chê mình điểm gì, sửa, rồi chủ động nói trước với khách",marketing.nghien-cuu-thi-truong-doi-thu|ban-hang-cskh.ky-nang-ban-hang,lesson,doi-thu-canh-tranh|xu-ly-tu-choi|khach-an-danh|nguon-ben-ngoai|do-xuan-tung,1.2.4,Nghiên cứu thị trường & đối thủ,2.2.4,van-hanh,lesson,vcpart,,nguon-ben-ngoai|nguon-do-xuan-tung|doi-thu-canh-tranh|xu-ly-tu-choi|khach-an-danh,cao,,g1
6ab69da7f3ad31ef11df0bde,"Mô hình 3 tầng môi trường: vĩ mô, ngành, vi mô — doanh nghiệp nhỏ chỉ kiểm soát được tầng trong cùng",marketing.nghien-cuu-thi-truong-doi-thu,framework,nguon-ben-ngoai|tran-manh-hung|moi-truong-vi-mo|chien-luoc-kinh-doanh,1.2.4,Nghiên cứu thị trường & đối thủ,5.1.1,thiet-ke,framework,tap-doan,,nguon-ben-ngoai|nguon-tran-manh-hung|moi-truong-vi-mo|chien-luoc-kinh-doanh,cao,,g1
6ab69e02f3ad31ef11df0bee,Tìm đại dương xanh và thị trường ngách cho SME: case Sunhouse trên Amazon và FX Suzuki vs Exciter,marketing.nghien-cuu-thi-truong-doi-thu,case_study,nguon-ben-ngoai|tran-manh-hung|dai-duong-xanh|thi-truong-ngach|phan-khuc-thi-truong,1.2.4,Nghiên cứu thị trường & đối thủ,5.1.2,dieu-hanh,case_study,tap-doan,,nguon-ben-ngoai|nguon-tran-manh-hung|dai-duong-xanh|thi-truong-ngach|phan-khuc-thi-truong,cao,,g1
6ab69e76f3ad31ef11df0c05,"Nhìn cạnh tranh tích cực: đối thủ sao chép và hàng giả là bình thường, đừng bỏ lợi thế để chạy theo đối thủ",marketing.nghien-cuu-thi-truong-doi-thu|nganh-o-to.phu-tung,insight,nguon-ben-ngoai|tran-manh-hung|canh-tranh|hang-gia|chien-luoc-kinh-doanh,1.2.4,Nghiên cứu thị trường & đối thủ,0.2.4,dieu-hanh,insight,vcpart,,nguon-ben-ngoai|nguon-tran-manh-hung|canh-tranh|hang-gia|chien-luoc-kinh-doanh,cao,,g1
6ab6a2a8f3ad31ef11df0c69,Nghiên cứu đối thủ: checklist 3 nhóm đối thủ và 4 quy trình phân tích video viral,marketing.nghien-cuu-thi-truong-doi-thu,framework,nguon-ben-ngoai|tien-hoc-marketing|nghien-cuu-doi-thu|phan-tich-video-viral,1.2.4,Nghiên cứu thị trường & đối thủ,,thiet-ke,framework,tap-doan,,nguon-ben-ngoai|nguon-tien-hoc-marketing|nghien-cuu-doi-thu|phan-tich-video-viral,cao,,g1
6ab6a2d8f3ad31ef11df0c6c,"TikTok Shop tạo nhu cầu, Shopee đón nhu cầu: tư duy phát triển khác nhau và xu hướng Facebook-Shopee bắt tay",marketing.nghien-cuu-thi-truong-doi-thu,insight,nguon-ben-ngoai|tien-hoc-marketing|tiktok-shop|shopee|thuong-mai-dien-tu,1.2.4,Nghiên cứu thị trường & đối thủ,2.5,dieu-hanh,insight,vcpart,,nguon-ben-ngoai|nguon-tien-hoc-marketing|tiktok-shop|shopee|thuong-mai-dien-tu,cao,,g1
6ab6fa86f3ad31ef11df0d8a,"TikTok Shop chưa bão hòa: người đi sau vẫn có cơ hội nếu khác biệt và kiên trì, vì người bán đào thải nhanh hơn thị trường",marketing.nghien-cuu-thi-truong-doi-thu,insight,nguon-ben-ngoai|the-hoang-work|bao-hoa-thi-truong|nguoi-di-sau|canh-tranh-tiktok-shop,1.2.4,Nghiên cứu thị trường & đối thủ,,dieu-hanh,insight,vcpart,,nguon-ben-ngoai|nguon-the-hoang-work|bao-hoa-thi-truong|nguoi-di-sau|canh-tranh-tiktok-shop,cao,,g1
6ab6fefaf3ad31ef11df0e0d,"Xu hướng 2025: xưởng sản xuất và nhà buôn sỉ tự mở kênh TikTok bán lẻ trực tiếp, cạnh tranh với nhà bán lẻ",marketing.nghien-cuu-thi-truong-doi-thu|ban-hang-cskh.kenh-phan-phoi,insight,nguon-ben-ngoai|the-hoang-work|kenh-phan-phoi|ban-le-vs-ban-si|tiktok-shop,1.2.4,Nghiên cứu thị trường & đối thủ,2.4.2,dieu-hanh,insight,vcpart,,nguon-ben-ngoai|nguon-the-hoang-work|ban-le-vs-ban-si|tiktok-shop,cao,,g1
6ab4ad00b1c921b0a784dbb8,"5 Whys: hỏi ""tại sao"" nhiều lần để chạm tới insight thật của khách hàng",marketing.tam-ly-khach-hang|marketing.chan-dung-khach-hang,framework,insight|5-whys|nghien-cuu-khach-hang|chuyen-mar|nguon-ben-ngoai,1.2.5,Khảo sát & insight,1.2.3,thuc-thi,framework,tap-doan,,nguon-chuyen-mar|nguon-ben-ngoai|insight|5-whys|nghien-cuu-khach-hang,cao,,g1
6ab69e68f3ad31ef11df0c03,"Insight là động cơ thật khách hàng không tự nhận ra hoặc cố giấu, khác outsight là câu trả lời bề mặt",marketing.tam-ly-khach-hang,concept,nguon-ben-ngoai|tran-manh-hung|insight-khach-hang|nghien-cuu-khach-hang|hanh-vi-mua,1.2.5,Khảo sát & insight,1.2.3,nhap-mon,concept,tap-doan,,nguon-ben-ngoai|nguon-tran-manh-hung|insight-khach-hang|nghien-cuu-khach-hang|hanh-vi-mua,cao,,g1
6ab69e7cf3ad31ef11df0c07,7 câu hỏi (What Why Where When Who How much How many) để hiểu khách hàng thực sự mua gì,marketing.tam-ly-khach-hang,framework,nguon-ben-ngoai|tran-manh-hung|insight-khach-hang|hanh-vi-mua|mo-hinh-7-cau-hoi,1.2.5,Khảo sát & insight,1.2.3,thuc-thi,framework,tap-doan,,nguon-ben-ngoai|nguon-tran-manh-hung|insight-khach-hang|hanh-vi-mua|mo-hinh-7-cau-hoi,cao,,g1
6ab6a132f3ad31ef11df0c4f,"Xác định insight khách hàng: quy trình 3 bước và 3 loại insight (động lực, rào cản, khó khăn)",marketing.tam-ly-khach-hang|marketing.copywriting,concept,nguon-ben-ngoai|tien-hoc-marketing|insight-khach-hang|content-plan,1.2.5,Khảo sát & insight,1.2.3,thuc-thi,concept,tap-doan,,nguon-ben-ngoai|nguon-tien-hoc-marketing|insight-khach-hang|content-plan,cao,,g1
6ab6a33bf3ad31ef11df0c72,Tối ưu chuyển đổi đơn hàng: 3 câu hỏi (hiểu-tin-mua ngay) và tối ưu nội dung theo 3 nhóm khách,marketing.quang-cao-tra-phi,framework,nguon-ben-ngoai|tien-hoc-marketing|toi-uu-chuyen-doi|quang-cao-tra-phi,1.3.2,Quảng cáo trả phí,1.2.3,thuc-thi,framework,tap-doan,,nguon-ben-ngoai|nguon-tien-hoc-marketing|toi-uu-chuyen-doi,cao,,g1
6ab72fd3e8a762a4385a534c,Xác minh danh tính TikTok cá nhân và xác minh Trung tâm doanh nghiệp (BM/BC) cho tài khoản quảng cáo,phap-ly.quy-dinh-nganh|marketing.quang-cao-tra-phi,concept,nguon-ben-ngoai|dam-van-tuan|tiktok-xac-minh-tai-khoan|quang-cao-tiktok|business-center,1.3.2,Quảng cáo trả phí,2.5.4,thuc-thi,concept,vcpart,,nguon-ben-ngoai|nguon-dam-van-tuan|tiktok-xac-minh-tai-khoan|quang-cao-tiktok|business-center,thap,Xác minh BM/BC là TikTok Ads ngoài sàn (1.3.2) nhưng gắn với TikTok Shop; có thể 2.5.4. Summary chứa rác XML cần dọn,g4
6ab730d7e8a762a4385a5375,"Ba mục tiêu quảng cáo TikTok ít người dùng: dẫn về Messenger/Zalo, nút ghi danh, và tăng tương tác video trước khi bán",marketing.quang-cao-tra-phi,framework,nguon-ben-ngoai|dam-van-tuan|quang-cao-tiktok|muc-tieu-quang-cao|zalo-messenger,1.3.2,Quảng cáo trả phí,2.5.4,thuc-thi,framework,tap-doan,,nguon-ben-ngoai|nguon-dam-van-tuan|quang-cao-tiktok|muc-tieu-quang-cao|zalo-messenger,cao,,g1
6ab4ad43b1c921b0a784dbbd,Fanpage ít tương tác: làm 3 việc nền tảng trước khi nghĩ tới viral,marketing.noi-dung-mang-xa-hoi,framework,fanpage|content-pillar|facebook|chuyen-mar|nguon-ben-ngoai,1.3.3,Social & cộng đồng,1.4.1,thuc-thi,framework,tap-doan,,nguon-chuyen-mar|nguon-ben-ngoai|fanpage|content-pillar|facebook,cao,,g1
6ab69c9bf3ad31ef11df0bae,3 giai đoạn phát triển kênh truyền thông: số lượng nội dung → view → tương tác/gắn kết,marketing.noi-dung-mang-xa-hoi,framework,nguon-ben-ngoai|tran-manh-hung|noi-dung-mang-xa-hoi|phat-trien-kenh,1.3.3,Social & cộng đồng,1.3.4,thiet-ke,framework,tap-doan,,nguon-ben-ngoai|nguon-tran-manh-hung|phat-trien-kenh,cao,,g1
6ab6fbc3f3ad31ef11df0dca,"Cách tạo nút ""Đăng ký ngay/Nhận báo giá"" trên TikTok để thu lead — cần tài khoản doanh nghiệp và trên 1.000 follower",marketing.quang-cao-tra-phi,framework,nguon-ben-ngoai|the-hoang-work|thu-thap-lead|tai-khoan-doanh-nghiep-tiktok|cta,1.3.3,Social & cộng đồng,1.3.6,thuc-thi,sop,tap-doan,,nguon-ben-ngoai|nguon-the-hoang-work|thu-thap-lead|tai-khoan-doanh-nghiep-tiktok|cta,thap,"Công cụ thu lead của tài khoản TikTok doanh nghiệp, không phải ads; có thể 1.3.6 hoặc 1.3.2",g1
6ab6ff1ef3ad31ef11df0e0f,"Từ 25/12/2024, tài khoản mạng xã hội phải xác thực SĐT/định danh cá nhân mới được đăng bài, live, bình luận (Nghị định 147)",phap-ly.quy-dinh-nganh,regulation,nguon-ben-ngoai|the-hoang-work|dinh-danh-tai-khoan|nghi-dinh-147|mang-xa-hoi,1.3.3,Social & cộng đồng,2.5.3,nhap-mon,regulation,tap-doan,,nguon-ben-ngoai|nguon-the-hoang-work|dinh-danh-tai-khoan|nghi-dinh-147|mang-xa-hoi,cao,,g4
6ab4b943b1c921b0a784dbdc,"Xây kênh video cho gara: chọn kiên định 1 trong 4 hướng giải trí – thông tin – chia sẻ – phổ cập, quay bằng điện thoại và test liên tục",marketing.video-ngan-tiktok|marketing.noi-dung-mang-xa-hoi|nganh-o-to.dich-vu-garage,framework,xay-kenh|noi-dung-gara|tiktok|nguon-ben-ngoai|goc-gara,1.3.4,Video ngắn & livestream,1.4.1,thiet-ke,framework,vcservice,,nguon-ben-ngoai|nguon-goc-gara|xay-kenh|noi-dung-gara|tiktok,cao,,g1
6ab69a58f3ad31ef11df0b61,"5 yếu tố xây kênh KOC/affiliate bền vững: đa kênh, giá trị độc quyền, dữ liệu khách hàng, đa nguồn thu, liên tục cải tiến",marketing.video-ngan-tiktok|marketing.noi-dung-mang-xa-hoi,framework,nguon-ben-ngoai|duy-muoi|xay-kenh|thuat-toan-phan-phoi|du-lieu-khach-hang,1.3.4,Video ngắn & livestream,,thiet-ke,framework,tap-doan,,nguon-ben-ngoai|nguon-duy-muoi|xay-kenh|thuat-toan-phan-phoi|du-lieu-khach-hang,cao,,g1
6ab69a97f3ad31ef11df0b70,"Chọn ngách (niche) để review/kiếm tiền trên TikTok: tiêu chí ""thấy mùi tiền"" trước khi xây kênh",marketing.video-ngan-tiktok|marketing.noi-dung-mang-xa-hoi,framework,nguon-ben-ngoai|duy-muoi|chon-ngach|xay-kenh|thuat-toan-phan-phoi,1.3.4,Video ngắn & livestream,,thiet-ke,framework,tap-doan,,nguon-ben-ngoai|nguon-duy-muoi|chon-ngach|xay-kenh|thuat-toan-phan-phoi,cao,,g1
6ab6a190f3ad31ef11df0c53,"Xây kênh từ số 0: 3 giai đoạn thương hiệu cá nhân, 5 dạng content và 9 bước làm content viral",marketing.noi-dung-mang-xa-hoi|marketing.video-ngan-tiktok|marketing.chien-luoc-thuong-hieu,framework,nguon-ben-ngoai|tien-hoc-marketing|xay-kenh|thuong-hieu-ca-nhan|content-plan,1.3.4,Video ngắn & livestream,1.4.1,thiet-ke,framework,tap-doan,,nguon-ben-ngoai|nguon-tien-hoc-marketing|xay-kenh|thuong-hieu-ca-nhan|content-plan,cao,,g1
6ab6abf4f3ad31ef11df0cda,Xây nhiều kênh TikTok gắn về 1 shop để tránh khoá kênh và tận dụng tối đa nội dung khi chạy quảng cáo,ban-hang-cskh.kenh-phan-phoi|marketing.video-ngan-tiktok,framework,nguon-ben-ngoai|hoang-comme|chinh-sach-san|tiktok-shop,1.3.4,Video ngắn & livestream,2.5.3,thiet-ke,framework,vcpart,,nguon-ben-ngoai|nguon-hoang-comme|chinh-sach-san|tiktok-shop,cao,Chiến lược nhiều kênh gắn 1 shop → xây kênh 1.3.4,g2
6ab6ac3ef3ad31ef11df0ce2,Đăng lại nguyên video cũ lên kênh phụ hoặc chỉ upload làm quảng cáo đều bị TikTok phân phối kém hơn bản gốc,marketing.video-ngan-tiktok|ban-hang-cskh.kenh-phan-phoi,lesson,nguon-ben-ngoai|hoang-comme|tiktok-shop|gmv-max|video-ngan-tiktok,1.3.4,Video ngắn & livestream,2.5.4,thuc-thi,lesson,vcpart,,nguon-ben-ngoai|nguon-hoang-comme|tiktok-shop|gmv-max,cao,,g1
6ab6f807f3ad31ef11df0cfa,"Khi nào nên bỏ một kênh TikTok bán hàng: 3 dấu hiệu cần dứt bỏ, khi nào nên giữ lại tiếp tục nuôi",ban-hang-cskh.kenh-phan-phoi|marketing.noi-dung-mang-xa-hoi|marketing.chan-dung-khach-hang,concept,nguon-ben-ngoai|the-hoang-work|xay-kenh-tiktok|quan-ly-kenh-tiktok|noi-dung-tiktok,1.3.4,Video ngắn & livestream,,dieu-hanh,concept,vcpart,,nguon-ben-ngoai|nguon-the-hoang-work|xay-kenh-tiktok|quan-ly-kenh-tiktok|noi-dung-tiktok,cao,Quyết định bỏ/giữ kênh TikTok → 1.3.4,g2
6ab6f848f3ad31ef11df0d07,"Chạy quảng cáo không làm kênh TikTok bị ""flop"" — chất lượng nội dung mới là yếu tố quyết định",marketing.quang-cao-tra-phi,insight,nguon-ben-ngoai|the-hoang-work|thuat-toan-tiktok|chat-luong-noi-dung|chien-luoc-ban-hang-tiktok,1.3.4,Video ngắn & livestream,2.5.4,thuc-thi,insight,vcpart,,nguon-ben-ngoai|nguon-the-hoang-work|thuat-toan-tiktok|chat-luong-noi-dung|chien-luoc-ban-hang-tiktok,cao,,g1
6ab6f884f3ad31ef11df0d16,"Checklist lập kênh TikTok mới: avatar, tên kênh, bio, chủ đề nội dung và chất lượng hình ảnh",ban-hang-cskh.kenh-phan-phoi,framework,nguon-ben-ngoai|the-hoang-work|tiktok-shop|lap-kenh-moi|xay-dung-thuong-hieu-ca-nhan,1.3.4,Video ngắn & livestream,,thuc-thi,checklist,vcpart,,nguon-ben-ngoai|nguon-the-hoang-work|tiktok-shop|lap-kenh-moi|xay-dung-thuong-hieu-ca-nhan,cao,"Checklist lập kênh mới → 1.3.4, type checklist",g2
6ab6f885f3ad31ef11df0d17,"Tương tác chéo, follow chéo, sao chép liên kết không giúp lên xu hướng TikTok",marketing.video-ngan-tiktok,lesson,nguon-ben-ngoai|the-hoang-work|video-ngan-tiktok|myth-tiktok|thuat-toan-phan-phoi,1.3.4,Video ngắn & livestream,,thuc-thi,lesson,tap-doan,,nguon-ben-ngoai|nguon-the-hoang-work|myth-tiktok|thuat-toan-phan-phoi,cao,,g1
6ab6f8a4f3ad31ef11df0d1f,"Hashtag, tiêu đề công phu, xin vía không quan trọng bằng chất lượng nội dung khi lên xu hướng TikTok",ban-hang-cskh.ky-nang-ban-hang|marketing.video-ngan-tiktok,lesson,nguon-ben-ngoai|the-hoang-work|video-ngan-tiktok|myth-tiktok|chien-luoc-noi-dung,1.3.4,Video ngắn & livestream,1.4.3,dieu-hanh,lesson,vcpart,,nguon-ben-ngoai|nguon-the-hoang-work|myth-tiktok|chien-luoc-noi-dung,cao,Nhánh ky-nang-ban-hang nhưng về kênh/thuật toán TikTok → 1.3.4,g2
6ab6f91bf3ad31ef11df0d37,Xác định rõ ngành hàng/mục đích trước khi xây kênh TikTok; chọn sản phẩm đúng định vị và thế mạnh,marketing.chan-dung-khach-hang,framework,nguon-ben-ngoai|the-hoang-work|video-ngan-tiktok|chien-luoc-noi-dung|dinh-vi-thuong-hieu,1.3.4,Video ngắn & livestream,1.1.2,thiet-ke,framework,tap-doan,,nguon-ben-ngoai|nguon-the-hoang-work|chien-luoc-noi-dung|dinh-vi-thuong-hieu|xay-kenh,cao,,g1
6ab6f9b9f3ad31ef11df0d5d,"Xây thương hiệu cá nhân trên TikTok: bộc lộ tính cách thật, câu chuyện rõ ràng, giá trị thực sự",marketing.chien-luoc-thuong-hieu|marketing.video-ngan-tiktok,concept,nguon-ben-ngoai|the-hoang-work|video-ngan-tiktok|thuong-hieu-ca-nhan|chien-luoc-noi-dung,1.3.4,Video ngắn & livestream,1.1.2,thiet-ke,concept,tap-doan,,nguon-ben-ngoai|nguon-the-hoang-work|thuong-hieu-ca-nhan|chien-luoc-noi-dung,cao,,g1
6ab6f9eaf3ad31ef11df0d67,Duy trì đăng video và tương tác kênh TikTok trong dịp Tết/nghỉ lễ để tránh tụt traffic,marketing.video-ngan-tiktok|ban-hang-cskh.kenh-phan-phoi,framework,nguon-ben-ngoai|the-hoang-work|video-ngan-tiktok|lich-dang-bai|quang-cao-tra-phi,1.3.4,Video ngắn & livestream,1.4.1,thuc-thi,framework,vcpart,,nguon-ben-ngoai|nguon-the-hoang-work|lich-dang-bai|nghi-le-tet,cao,,g1
6ab6f9fcf3ad31ef11df0d6c,Follow không quyết định doanh số: bù đắp bằng live kiên trì và chạy quảng cáo đúng cách,ban-hang-cskh.kenh-phan-phoi,insight,nguon-ben-ngoai|the-hoang-work|tiktok-shop|chien-luoc-ban-hang|chay-quang-cao,1.3.4,Video ngắn & livestream,2.5.5,dieu-hanh,insight,vcpart,,nguon-ben-ngoai|nguon-the-hoang-work|tiktok-shop|chien-luoc-ban-hang|chay-quang-cao,cao,Follow không quyết định doanh số → xây kênh 1.3.4,g2
6ab6fa42f3ad31ef11df0d79,Không mua/búp follow ảo: follow chỉ có giá trị khi chuyển đổi ra đơn hàng thật,ban-hang-cskh.kenh-phan-phoi,lesson,nguon-ben-ngoai|the-hoang-work|tiktok-shop|tang-follow|chien-luoc-ban-hang,1.3.4,Video ngắn & livestream,2.5.5,dieu-hanh,lesson,vcpart,,nguon-ben-ngoai|nguon-the-hoang-work|tiktok-shop|tang-follow|chien-luoc-ban-hang,cao,Follow ảo/xây kênh → 1.3.4,g2
6ab6fb8ff3ad31ef11df0dbf,Kênh triệu view vẫn không bán được hàng nếu thiếu sản phẩm gắn trong content hoặc lên xu hướng sai tệp khách,ban-hang-cskh.kenh-phan-phoi,insight,nguon-ben-ngoai|the-hoang-work|tiktok-shop|chuyen-doi-kenh|dung-tep-khach-hang,1.3.4,Video ngắn & livestream,1.4.1,dieu-hanh,insight,vcpart,,nguon-ben-ngoai|nguon-the-hoang-work|tiktok-shop|chuyen-doi-kenh|dung-tep-khach-hang,cao,Chuyển đổi kênh view sang kênh bán → xây kênh 1.3.4,g2
6ab6fc2af3ad31ef11df0ddc,Số lượng video mỗi ngày không bị TikTok giới hạn; chất lượng và sự kiên trì mới quyết định ra đơn,marketing.video-ngan-tiktok,insight,nguon-ben-ngoai|the-hoang-work|tan-suat-dang-video|chuyen-doi-quang-cao|video-ngan-tiktok,1.3.4,Video ngắn & livestream,,thuc-thi,insight,vcpart,,nguon-ben-ngoai|nguon-the-hoang-work|tan-suat-dang-video|chuyen-doi-quang-cao,cao,,g1
6ab6fc57f3ad31ef11df0de5,Đừng bỏ kênh chỉ vì ít view giai đoạn đầu: xây kênh TikTok Shop là quá trình tính theo năm,ban-hang-cskh.kenh-phan-phoi,lesson,nguon-ben-ngoai|the-hoang-work|tiktok-shop|kien-tri|xay-dung-kenh,1.3.4,Video ngắn & livestream,2.5,dieu-hanh,lesson,vcpart,,nguon-ben-ngoai|nguon-the-hoang-work|tiktok-shop|kien-tri|xay-dung-kenh,cao,Xây kênh dài hạn → 1.3.4,g2
6ab6fc6bf3ad31ef11df0de9,"3 nguyên nhân video TikTok bị ""0 view"": vi phạm chính sách, chất lượng kém, tài khoản mới cùng thiết bị với tài khoản đã bị phạt nặng",marketing.video-ngan-tiktok|marketing.noi-dung-mang-xa-hoi,framework,nguon-ben-ngoai|the-hoang-work|chinh-sach-tiktok|video-ngan-tiktok|0-view,1.3.4,Video ngắn & livestream,,thuc-thi,framework,tap-doan,,nguon-ben-ngoai|nguon-the-hoang-work|chinh-sach-san|0-view,cao,,g1
6ab6fca8f3ad31ef11df0df2,"Video 0 view đang ""xét duyệt"": nên kiên nhẫn chờ, chỉ xóa/đăng lại như phương án cuối",marketing.video-ngan-tiktok,framework,nguon-ben-ngoai|the-hoang-work|chinh-sach-tiktok|0-view|van-hanh-kenh,1.3.4,Video ngắn & livestream,,thuc-thi,framework,tap-doan,,nguon-ben-ngoai|nguon-the-hoang-work|chinh-sach-san|0-view|van-hanh-kenh,cao,,g1
6ab6fcd8f3ad31ef11df0df8,Live mới mở luôn được TikTok đẩy nhiều mắt xem rồi tụt là bình thường; tắt/bật live liên tục càng làm view không lên được,marketing.video-ngan-tiktok|ban-hang-cskh.ky-nang-ban-hang,concept,nguon-ben-ngoai|the-hoang-work|chi-so-livestream|kenh-moi|livestream-tiktok-shop,1.3.4,Video ngắn & livestream,2.5.5,thuc-thi,concept,vcpart,,nguon-ben-ngoai|nguon-the-hoang-work|chi-so-livestream|kenh-moi|livestream,cao,,g1
6ab6fd69f3ad31ef11df0e02,Xoá video/xoá kênh làm lại khi bị 100-200 view không giải quyết gốc rễ vấn đề nội dung kém,ban-hang-cskh.kenh-phan-phoi|marketing.noi-dung-mang-xa-hoi,lesson,nguon-ben-ngoai|the-hoang-work|tiktok-shop|chat-luong-noi-dung|xay-dung-kenh,1.3.4,Video ngắn & livestream,1.4.3,dieu-hanh,lesson,vcpart,,nguon-ben-ngoai|nguon-the-hoang-work|tiktok-shop|chat-luong-noi-dung|xay-dung-kenh,cao,"Xây kênh/nội dung, không phải vận hành sàn → 1.3.4",g2
6ab6fdacf3ad31ef11df0e03,"Chữa kênh ""flop"" ít view: đổi thiết bị/số nick/ID kênh không có tác dụng, cải thiện nội dung mới là gốc rễ",marketing.video-ngan-tiktok,lesson,nguon-ben-ngoai|the-hoang-work|tiktok-shop|chat-luong-noi-dung|thiet-bi-tai-khoan,1.3.4,Video ngắn & livestream,1.4.3,thuc-thi,lesson,vcpart,,nguon-ben-ngoai|nguon-the-hoang-work|tiktok-shop|chat-luong-noi-dung|thiet-bi-tai-khoan,cao,,g1
6ab730bae8a762a4385a536e,Thuật toán TikTok/TikTok Shop ưu ái kênh và shop mới — không cần nhiều follow mới bán được hàng,ban-hang-cskh.kenh-phan-phoi,insight,nguon-ben-ngoai|dam-van-tuan|tiktok-shop|xay-kenh-tiktok|thuat-toan-tiktok,1.3.4,Video ngắn & livestream,2.5.5,dieu-hanh,insight,vcpart,,nguon-ben-ngoai|nguon-dam-van-tuan|tiktok-shop|xay-kenh-tiktok|thuat-toan-tiktok,cao,Thuật toán/xây kênh → 1.3.4,g2
6ab73111e8a762a4385a5381,Không mua follow/tương tác ảo trên TikTok: view và follow không quyết định việc bán được hàng,ban-hang-cskh.kenh-phan-phoi,lesson,nguon-ben-ngoai|dam-van-tuan|tiktok-shop|xay-kenh-tiktok|nhan-dien-thuong-hieu,1.3.4,Video ngắn & livestream,2.5.5,dieu-hanh,lesson,vcpart,,nguon-ben-ngoai|nguon-dam-van-tuan|tiktok-shop|xay-kenh-tiktok|nhan-dien-thuong-hieu,cao,Xây kênh TikTok (không phải vận hành sàn) → 1.3.4,g2
6ab4ad55b1c921b0a784dbbe,"Sản xuất 60+ content/tháng: chia tầng phễu 50/30/20, dựng cụm từ khoá và lên angle trước 1 tuần",marketing.noi-dung-mang-xa-hoi|marketing.video-ngan-tiktok|marketing.seo,framework,content-plan|tofu-mofu-bofu|tu-khoa|chuyen-mar|nguon-ben-ngoai,1.4.1,Chiến lược & lịch nội dung,1.4.6,thiet-ke,framework,tap-doan,,nguon-chuyen-mar|nguon-ben-ngoai|content-plan|tofu-mofu-bofu|tu-khoa,cao,,g1
6ab4add3b1c921b0a784dbc5,"Phân biệt content marketing, content writer, copywriter và content creator",marketing.noi-dung-mang-xa-hoi|nhan-su-quan-tri.tuyen-dung,concept,content|chuc-danh|tuyen-dung|chuyen-mar|nguon-ben-ngoai,1.4.1,Chiến lược & lịch nội dung,4.1.2,nhap-mon,concept,tap-doan,,nguon-chuyen-mar|nguon-ben-ngoai|content|chuc-danh,cao,,g1
6ab69c84f3ad31ef11df0ba7,"Truyền thông nên nói điều khách cần nghe, không chỉ điều họ thích nghe hay chạy theo trend",marketing.noi-dung-mang-xa-hoi|marketing.chien-luoc-thuong-hieu,lesson,nguon-ben-ngoai|tran-manh-hung|noi-dung-mang-xa-hoi|xay-dung-thuong-hieu,1.4.1,Chiến lược & lịch nội dung,,thiet-ke,lesson,tap-doan,,nguon-ben-ngoai|nguon-tran-manh-hung|xay-dung-thuong-hieu|chien-luoc-noi-dung,cao,,g1
6ab6a0eef3ad31ef11df0c4c,"5 công thức lên ý tưởng content vô hạn: đổi góc chủ đề, 5W1H, đối tượng-insight-concept",marketing.copywriting,framework,nguon-ben-ngoai|tien-hoc-marketing|y-tuong-content|content-plan|5w1h,1.4.1,Chiến lược & lịch nội dung,1.4.2,thuc-thi,framework,tap-doan,,nguon-ben-ngoai|nguon-tien-hoc-marketing|y-tuong-content|content-plan|5w1h,cao,,g1
6ab6a156f3ad31ef11df0c50,Lập content plan: phân biệt content pillar (tuyến nội dung) và content angle (góc khai thác),marketing.noi-dung-mang-xa-hoi,framework,nguon-ben-ngoai|tien-hoc-marketing|content-plan|content-pillar,1.4.1,Chiến lược & lịch nội dung,,thiet-ke,framework,tap-doan,,nguon-ben-ngoai|nguon-tien-hoc-marketing|content-plan|content-pillar,cao,,g1
6ab6ac9bf3ad31ef11df0ce9,"3 xu hướng video bán hàng TikTok 2026: sự thật trần trụi, vòng lặp tò mò qua comment, và lợi nhuận cảm xúc",marketing.video-ngan-tiktok,insight,nguon-ben-ngoai|dam-van-tuan|xu-huong-content|livestream-ban-hang|danh-gia-san-pham,1.4.1,Chiến lược & lịch nội dung,1.2.3,thiet-ke,insight,vcpart,,nguon-ben-ngoai|nguon-dam-van-tuan|xu-huong-content|livestream|danh-gia-san-pham,cao,,g1
6ab6f862f3ad31ef11df0d0f,Hai trường phái làm video TikTok: phủ thương hiệu/sáng tạo cắt ghép cao vs one-shot bán thẳng chuyển đổi,marketing.video-ngan-tiktok,concept,nguon-ben-ngoai|the-hoang-work|video-ngan-tiktok|chuyen-doi-quang-cao|xay-dung-thuong-hieu,1.4.1,Chiến lược & lịch nội dung,1.4.3,thiet-ke,concept,vcpart,,nguon-ben-ngoai|nguon-the-hoang-work|chuyen-doi-quang-cao|xay-dung-thuong-hieu,cao,,g1
6ab6f8d2f3ad31ef11df0d29,"Nội dung kênh TikTok bán hàng phải xoay quanh sản phẩm đang bán, không chạy theo trend rời rạc",marketing.video-ngan-tiktok,framework,nguon-ben-ngoai|the-hoang-work|video-ngan-tiktok|chien-luoc-noi-dung|xay-kenh,1.4.1,Chiến lược & lịch nội dung,1.3.4,thiet-ke,framework,vcpart,,nguon-ben-ngoai|nguon-the-hoang-work|chien-luoc-noi-dung|xay-kenh,cao,,g1
6ab6f9dcf3ad31ef11df0d61,"Nội dung gây tranh cãi (giá đắt/rẻ, drama, đu trend nóng) kéo view và mắt xem cao trên TikTok, nhưng cần cân nhắc rủi ro uy tín",marketing.noi-dung-mang-xa-hoi|marketing.video-ngan-tiktok,insight,nguon-ben-ngoai|the-hoang-work|content-vi-ral|chien-luoc-noi-dung|livestream-ban-hang,1.4.1,Chiến lược & lịch nội dung,1.3.4,dieu-hanh,insight,tap-doan,,nguon-ben-ngoai|nguon-the-hoang-work|content-vi-ral|chien-luoc-noi-dung|livestream,cao,,g1
6ab6fa32f3ad31ef11df0d75,"Bám vấn đề đang nóng/tranh cãi trên mạng giúp video dễ lên xu hướng, nhưng phải dừng lại trước ranh giới bịa đặt, vu khống",marketing.video-ngan-tiktok,insight,nguon-ben-ngoai|the-hoang-work|content-vi-ral|chien-luoc-noi-dung|dao-duc-kinh-doanh,1.4.1,Chiến lược & lịch nội dung,1.3.4,thiet-ke,insight,tap-doan,,nguon-ben-ngoai|nguon-the-hoang-work|content-vi-ral|chien-luoc-noi-dung|dao-duc-kinh-doanh,cao,,g1
6ab7306fe8a762a4385a535f,Chuẩn bị nội dung và sản phẩm trước Tết để kênh TikTok không mất tương tác khi nghỉ dài ngày,ban-hang-cskh.kenh-phan-phoi|marketing.video-ngan-tiktok,framework,nguon-ben-ngoai|dam-van-tuan|nghi-le-tet|video-ngan-tiktok|xay-kenh-tiktok,1.4.1,Chiến lược & lịch nội dung,2.5.1,van-hanh,framework,vcpart,,nguon-ben-ngoai|nguon-dam-van-tuan|nghi-le-tet|xay-kenh-tiktok,thap,Kế hoạch nội dung + sản phẩm trước Tết cho kênh TikTok; có thể 1.3.4 hoặc 2.5.5,g2
6ab4ad9bb1c921b0a784dbc2,"Viết caption: bớt tính từ tự khen, thay bằng sự thật cụ thể",marketing.copywriting,framework,copywriting|caption|tinh-tu|chuyen-mar|nguon-ben-ngoai,1.4.2,Copywriting & tiêu đề,,thuc-thi,framework,tap-doan,,nguon-chuyen-mar|nguon-ben-ngoai|caption|tinh-tu,cao,,g1
6ab4adadb1c921b0a784dbc3,"Creative cho khách Việt: trực diện, đúng insight văn hoá, soát kỹ logic và liên tưởng của từ ngữ",marketing.copywriting|marketing.tam-ly-khach-hang,lesson,creative|copywriting|insight-van-hoa|chuyen-mar|nguon-ben-ngoai,1.4.2,Copywriting & tiêu đề,1.2.3,thuc-thi,lesson,tap-doan,,nguon-chuyen-mar|nguon-ben-ngoai|creative|insight-van-hoa,cao,,g1
6ab6a1d1f3ad31ef11df0c57,Viết hook mở đầu video viral: nguyên tắc tốc độ-cụ thể và 7 mẫu câu hook thông dụng,marketing.copywriting,hook,nguon-ben-ngoai|tien-hoc-marketing|hook|content-viral,1.4.3,Kịch bản video & thư viện hook,,thuc-thi,hook,tap-doan,,nguon-ben-ngoai|nguon-tien-hoc-marketing|hook|content-viral,cao,,g1
6ab6a202f3ad31ef11df0c5a,Viết kịch bản video kể chuyện: công thức mâu thuẫn-cảm xúc-cách xử lý-suy nghĩ và 3 cấu trúc triệu view,marketing.copywriting,framework,nguon-ben-ngoai|tien-hoc-marketing|storytelling|kich-ban-video,1.4.3,Kịch bản video & thư viện hook,1.4.2,thuc-thi,framework,tap-doan,,nguon-ben-ngoai|nguon-tien-hoc-marketing|storytelling|kich-ban-video,cao,,g1
6ab6a232f3ad31ef11df0c5e,"Các dạng video viral trên TikTok: concept hữu ích, so sánh, mượn người nổi tiếng và yếu tố ""nhiều người chung khung hình""",marketing.video-ngan-tiktok,framework,nguon-ben-ngoai|tien-hoc-marketing|video-viral|concept-so-sanh,1.4.3,Kịch bản video & thư viện hook,,thuc-thi,framework,tap-doan,,nguon-ben-ngoai|nguon-tien-hoc-marketing|video-viral|concept-so-sanh,cao,,g1
6ab6a262f3ad31ef11df0c63,8 công thức video bán hàng dạng review/so sánh và nguyên tắc nhấn lợi ích thay vì tính năng,marketing.copywriting,framework,nguon-ben-ngoai|tien-hoc-marketing|video-ban-hang|review-san-pham,1.4.3,Kịch bản video & thư viện hook,1.4.2,thuc-thi,framework,tap-doan,,nguon-ben-ngoai|nguon-tien-hoc-marketing|video-ban-hang|review-san-pham,cao,,g1
6ab6aa0cf3ad31ef11df0c8a,"Nội dung chuyển đổi tốt trên TikTok Shop là trải nghiệm cá nhân chân thực, không phải video OneShot số lượng lớn",marketing.video-ngan-tiktok,insight,nguon-ben-ngoai|hoang-comme|content-tiktok|video-ban-hang|chuyen-doi-don-hang,1.4.3,Kịch bản video & thư viện hook,,thuc-thi,insight,vcpart,,nguon-ben-ngoai|nguon-hoang-comme|content-tiktok|video-ban-hang|chuyen-doi-don-hang,cao,,g1
6ab6f80df3ad31ef11df0cfd,"Video ghép nhạc, không lời thoại, chỉ caption ngắn vẫn chuyển đổi tốt; hàng giá rẻ nên bán thẳng, tránh kể chuyện dài dòng",marketing.video-ngan-tiktok,insight,nguon-ben-ngoai|the-hoang-work|video-ngan-tiktok|ban-hang-truc-tiep|gia-re|chuyen-doi-quang-cao,1.4.3,Kịch bản video & thư viện hook,,thuc-thi,insight,vcpart,,nguon-ben-ngoai|nguon-the-hoang-work|ban-hang-truc-tiep|gia-re|chuyen-doi-quang-cao,cao,,g1
6ab6f8b4f3ad31ef11df0d24,"4 dạng content bán hàng TikTok Shop phổ biến: one-shot, review trải nghiệm, vấn đề-giải pháp, giả livestream, và biến thể 2 người nhắc khéo",marketing.video-ngan-tiktok,framework,nguon-ben-ngoai|the-hoang-work|video-ngan-tiktok|kich-ban-noi-dung|ban-hang-truc-tiep,1.4.3,Kịch bản video & thư viện hook,,thuc-thi,framework,vcpart,,nguon-ben-ngoai|nguon-the-hoang-work|kich-ban-noi-dung|ban-hang-truc-tiep,cao,,g1
6ab6f8d9f3ad31ef11df0d2c,Kiến thức sản phẩm là gốc để khai thác từ khóa và nói không cần kịch bản; có thể dùng ChatGPT soạn kịch bản khi cần,marketing.copywriting|marketing.video-ngan-tiktok,insight,nguon-ben-ngoai|the-hoang-work|kien-thuc-san-pham|kich-ban-video|tu-khoa-noi-dung,1.4.3,Kịch bản video & thư viện hook,1.4.2,thuc-thi,insight,vcpart,,nguon-ben-ngoai|nguon-the-hoang-work|kien-thuc-san-pham|kich-ban-video|tu-khoa-noi-dung,cao,,g1
6ab6f905f3ad31ef11df0d34,"Chuyển đổi video bán hàng phụ thuộc tính chân thật: đưa trải nghiệm thật, hạn chế app chỉnh sửa, ""mua bằng mắt""",marketing.video-ngan-tiktok,insight,nguon-ben-ngoai|the-hoang-work|video-ngan-tiktok|tinh-chan-that|chuyen-doi-quang-cao,1.4.3,Kịch bản video & thư viện hook,,thuc-thi,insight,vcpart,,nguon-ben-ngoai|nguon-the-hoang-work|tinh-chan-that|chuyen-doi-quang-cao,cao,,g1
6ab6f949f3ad31ef11df0d44,"Chiến lược nguồn content vô tận: quay khách hàng trải nghiệm thật, phản ứng thật, phỏng vấn cảm nhận",marketing.video-ngan-tiktok|marketing.quang-cao-tra-phi,framework,nguon-ben-ngoai|the-hoang-work|video-ngan-tiktok|kich-ban-noi-dung|tinh-chan-that,1.4.3,Kịch bản video & thư viện hook,1.4.1,thuc-thi,framework,tap-doan,,nguon-ben-ngoai|nguon-the-hoang-work|kich-ban-noi-dung|tinh-chan-that,cao,,g1
6ab6f990f3ad31ef11df0d54,Video AI có thể bán hàng nhưng tỷ lệ thấp hơn người thật; rủi ro lớn nhất là dàn dựng sai thông tin sản phẩm,marketing.video-ngan-tiktok|cong-nghe-chuyen-doi-so.ai-tu-dong-hoa,insight,nguon-ben-ngoai|the-hoang-work|video-ngan-tiktok|video-ai|chat-luong-video,1.4.3,Kịch bản video & thư viện hook,5.7.3,thiet-ke,insight,tap-doan,,nguon-ben-ngoai|nguon-the-hoang-work|video-ai|chat-luong-video,cao,,g1
6ab6f992f3ad31ef11df0d55,"Video bán đồ ăn phải truyền tải được độ ngon qua hình ảnh, quay cận cảnh; video AI chưa phù hợp cho ngành đồ ăn",marketing.copywriting|marketing.video-ngan-tiktok|cong-nghe-chuyen-doi-so.ai-tu-dong-hoa,framework,nguon-ben-ngoai|the-hoang-work|video-ngan-tiktok|video-ai|tinh-chan-that,1.4.3,Kịch bản video & thư viện hook,,thuc-thi,framework,tap-doan,,nguon-ben-ngoai|nguon-the-hoang-work|video-ai|tinh-chan-that,cao,,g1
6ab6f9e2f3ad31ef11df0d66,"Công thức làm video ads: khai thác hành trình mua hàng và lý do mua, đưa vấn đề-giải pháp, hiểu đúng kỳ vọng khách",marketing.video-ngan-tiktok|marketing.quang-cao-tra-phi,framework,nguon-ben-ngoai|the-hoang-work|hanh-trinh-khach-hang|kich-ban-noi-dung|chuyen-doi-quang-cao,1.4.3,Kịch bản video & thư viện hook,1.2.2,thuc-thi,framework,vcpart,,nguon-ben-ngoai|nguon-the-hoang-work|hanh-trinh-khach-hang|kich-ban-noi-dung|chuyen-doi-quang-cao,cao,,g1
6ab6fa2ef3ad31ef11df0d73,Chọn từ khoá (keyword) và bối cảnh quay theo đúng ngành hàng và đối tượng khách,marketing.quang-cao-tra-phi,framework,nguon-ben-ngoai|the-hoang-work|tu-khoa-quang-cao|kich-ban-noi-dung|chuyen-doi-quang-cao,1.4.3,Kịch bản video & thư viện hook,1.4.2,thuc-thi,framework,vcpart,,nguon-ben-ngoai|nguon-the-hoang-work|tu-khoa-quang-cao|kich-ban-noi-dung|chuyen-doi-quang-cao,cao,,g1
6ab6fa81f3ad31ef11df0d86,"Kịch bản mở-thân-kết cho video bán hàng: cấu trúc rõ ràng, quay chi tiết, mẹo nhớ lời và tránh bị nền tảng quét",marketing.video-ngan-tiktok,framework,nguon-ben-ngoai|the-hoang-work|kich-ban-noi-dung|video-ngan-tiktok|chuyen-doi-quang-cao,1.4.3,Kịch bản video & thư viện hook,,thuc-thi,framework,vcpart,,nguon-ben-ngoai|nguon-the-hoang-work|kich-ban-noi-dung|chuyen-doi-quang-cao,cao,,g1
6ab6fb0df3ad31ef11df0da5,"Tìm ý tưởng content qua Creative Center/Cảm hứng sáng tạo TikTok: tham khảo có chọn lọc, không copy máy móc",marketing.video-ngan-tiktok,framework,nguon-ben-ngoai|the-hoang-work|y-tuong-noi-dung|video-ngan-tiktok|cong-cu-tiktok,1.4.3,Kịch bản video & thư viện hook,,thuc-thi,framework,vcpart,,nguon-ben-ngoai|nguon-the-hoang-work|y-tuong-noi-dung|cong-cu-tiktok,cao,,g1
6ab6fb22f3ad31ef11df0da8,"3-5 giây đầu video bán hàng TikTok phải vào thẳng sản phẩm, vấn đề và mức giá — câu kêu gọi mua hàng cuối video không còn quan trọng",marketing.video-ngan-tiktok|marketing.copywriting,hook,nguon-ben-ngoai|the-hoang-work|hook-video|kich-ban-quang-cao|toi-uu-chuyen-doi,1.4.3,Kịch bản video & thư viện hook,,thuc-thi,hook,vcpart,,nguon-ben-ngoai|nguon-the-hoang-work|hook-video|kich-ban-quang-cao|toi-uu-chuyen-doi,cao,,g1
6ab6fb54f3ad31ef11df0db4,"Nhân bản video chuyển đổi tốt: giữ nguyên ""sườn cứng"", tăng dần khuyến mãi, dồn lực cho sản phẩm có tín hiệu",marketing.video-ngan-tiktok,framework,nguon-ben-ngoai|the-hoang-work|video-ngan-tiktok|chuyen-doi-quang-cao|toi-uu-ngan-sach,1.4.3,Kịch bản video & thư viện hook,2.5.4,thuc-thi,framework,vcpart,,nguon-ben-ngoai|nguon-the-hoang-work|chuyen-doi-quang-cao|toi-uu-ngan-sach,cao,,g1
6ab6fb6ef3ad31ef11df0db9,"Mở đầu video bán hàng bằng lợi ích/công năng nổi bật thay vì khuyến mại, và diễn đạt bằng giọng điệu phấn khích thay vì liệt kê giá",marketing.copywriting,hook,nguon-ben-ngoai|the-hoang-work|hook-video|kich-ban-quang-cao|loi-ich-san-pham,1.4.3,Kịch bản video & thư viện hook,,thuc-thi,hook,vcpart,,nguon-ben-ngoai|nguon-the-hoang-work|hook-video|kich-ban-quang-cao|loi-ich-san-pham,cao,,g1
6ab6fbcff3ad31ef11df0dcc,"Video bán hàng nên tập trung vào 1 lý do mua cốt lõi (USP), bỏ thông tin thừa ai cũng biết, và ưu tiên sản phẩm tốt hơn kỹ xảo quay dựng",marketing.video-ngan-tiktok|marketing.copywriting,framework,nguon-ben-ngoai|the-hoang-work|kich-ban-quang-cao|usp-san-pham|chien-luoc-noi-dung,1.4.3,Kịch bản video & thư viện hook,1.4.2,thuc-thi,framework,vcpart,,nguon-ben-ngoai|nguon-the-hoang-work|kich-ban-quang-cao|usp-san-pham|chien-luoc-noi-dung,cao,,g1
6ab6fbd8f3ad31ef11df0dcf,"Đổi mới nội dung liên tục: đừng dập khuôn công thức cũ, đừng nghĩ hôm nay phải ra đơn như hôm qua",marketing.video-ngan-tiktok,lesson,nguon-ben-ngoai|the-hoang-work|sang-tao-noi-dung|video-ngan-tiktok,1.4.3,Kịch bản video & thư viện hook,1.4.1,thuc-thi,lesson,vcpart,,nguon-ben-ngoai|nguon-the-hoang-work|sang-tao-noi-dung,cao,,g1
6ab6fc01f3ad31ef11df0dd7,"Video triệu view chưa chắc ra đơn: cần đánh đúng nỗi đau khách hàng, không chỉ câu view hay giảm giá",ban-hang-cskh.kenh-phan-phoi,insight,nguon-ben-ngoai|the-hoang-work|tiktok-shop|insight-khach-hang|toi-uu-quang-cao,1.4.3,Kịch bản video & thư viện hook,2.5.4,dieu-hanh,insight,vcpart,,nguon-ben-ngoai|nguon-the-hoang-work|tiktok-shop|insight-khach-hang|toi-uu-quang-cao,thap,Video phải đánh đúng nỗi đau; có thể 2.5.4 (cắt video ads chuyển đổi thấp),g2
6ab6fc1bf3ad31ef11df0dda,"Video bán hàng one-shot 30 giây trình diễn trực tiếp công năng và cách dùng sản phẩm vẫn bán tốt, không cần kỹ xảo phức tạp",marketing.video-ngan-tiktok,framework,nguon-ben-ngoai|the-hoang-work|kich-ban-quang-cao|video-ban-hang|chien-luoc-noi-dung,1.4.3,Kịch bản video & thư viện hook,,thuc-thi,framework,vcpart,,nguon-ben-ngoai|nguon-the-hoang-work|kich-ban-quang-cao|video-ban-hang|chien-luoc-noi-dung,cao,,g1
6ab6fc63f3ad31ef11df0de8,"Video one-shot đơn giản (một cảnh quay, không kỹ xảo) vẫn chuyển đổi tốt, miễn trải nghiệm chân thật và đúng sản phẩm",marketing.video-ngan-tiktok,insight,nguon-ben-ngoai|the-hoang-work|video-ban-hang|booking-koc|chien-luoc-noi-dung,1.4.3,Kịch bản video & thư viện hook,,thuc-thi,insight,vcpart,,nguon-ben-ngoai|nguon-the-hoang-work|video-ban-hang|affiliate-koc|chien-luoc-noi-dung,cao,,g1
6ab6fcbbf3ad31ef11df0df6,"Với sản phẩm dễ mua dễ bán, video càng đơn giản (kể cả ""trải sàn"", ghép nhạc) càng dễ chuyển đổi — đừng phức tạp hóa và nên thuê ngoài khâu mình không giỏi",marketing.video-ngan-tiktok,framework,nguon-ben-ngoai|the-hoang-work|video-ban-hang|chien-luoc-noi-dung|van-hanh-shop,1.4.3,Kịch bản video & thư viện hook,1.4.1,thiet-ke,framework,vcpart,,nguon-ben-ngoai|nguon-the-hoang-work|video-ban-hang|chien-luoc-noi-dung|van-hanh-shop,cao,,g1
6ab6fcd0f3ad31ef11df0df7,"Ảnh bìa video thời trang nên rõ sản phẩm, ít chữ, để tăng tỷ lệ chuyển đổi",marketing.video-ngan-tiktok,insight,nguon-ben-ngoai|the-hoang-work|anh-bia|content-ban-hang|thoi-trang,1.4.4,Thiết kế & hình ảnh,,thuc-thi,insight,vcpart,,nguon-ben-ngoai|nguon-the-hoang-work|anh-bia|content-ban-hang|thoi-trang,cao,,g1
6ab6f80bf3ad31ef11df0cfb,Chất lượng hình ảnh video quyết định chuyển đổi và mức độ được TikTok phân phối quảng cáo (GMV Max),marketing.video-ngan-tiktok,insight,nguon-ben-ngoai|the-hoang-work|video-ngan-tiktok|gmv-max|chat-luong-video,1.4.6,Quy trình sản xuất & duyệt nội dung,2.5.4,thuc-thi,insight,vcpart,,nguon-ben-ngoai|nguon-the-hoang-work|gmv-max|chat-luong-video,cao,,g1
6ab6f81df3ad31ef11df0d02,Nguyên tắc ánh sáng khi quay video/livestream: ánh sáng chiếu mặt (chủ thể/sản phẩm) phải luôn sáng hơn ánh sáng hậu cảnh,marketing.video-ngan-tiktok|ban-hang-cskh.ky-nang-ban-hang,framework,nguon-ben-ngoai|the-hoang-work|anh-sang-quay-video|livestream-tiktok|quay-video-ban-hang,1.4.6,Quy trình sản xuất & duyệt nội dung,,thuc-thi,framework,tap-doan,,nguon-ben-ngoai|nguon-the-hoang-work|anh-sang-quay-video|livestream|quay-video-ban-hang,cao,,g1
6ab6f84bf3ad31ef11df0d08,"Checklist kỹ thuật quay video bán hàng TikTok: ánh sáng, khung hình 70/30, âm lượng, làm đẹp trong app",marketing.video-ngan-tiktok,framework,nguon-ben-ngoai|the-hoang-work|video-ngan-tiktok|chat-luong-video|ky-thuat-quay-video,1.4.6,Quy trình sản xuất & duyệt nội dung,,thuc-thi,checklist,tap-doan,,nguon-ben-ngoai|nguon-the-hoang-work|chat-luong-video|ky-thuat-quay-video,cao,,g1
6ab6f87df3ad31ef11df0d15,"Chọn đèn livestream và chi phí set up góc live cơ bản: đèn chữ nhật đều màu hơn đèn tròn, tổng chi phí có thể chỉ vài triệu",marketing.video-ngan-tiktok|nganh-o-to.dich-vu-garage,framework,nguon-ben-ngoai|the-hoang-work|thiet-bi-livestream|chi-phi-thiet-bi|livestream-tiktok,1.4.6,Quy trình sản xuất & duyệt nội dung,2.5.5,thuc-thi,framework,tap-doan,,nguon-ben-ngoai|nguon-the-hoang-work|thiet-bi-livestream|chi-phi-thiet-bi|livestream,cao,,g1
6ab6f8ccf3ad31ef11df0d27,"Bộ thiết bị quay video bán hàng cơ bản và các mẹo nhỏ giúp video nét hơn (lau cam, mặc áo tối màu, lót nền)",marketing.video-ngan-tiktok,framework,nguon-ben-ngoai|the-hoang-work|thiet-bi-livestream|quay-video-ban-hang|chi-phi-thiet-bi,1.4.6,Quy trình sản xuất & duyệt nội dung,1.3.4,thuc-thi,framework,tap-doan,,nguon-ben-ngoai|nguon-the-hoang-work|thiet-bi-livestream|quay-video-ban-hang|chi-phi-thiet-bi,cao,,g1
6ab6fc0df3ad31ef11df0dd8,"Chi phí sản xuất video TikTok Shop: thuê ngoài 300–500 nghìn/clip hoặc lương 15 triệu/tháng, và cần khối lượng lớn (50-100+ clip) mới đủ xây thương hiệu",marketing.video-ngan-tiktok,insight,nguon-ben-ngoai|the-hoang-work|chi-phi-san-xuat-video|xay-dung-thuong-hieu|video-ads,1.4.6,Quy trình sản xuất & duyệt nội dung,1.1.1,thiet-ke,insight,vcpart|vcmedia,,nguon-ben-ngoai|nguon-the-hoang-work|chi-phi-san-xuat-video|xay-dung-thuong-hieu|video-ads,cao,,g1
6ab4adc0b1c921b0a784dbc4,Vì sao nhiều thương hiệu tổ chức giải chạy: 3 lớp xu hướng sức khoẻ → hành vi → định dạng activation,marketing.chien-luoc-thuong-hieu|marketing.nghien-cuu-thi-truong-doi-thu,insight,activation|su-kien|cong-dong|chuyen-mar|nguon-ben-ngoai,1.5,Trade marketing & sự kiện,1.1.2,thiet-ke,insight,tap-doan,,nguon-chuyen-mar|nguon-ben-ngoai|activation|su-kien|cong-dong,thap,Sự kiện activation thương hiệu (B2C); các node 1.5.x thiên về trade B2B — có thể 1.5.4 hoặc 1.1.2,g1
6ab4ba89b1c921b0a784dc33,"Thiết kế chương trình khuyến mại: tính toán trước, giãn khoảng cách giữa các đợt và xoay vòng cơ cấu để tránh ""nhờn""",ban-hang-cskh.kenh-phan-phoi|tai-chinh.ngan-sach-ke-hoach|marketing.tam-ly-khach-hang,framework,khuyen-mai|trade-promotion|chiet-khau|du-bao|nguon-ben-ngoai|do-xuan-tung,1.5.1,Khuyến mãi cho gara & đại lý,2.3.2,thiet-ke,framework,tap-doan,,nguon-ben-ngoai|nguon-do-xuan-tung|khuyen-mai|trade-promotion|chiet-khau|du-bao,cao,Thiết kế khuyến mại cho kênh → 1.5.1,g2
6ab6938af3ad31ef11df0add,"Khuyến mại từ NĐ 239/2026: 6 trường hợp không phải đăng ký Sở Công Thương, mức giảm giá tối đa 50%/100% và rủi ro giảm giá ảo",phap-ly.quy-dinh-nganh,regulation,nguon-ben-ngoai|chi-gai-ke-toan|khuyen-mai|thuong-mai-dien-tu,1.5.1,Khuyến mãi cho gara & đại lý,2.5.1|3.6.3,thuc-thi,regulation,tap-doan,,nguon-ben-ngoai|nguon-chi-gai-ke-toan|khuyen-mai|thuong-mai-dien-tu,cao,,g4
6ab4b9a1b1c921b0a784dbf0,Chuyển từ bán hàng tự phát sang quản lý bán hàng chuyên nghiệp: không có thị trường nào không cạnh tranh,nhan-su-quan-tri.lanh-dao-quan-ly-doi-ngu|marketing.nghien-cuu-thi-truong-doi-thu|ban-hang-cskh.kenh-phan-phoi,insight,quan-ly-ban-hang-chuyen-nghiep|canh-tranh|chien-luoc|sme|nguon-ben-ngoai|do-xuan-tung,2.1,Chiến lược & tổ chức bán hàng,5.1.2,dieu-hanh,insight,vcpart,,nguon-ben-ngoai|nguon-do-xuan-tung|quan-ly-ban-hang-chuyen-nghiep|canh-tranh|chien-luoc|sme,thap,"Tổng quan về xây hệ thống quản lý bán hàng chuyên nghiệp, chưa rõ tầng 3; có thể 2.1.2.",g5
6ab4ad8bb1c921b0a784dbc1,"Vì sao Vinamilk, TH true MILK vẫn mở cửa hàng dù doanh thu chủ yếu từ đại lý và online: cửa hàng là chi phí marketing",ban-hang-cskh.kenh-phan-phoi|marketing.chien-luoc-thuong-hieu,case_study,kenh-phan-phoi|cua-hang|halo-effect|chuyen-mar|nguon-ben-ngoai,2.1.1,Mô hình phân phối & phân tuyến,1.1.3,dieu-hanh,case_study,tap-doan,,nguon-chuyen-mar|nguon-ben-ngoai|cua-hang|halo-effect,cao,,g2
6ab4b9b5b1c921b0a784dbf6,"Cộng tác viên và ""biến nhân viên thành đại lý"" chỉ hợp giai đoạn mở thị trường: về dài hạn gây loạn giá, chững độ phủ và mất thông tin thị trường",ban-hang-cskh.kenh-phan-phoi|nhan-su-quan-tri.lanh-dao-quan-ly-doi-ngu,insight,cong-tac-vien|kenh-phan-phoi|do-phu|nguon-ben-ngoai|do-xuan-tung,2.1.1,Mô hình phân phối & phân tuyến,2.4.2,dieu-hanh,insight,tap-doan,,nguon-ben-ngoai|nguon-do-xuan-tung|cong-tac-vien|do-phu,cao,,g2
6ab4b9d9b1c921b0a784dbfe,"""Khôn độc không bằng ngốc đàn"": ưu tiên nhiều khách nhỏ hơn vài khách lớn để phân tán rủi ro",ban-hang-cskh.kenh-phan-phoi|nhan-su-quan-tri.lanh-dao-quan-ly-doi-ngu,framework,phan-tan-rui-ro|khach-hang-nho|kpi-sales|phan-phoi|nguon-ben-ngoai|do-xuan-tung,2.1.1,Mô hình phân phối & phân tuyến,2.1.3,dieu-hanh,framework,tap-doan,,nguon-ben-ngoai|nguon-do-xuan-tung|phan-tan-rui-ro|khach-hang-nho|kpi-sales|phan-phoi,cao,,g2
6ab69d56f3ad31ef11df0bd0,"Phân biệt điểm bán lẻ, đại lý, nhà phân phối theo quy mô nhập hàng; và bẫy khi doanh nghiệp sản xuất tự nhảy sang bán lẻ",ban-hang-cskh.kenh-phan-phoi,concept,nguon-ben-ngoai|tran-manh-hung|kenh-phan-phoi|to-chuc-ban-hang|san-xuat-ban-le,2.1.1,Mô hình phân phối & phân tuyến,2.4.1,nhap-mon,concept,tap-doan,,nguon-ben-ngoai|nguon-tran-manh-hung|to-chuc-ban-hang|san-xuat-ban-le,cao,,g2
6ab4b9efb1c921b0a784dc06,Order getter hay order taker: chọn kiểu sales theo giai đoạn thương hiệu,ban-hang-cskh.ky-nang-ban-hang|nhan-su-quan-tri.lanh-dao-quan-ly-doi-ngu,framework,order-getter|order-taker|doi-sales|nguon-ben-ngoai|do-xuan-tung,2.1.2,"Cơ cấu đội sales, định biên & MTCV",,thiet-ke,framework,tap-doan,,nguon-ben-ngoai|nguon-do-xuan-tung|order-getter|order-taker|doi-sales,cao,,g2
6ab4bac5b1c921b0a784dc40,"Phân vai nhân viên – quản lý – giám đốc bán hàng: làm đúng chuẩn, nâng kỹ năng đội, dựng ""luật chơi"" rồi đứng ngoài quan sát",nhan-su-quan-tri.lanh-dao-quan-ly-doi-ngu,framework,giam-doc-ban-hang|quan-ly-ban-hang|phan-vai|mo-ta-cong-viec|nguon-ben-ngoai|do-xuan-tung,2.1.2,"Cơ cấu đội sales, định biên & MTCV",5.4.4,thiet-ke,framework,vcpart,,nguon-ben-ngoai|nguon-do-xuan-tung|giam-doc-ban-hang|quan-ly-ban-hang|phan-vai|mo-ta-cong-viec,cao,,g5
6ab4bc36b1c921b0a784dc90,"Ưu tiên tuyển sales mới có tiềm năng hơn sales cùng ngành lâu năm, và tuyển đủ quân số thay vì dồn tâm huyết vào vài người",nhan-su-quan-tri.tuyen-dung,insight,tuyen-dung-sales|sales-moi|sales-kinh-nghiem|nguon-ben-ngoai|do-xuan-tung,2.1.2,"Cơ cấu đội sales, định biên & MTCV",4.2.3,dieu-hanh,insight,vcpart,qt.nhan-su.a,nguon-ben-ngoai|nguon-do-xuan-tung|tuyen-dung-sales|sales-moi|sales-kinh-nghiem,cao,,g6
6ab4b9f6b1c921b0a784dc09,"Đặt KPI sales từ thống kê năng lực, sát ngưỡng khả năng và theo dõi bằng 3 màu xanh – vàng – đỏ",nhan-su-quan-tri.lanh-dao-quan-ly-doi-ngu|ban-hang-cskh,framework,kpi|chi-tieu-doanh-so|quan-ly-sales|nguon-ben-ngoai|do-xuan-tung,2.1.3,"Chỉ tiêu, hạn ngạch & thưởng doanh số",4.5.1,thiet-ke,framework,vcpart,,nguon-ben-ngoai|nguon-do-xuan-tung|kpi|chi-tieu-doanh-so|quan-ly-sales,cao,,g5
6ab4ba0db1c921b0a784dc0c,"Lương cơ bản của sales phải gắn với mức nỗ lực trung bình tối thiểu, không phải ""lương cứng"" trả cho việc có mặt, cũng không tính theo doanh thu",nhan-su-quan-tri.lanh-dao-quan-ly-doi-ngu|ban-hang-cskh,framework,co-che-luong|luong-co-ban|kpi-sales|nguon-ben-ngoai|do-xuan-tung,2.1.3,"Chỉ tiêu, hạn ngạch & thưởng doanh số",4.4.1,thiet-ke,framework,vcpart,qt.nhan-su.c,nguon-ben-ngoai|nguon-do-xuan-tung|co-che-luong|luong-co-ban|kpi-sales,cao,,g5
6ab4ba62b1c921b0a784dc26,"Chống ""dồn toa"" cuối kỳ: chia chỉ tiêu tháng theo tuần/ngày và buộc sales outbound ngay đầu kỳ",nhan-su-quan-tri.lanh-dao-quan-ly-doi-ngu|ban-hang-cskh,framework,chi-tieu-doanh-so|quan-ly-sales|outbound|nguon-ben-ngoai|do-xuan-tung,2.1.3,"Chỉ tiêu, hạn ngạch & thưởng doanh số",2.1.4,van-hanh,framework,vcpart,,nguon-ben-ngoai|nguon-do-xuan-tung|chi-tieu-doanh-so|quan-ly-sales|outbound,cao,,g5
6ab4ba65b1c921b0a784dc27,"Chỉ cần 3–4 KPI thiết yếu cho đội sales, bắt buộc có chỉ tiêu số đơn hàng bên cạnh doanh số",nhan-su-quan-tri.lanh-dao-quan-ly-doi-ngu|ban-hang-cskh.kenh-phan-phoi,framework,kpi|co-che-luong|so-don-hang|do-phu-thi-truong|nguon-ben-ngoai|do-xuan-tung,2.1.3,"Chỉ tiêu, hạn ngạch & thưởng doanh số",4.5.1,thiet-ke,framework,vcpart,,nguon-ben-ngoai|nguon-do-xuan-tung|kpi|co-che-luong|so-don-hang|do-phu-thi-truong,cao,,g5
6ab4ba8ab1c921b0a784dc34,"Đặt chỉ tiêu doanh số có căn cứ: không lấy trung bình quá khứ tự phát, đo tiềm năng thật, nói rõ % tiềm năng thị trường và không tăng cảm tính",tai-chinh.ngan-sach-ke-hoach|nhan-su-quan-tri.lanh-dao-quan-ly-doi-ngu,lesson,chi-tieu-doanh-so|tiem-nang-thi-truong|ke-hoach-kinh-doanh|nguon-ben-ngoai|do-xuan-tung,2.1.3,"Chỉ tiêu, hạn ngạch & thưởng doanh số",3.1.2,thiet-ke,lesson,tap-doan,,nguon-ben-ngoai|nguon-do-xuan-tung|chi-tieu-doanh-so|tiem-nang-thi-truong|ke-hoach-kinh-doanh,cao,Ngoài mảng 3: cách đặt chỉ tiêu cho đội sales → 2.1.3; phương án tài chính: 3.1.2.,g3
6ab4bad3b1c921b0a784dc43,"3 tiêu chí của cơ chế lương sales: gói trong một trang, mọi KPI quy thẳng ra tiền, người hưởng biết cách ""chơi""",nhan-su-quan-tri.lanh-dao-quan-ly-doi-ngu|ban-hang-cskh,framework,co-che-luong|kpi|quan-ly-sales|nguon-ben-ngoai|do-xuan-tung,2.1.3,"Chỉ tiêu, hạn ngạch & thưởng doanh số",4.4.1,thiet-ke,framework,vcpart,qt.nhan-su.c,nguon-ben-ngoai|nguon-do-xuan-tung|co-che-luong|kpi|quan-ly-sales,cao,,g5
6ab4baf7b1c921b0a784dc4e,"Triển khai cơ chế lương cho đội sales: họp đầu tháng tính thử với từng người, chỉ rõ con đường đạt, công khai công thức và chỉ số KPI",nhan-su-quan-tri.lanh-dao-quan-ly-doi-ngu|nhan-su-quan-tri.van-hoa-doanh-nghiep,lesson,co-che-luong|cong-khai-kpi|truyen-thong-noi-bo|nguon-ben-ngoai|do-xuan-tung,2.1.3,"Chỉ tiêu, hạn ngạch & thưởng doanh số",5.5.2,van-hanh,lesson,vcpart,qt.nhan-su.c,nguon-ben-ngoai|nguon-do-xuan-tung|co-che-luong|cong-khai-kpi|truyen-thong-noi-bo,cao,,g5
6ab4bb30b1c921b0a784dc59,Kế hoạch bán hàng là việc của quản lý: phải dám cam kết mức doanh số tối thiểu dựa trên chỉ số hoạt động của đội,nhan-su-quan-tri.lanh-dao-quan-ly-doi-ngu|tai-chinh.ngan-sach-ke-hoach,lesson,ke-hoach-ban-hang|cam-ket-doanh-so|quan-ly-sales|nguon-ben-ngoai|do-xuan-tung,2.1.3,"Chỉ tiêu, hạn ngạch & thưởng doanh số",2.1.4,van-hanh,lesson,vcpart,qt.dieu-hanh-thang.a,nguon-ben-ngoai|nguon-do-xuan-tung|ke-hoach-ban-hang|cam-ket-doanh-so|quan-ly-sales,cao,,g5
6ab4bb32b1c921b0a784dc5a,"Thiết kế thưởng cho sales: tối đa 3 mức có cam kết đầu kỳ, thưởng theo mức vượt trung bình của chính mỗi người, không thưởng việc ai cũng làm",nhan-su-quan-tri.lanh-dao-quan-ly-doi-ngu,framework,co-che-thuong|quan-ly-sales|chi-tieu-doanh-so|nguon-ben-ngoai|do-xuan-tung,2.1.3,"Chỉ tiêu, hạn ngạch & thưởng doanh số",4.4.2,thiet-ke,framework,vcpart,qt.nhan-su.c,nguon-ben-ngoai|nguon-do-xuan-tung|co-che-thuong|quan-ly-sales|chi-tieu-doanh-so,cao,,g5
6ab4bb70b1c921b0a784dc6b,Lương và KPI của sales phải tính theo cá nhân; thưởng đội chỉ cộng thêm khi từng người đạt chỉ tiêu của mình,nhan-su-quan-tri.lanh-dao-quan-ly-doi-ngu,lesson,co-che-luong|kpi-ca-nhan|luong-nhom|quan-ly-sales|nguon-ben-ngoai|do-xuan-tung,2.1.3,"Chỉ tiêu, hạn ngạch & thưởng doanh số",4.4.1,thiet-ke,lesson,vcpart,qt.nhan-su.c,nguon-ben-ngoai|nguon-do-xuan-tung|co-che-luong|kpi-ca-nhan|luong-nhom|quan-ly-sales,cao,,g5
6ab69dfcf3ad31ef11df0bec,"Bộ KPI đa chiều 3-5 chỉ tiêu cho sale, marketing và kế hoạch kinh doanh: không dồn tất cả vào doanh thu tổng",ban-hang-cskh.ky-nang-ban-hang|tai-chinh.ngan-sach-ke-hoach|nhan-su-quan-tri.lanh-dao-quan-ly-doi-ngu,framework,nguon-ben-ngoai|tran-manh-hung|kpi|quan-tri-sale|ke-hoach-kinh-doanh,2.1.3,"Chỉ tiêu, hạn ngạch & thưởng doanh số",4.4.2,thiet-ke,framework,tap-doan,,nguon-ben-ngoai|nguon-tran-manh-hung|kpi|quan-tri-sale|ke-hoach-kinh-doanh,cao,,g2
6ab69e3af3ad31ef11df0bfa,"Benchmark doanh thu sale: dưới 200 triệu/tháng là thấp, ~350-500 triệu là tốt, và cách tính ngân sách đội sale ở mức 8% doanh thu",ban-hang-cskh.ky-nang-ban-hang,insight,nguon-ben-ngoai|tran-manh-hung|benchmark-sale|luong-thuong|kpi,2.1.3,"Chỉ tiêu, hạn ngạch & thưởng doanh số",4.4.3,thiet-ke,insight,tap-doan,,nguon-ben-ngoai|nguon-tran-manh-hung|benchmark-sale|luong-thuong|kpi,cao,,g2
6ab4b96eb1c921b0a784dbe6,"Đừng quản đội sales chỉ bằng doanh số: 3 chức năng của đội sales và câu hỏi ""doanh số đến từ đâu""",nhan-su-quan-tri.lanh-dao-quan-ly-doi-ngu|ban-hang-cskh.ky-nang-ban-hang|tai-chinh.ngan-sach-ke-hoach,framework,quan-ly-sales|chuc-nang-doi-sales|chi-tieu-doanh-so|giam-doc-ban-hang|nguon-ben-ngoai|do-xuan-tung,2.1.4,"Quản lý đội sales (họp, coaching, pipeline)",2.1.3,dieu-hanh,framework,vcpart,,nguon-ben-ngoai|nguon-do-xuan-tung|quan-ly-sales|chuc-nang-doi-sales|chi-tieu-doanh-so|giam-doc-ban-hang,cao,,g5
6ab4ba7fb1c921b0a784dc2e,"Kịch bản bán hàng chuẩn cho cả đội, viết đơn giản, tách 2–3 phiên bản theo giới tính, độ tuổi và thời lượng",ban-hang-cskh.ky-nang-ban-hang|nhan-su-quan-tri.lanh-dao-quan-ly-doi-ngu,framework,kich-ban-ban-hang|chuan-hoa-quy-trinh|quan-ly-sales|nguon-ben-ngoai|do-xuan-tung,2.1.4,Quản lý đội sales,2.2.3,thiet-ke,framework,tap-doan,,nguon-ben-ngoai|nguon-do-xuan-tung|kich-ban-ban-hang|chuan-hoa-quy-trinh|quan-ly-sales,cao,Kịch bản chuẩn cho cả đội là việc của quản lý → 2.1.4,g2
6ab4ba88b1c921b0a784dc30,"Họp sáng đội sales 15–20 phút dù 20–50 người: đọc báo cáo từ tối hôm trước, gom phản đối lặp lại vào sổ tay, họp chỉ bàn vấn đề mới",nhan-su-quan-tri.lanh-dao-quan-ly-doi-ngu|ban-hang-cskh.ky-nang-ban-hang,framework,hop-doi-sales|so-tay-phan-doi|quan-ly-sales|nguon-ben-ngoai|do-xuan-tung,2.1.4,"Quản lý đội sales (họp, coaching, pipeline)",5.3.3,van-hanh,framework,vcpart,,nguon-ben-ngoai|nguon-do-xuan-tung|hop-doi-sales|so-tay-phan-doi|quan-ly-sales,cao,,g5
6ab4ba9eb1c921b0a784dc37,Kịch bản bán hàng phải kiểm chứng ngoài thị trường: bám thông tin đối thủ đang chào khách và thử kịch bản do AI viết trước khi áp dụng,ban-hang-cskh.ky-nang-ban-hang|marketing.nghien-cuu-thi-truong-doi-thu,lesson,kich-ban-ban-hang|doi-thu-canh-tranh|ai-trong-ban-hang|nguon-ben-ngoai|do-xuan-tung,2.1.4,Quản lý đội sales,2.2.3,van-hanh,lesson,tap-doan,,nguon-ben-ngoai|nguon-do-xuan-tung|kich-ban-ban-hang|doi-thu-canh-tranh|ai-trong-ban-hang,cao,,g2
6ab4baabb1c921b0a784dc3b,"Hai ""nghi lễ"" hằng ngày của đội sales: báo cáo định lượng + định tính được đọc kỹ, và họp mỗi ngày để giữ thông tin chính xác và gắn kết đội",nhan-su-quan-tri.lanh-dao-quan-ly-doi-ngu|nhan-su-quan-tri.van-hoa-doanh-nghiep,concept,hop-doi-sales|bao-cao-ngay|learning-organization|nguon-ben-ngoai|do-xuan-tung,2.1.4,"Quản lý đội sales (họp, coaching, pipeline)",5.3.3,van-hanh,concept,vcpart,,nguon-ben-ngoai|nguon-do-xuan-tung|hop-doi-sales|bao-cao-ngay|learning-organization,cao,,g5
6ab4baebb1c921b0a784dc4c,"Nhịp làm việc ngày của sales theo PDCA: sáng kê việc, theo dõi tiến độ theo tỷ lệ thời gian, rút kinh nghiệm sau từng cuộc gặp, tối báo cáo lệch mục tiêu",nhan-su-quan-tri.lanh-dao-quan-ly-doi-ngu|nhan-su-quan-tri.dao-tao-phat-trien,framework,pdca|bao-cao-ngay|quan-ly-sales|rut-kinh-nghiem|nguon-ben-ngoai|do-xuan-tung,2.1.4,"Quản lý đội sales (họp, coaching, pipeline)",5.6.3,van-hanh,framework,vcpart,,nguon-ben-ngoai|nguon-do-xuan-tung|pdca|bao-cao-ngay|quan-ly-sales|rut-kinh-nghiem,cao,,g5
6ab4bb04b1c921b0a784dc51,"Việc chính của quản lý bán hàng là nâng kỹ năng nhân viên: phân bổ admin 10–15%, training văn phòng 10–15%, kèm thực địa 60–70%",nhan-su-quan-tri.lanh-dao-quan-ly-doi-ngu|nhan-su-quan-tri.dao-tao-phat-trien,framework,quan-ly-ban-hang|huan-luyen-thuc-dia|coaching|phan-bo-thoi-gian|nguon-ben-ngoai|do-xuan-tung,2.1.4,"Quản lý đội sales (họp, coaching, pipeline)",4.3.4,van-hanh,framework,vcpart,,nguon-ben-ngoai|nguon-do-xuan-tung|quan-ly-ban-hang|huan-luyen-thuc-dia|coaching|phan-bo-thoi-gian,cao,,g5
6ab4bb16b1c921b0a784dc56,Thúc đẩy đội sales bằng huấn luyện hành vi và yêu cầu rõ ràng: động viên tinh thần chỉ 10–20%,nhan-su-quan-tri.lanh-dao-quan-ly-doi-ngu|nhan-su-quan-tri.dao-tao-phat-trien,framework,dong-luc|huan-luyen-sales|quan-ly-sales|chu-dong|nguon-ben-ngoai|do-xuan-tung,2.1.4,"Quản lý đội sales (họp, coaching, pipeline)",5.4.3,van-hanh,framework,vcpart,,nguon-ben-ngoai|nguon-do-xuan-tung|dong-luc|huan-luyen-sales|quan-ly-sales|chu-dong,cao,,g5
6ab4bb1ab1c921b0a784dc58,"Rà soát báo cáo của sales để không bị dắt mũi: nhận diện báo cáo chung chung, hỏi đến tận cùng, kiểm chứng bằng số liệu và giấu ý kiến riêng",nhan-su-quan-tri.lanh-dao-quan-ly-doi-ngu|marketing.nghien-cuu-thi-truong-doi-thu,framework,bao-cao-ngay|ra-soat-bao-cao|quan-ly-sales|kiem-chung-thong-tin|nguon-ben-ngoai|do-xuan-tung,2.1.4,"Quản lý đội sales (họp, coaching, pipeline)",5.3.4,van-hanh,framework,vcpart,,nguon-ben-ngoai|nguon-do-xuan-tung|bao-cao-ngay|ra-soat-bao-cao|quan-ly-sales|kiem-chung-thong-tin,cao,,g5
6ab4bb3db1c921b0a784dc5e,"Kèm cặp sales: mỗi buổi chỉ sửa 1–2 lỗi, chỉ rõ lỗi đến từng câu chữ, làm mẫu và bán mẫu trên chính khách hàng đó",nhan-su-quan-tri.dao-tao-phat-trien|nhan-su-quan-tri.lanh-dao-quan-ly-doi-ngu,framework,huan-luyen-sales|coaching|sua-loi|nguon-ben-ngoai|do-xuan-tung,2.1.4,"Quản lý đội sales (họp, coaching, pipeline)",4.3.4,van-hanh,framework,vcpart,qt.nhan-su.b,nguon-ben-ngoai|nguon-do-xuan-tung|huan-luyen-sales|coaching|sua-loi,cao,,g6
6ab4bba1b1c921b0a784dc77,"Giám đốc bán hàng phải tự ra thị trường: kiểm chứng báo cáo chỉ đúng 70–80%, tìm tiềm năng chưa khai thác, đo sức chịu chỉ tiêu của đội",nhan-su-quan-tri.lanh-dao-quan-ly-doi-ngu|marketing.nghien-cuu-thi-truong-doi-thu,lesson,giam-doc-ban-hang|di-thi-truong|kiem-chung-thong-tin|quan-ly-sales|nguon-ben-ngoai|do-xuan-tung,2.1.4,"Quản lý đội sales (họp, coaching, pipeline)",1.2.4,dieu-hanh,lesson,vcpart,,nguon-ben-ngoai|nguon-do-xuan-tung|giam-doc-ban-hang|di-thi-truong|kiem-chung-thong-tin|quan-ly-sales,cao,,g5
6ab4bc31b1c921b0a784dc8f,"Vẫn phải lập kế hoạch tháng/tuần dù thị trường biến động: giám đốc lập kế hoạch bán hàng, quản lý lập kế hoạch huấn luyện",tai-chinh.ngan-sach-ke-hoach|nhan-su-quan-tri.lanh-dao-quan-ly-doi-ngu,framework,ke-hoach-ban-hang|ke-hoach-huan-luyen|ky-luat|viec-xen-ngang|nguon-ben-ngoai|do-xuan-tung,2.1.4,"Quản lý đội sales (họp, coaching, pipeline)",5.3.2,van-hanh,framework,tap-doan,qt.dieu-hanh-thang.a,nguon-ben-ngoai|nguon-do-xuan-tung|ke-hoach-ban-hang|ke-hoach-huan-luyen|ky-luat|viec-xen-ngang,cao,"Ngoài mảng 3: kế hoạch của quản lý đội sales, không phải ngân sách tài chính; có thể 5.3.2.",g3
6ab4bc58b1c921b0a784dc95,"Quản trị nhịp tăng trưởng đội sales: tạo ""chiếu nghỉ"" sau tăng nóng, đo hiệu suất thay vì hài lòng vì có lãi, nhìn biến động theo dài hạn",nhan-su-quan-tri.lanh-dao-quan-ly-doi-ngu|tai-chinh.ngan-sach-ke-hoach,insight,nhip-tang-truong|chieu-nghi|hieu-suat-doi-ngu|quan-ly-sales|nguon-ben-ngoai|do-xuan-tung,2.1.4,"Quản lý đội sales (họp, coaching, pipeline)",5.3.2,dieu-hanh,insight,vcpart,,nguon-ben-ngoai|nguon-do-xuan-tung|nhip-tang-truong|chieu-nghi|hieu-suat-doi-ngu|quan-ly-sales,cao,,g5
6ab4d99dacd6c9f78ee26c0b,Tổng hợp: Quản lý & kỷ luật đội sales theo Đỗ Xuân Tùng — 8 nguyên tắc rút từ ~70 video,nhan-su-quan-tri.lanh-dao-quan-ly-doi-ngu|nhan-su-quan-tri.van-hoa-doanh-nghiep,framework,quan-ly-sales|ky-luat|tong-hop-chu-de|hop-bao-cao|uy-lanh-dao|nguon-ben-ngoai|do-xuan-tung,2.1.4,"Quản lý đội sales (họp, coaching, pipeline)",5.4.5,thiet-ke,framework,vcpart,,nguon-ben-ngoai|nguon-do-xuan-tung|quan-ly-sales|ky-luat|tong-hop-chu-de|hop-bao-cao|uy-lanh-dao,cao,,g5
6ab70241f3ad31ef11df0e2f,"Xây đội livestream thay chủ: cần đào tạo kỹ năng bài bản, tính đủ chi phí vận hành, và cẩn trọng rủi ro nhân sự ""bay"" sau khi có thương hiệu cá nhân",nhan-su-quan-tri.lanh-dao-quan-ly-doi-ngu|nhan-su-quan-tri.dao-tao-phat-trien,framework,nguon-ben-ngoai|the-hoang-work|livestream|xay-doi-ngu|van-hanh-san-tmdt,2.1.4,"Quản lý đội sales (họp, coaching, pipeline)",2.5.5,dieu-hanh,framework,vcpart,qt.san-tmdt.b,nguon-ben-ngoai|nguon-the-hoang-work|livestream|xay-doi-ngu|van-hanh-san-tmdt,cao,,g5
6ab73d6bb43e7b02a2eab67b,"Động lực bán hàng chỉ mạnh khi nhân viên hiểu rõ mục tiêu KPI cụ thể của mình và tin, hiểu sâu vào sản phẩm đang bán",ban-hang-cskh.ky-nang-ban-hang|nhan-su-quan-tri.lanh-dao-quan-ly-doi-ngu,insight,nguon-ben-ngoai|tran-manh-hung|kpi-sales|dong-luc-nhan-vien|dao-tao-san-pham,2.1.4,Quản lý đội sales,5.4.3,van-hanh,insight,tap-doan,,nguon-ben-ngoai|nguon-tran-manh-hung|kpi-sales|dong-luc|dao-tao-san-pham,cao,,g2
6ab4b982b1c921b0a784dbec,"Hai bộ hồ sơ đội sales cần có: hồ sơ khách hàng (cả cách ra quyết định) và hồ sơ nhân viên (cả động lực, hoàn cảnh)",ban-hang-cskh.ky-nang-ban-hang|nhan-su-quan-tri.lanh-dao-quan-ly-doi-ngu,framework,ho-so-khach-hang|ho-so-nhan-vien|ban-hang-b2b|quan-ly-sales|nguon-ben-ngoai|do-xuan-tung,2.1.5,Công cụ bán hàng,2.1.4,thiet-ke,framework,tap-doan,,nguon-ben-ngoai|nguon-do-xuan-tung|ho-so-khach-hang|ho-so-nhan-vien|ban-hang-b2b|quan-ly-sales,cao,,g2
6ab4b952b1c921b0a784dbdf,Không để sales tự quyết giá: chỉ cho biên độ giá kèm cam kết kết quả và giữ chính sách giá thống nhất từ đầu,ban-hang-cskh.kenh-phan-phoi|nhan-su-quan-tri.lanh-dao-quan-ly-doi-ngu,lesson,chinh-sach-gia|quyen-quyet-gia|quan-ly-sales|nguon-ben-ngoai|do-xuan-tung,2.1.6,Phân quyền & duyệt báo giá,2.3.1,thiet-ke,lesson,tap-doan,,nguon-ben-ngoai|nguon-do-xuan-tung|chinh-sach-gia|quyen-quyet-gia|quan-ly-sales,cao,,g2
6ab4ba4ab1c921b0a784dc21,"Ba thói quen làm nên sales giỏi: chủ động, nghĩ theo hệ quy chiếu của khách, rút kinh nghiệm và tăng nỗ lực 2–3% mỗi ngày",ban-hang-cskh.ky-nang-ban-hang|nhan-su-quan-tri.dao-tao-phat-trien,framework,sales-moi|chu-dong|rut-kinh-nghiem|nguon-ben-ngoai|do-xuan-tung,2.2,Kỹ năng bán hàng B2B,4.3.3,thuc-thi,framework,tap-doan,,nguon-ben-ngoai|nguon-do-xuan-tung|sales-moi|chu-dong|rut-kinh-nghiem,cao,"Thói quen chung của sales giỏi, không thuộc riêng node con → tầng 2",g2
6ab4b978b1c921b0a784dbe9,"Bán B2B phải phủ cả vòng ảnh hưởng của người quyết định, tìm hiểu sơ đồ quyền lực từ trước và theo dõi tín hiệu thay đổi",ban-hang-cskh.ky-nang-ban-hang|marketing.chan-dung-khach-hang,framework,b2b|vong-anh-huong|nguoi-ra-quyet-dinh|nguon-ben-ngoai|do-xuan-tung,2.2.1,Tìm kiếm & tiếp cận khách,1.2.1,thuc-thi,framework,tap-doan,qt.ban-hang-b2b.a,nguon-ben-ngoai|nguon-do-xuan-tung|b2b|vong-anh-huong|nguoi-ra-quyet-dinh,cao,,g2
6ab4b9dab1c921b0a784dc01,Cuộc gặp B2B đầu tiên thành công khi chốt được cuộc hẹn thứ hai; chuẩn bị bằng quay video tập nói và học thuộc kịch bản,ban-hang-cskh.ky-nang-ban-hang,lesson,ban-hang-b2b|cuoc-hen-thu-hai|ky-nang-trinh-bay|nguon-ben-ngoai|do-xuan-tung,2.2.1,Tìm kiếm & tiếp cận khách,2.2.3,thuc-thi,lesson,tap-doan,qt.ban-hang-b2b.a,nguon-ben-ngoai|nguon-do-xuan-tung|ban-hang-b2b|cuoc-hen-thu-hai|ky-nang-trinh-bay,cao,,g2
6ab4ba0fb1c921b0a784dc0d,"Sales phải đứng ở tư thế tối thiểu ngang hàng với khách, vì khách đọc thái độ nhiều hơn nội dung",ban-hang-cskh.ky-nang-ban-hang|marketing.tam-ly-khach-hang,concept,tu-tin|tu-the-ban-hang|tam-ly-khach-hang|nguon-ben-ngoai|do-xuan-tung,2.2.1,Tìm kiếm & tiếp cận khách,,nhap-mon,concept,tap-doan,,nguon-ben-ngoai|nguon-do-xuan-tung|tu-tin|tu-the-ban-hang,cao,,g2
6ab4ba29b1c921b0a784dc18,"6 cách để sales thoát thế ""cửa dưới"" khi gặp khách",ban-hang-cskh.ky-nang-ban-hang,framework,tu-tin|xung-ho|gap-khach-hang|nguon-ben-ngoai|do-xuan-tung,2.2.1,Tìm kiếm & tiếp cận khách,,thuc-thi,framework,tap-doan,,nguon-ben-ngoai|nguon-do-xuan-tung|tu-tin|xung-ho|gap-khach-hang,cao,,g2
6ab4ba40b1c921b0a784dc1f,"Trước mỗi buổi gặp khách: xác định mục tiêu và khung thời gian, xem lại lịch sử, hình dung cả tình huống xấu nhất",ban-hang-cskh.ky-nang-ban-hang,framework,gap-khach-hang|muc-tieu-cuoc-gap|chuan-bi|nguon-ben-ngoai|do-xuan-tung,2.2.1,Tìm kiếm & tiếp cận khách,2.2.5,thuc-thi,checklist,tap-doan,qt.ban-hang-b2b.b,nguon-ben-ngoai|nguon-do-xuan-tung|gap-khach-hang|muc-tieu-cuoc-gap|chuan-bi,cao,Việc cần làm trước mỗi buổi gặp → checklist,g2
6ab4ba7bb1c921b0a784dc2d,"Tạo thiện cảm bằng cách chủ động mở mình trước: kể nhiều câu chuyện để quét điểm chung, đan xen chuyện công việc và chuyện cá nhân",ban-hang-cskh.ky-nang-ban-hang|marketing.tam-ly-khach-hang,framework,tao-thien-cam|ke-chuyen|diem-chung|nguon-ben-ngoai|do-xuan-tung,2.2.1,Tìm kiếm & tiếp cận khách,,thuc-thi,framework,tap-doan,,nguon-ben-ngoai|nguon-do-xuan-tung|tao-thien-cam|ke-chuyen|diem-chung,cao,,g2
6ab4baa0b1c921b0a784dc39,"Tiếp cận khách lần đầu: đừng lao vào chào sản phẩm – hỏi thăm thân mật, xin lời khuyên khách lớn tuổi, chân thành với khách lớn và tránh chủ đề nhạy cảm",ban-hang-cskh.ky-nang-ban-hang|marketing.tam-ly-khach-hang,lesson,tiep-can-khach-hang|gap-lan-dau|khach-lon-tuoi|nguon-ben-ngoai|do-xuan-tung,2.2.1,Tìm kiếm & tiếp cận khách,,thuc-thi,lesson,tap-doan,qt.ban-hang-b2b.a,nguon-ben-ngoai|nguon-do-xuan-tung|tiep-can-khach-hang|gap-lan-dau|khach-lon-tuoi,cao,,g2
6ab69cdcf3ad31ef11df0bbc,"Đừng gọi khách nữ đi cùng con nhỏ là ""cô/bác"": mẹo xưng hô để không mất đơn hàng",ban-hang-cskh.ky-nang-ban-hang,lesson,nguon-ben-ngoai|anh-anh-tudo|ky-nang-ban-hang|cham-soc-khach-hang,2.2.1,Tìm kiếm & tiếp cận khách,,thuc-thi,lesson,tap-doan,,nguon-ben-ngoai|nguon-anh-anh-tudo|giao-tiep-khach-hang,cao,,g2
6ab73d4fb43e7b02a2eab673,"Sản phẩm vô hình, giá trị cao khiến khách mua qua niềm tin và lời giới thiệu quen biết, không quyết định trên kênh quảng cáo online",ban-hang-cskh.ky-nang-ban-hang|ban-hang-cskh.cham-soc-khach-hang,insight,nguon-ben-ngoai|tran-manh-hung|niem-tin-khach-hang|ban-hang-b2b|truyen-mieng,2.2.1,Tìm kiếm & tiếp cận khách,1.2.3,dieu-hanh,insight,tap-doan,,nguon-ben-ngoai|nguon-tran-manh-hung|niem-tin-khach-hang|ban-hang-b2b|truyen-mieng,cao,,g2
6ab4b9a8b1c921b0a784dbf4,"Hỏi nhiều hơn nói: đặt câu hỏi từ nông đến sâu, dò cảm xúc trước, hỏi ""sát ván"" ngân sách và thời điểm khi gần chốt",ban-hang-cskh.ky-nang-ban-hang|nhan-su-quan-tri.lanh-dao-quan-ly-doi-ngu,framework,dat-cau-hoi|khai-thac-nhu-cau|giao-tiep|nguon-ben-ngoai|do-xuan-tung,2.2.2,Khai thác nhu cầu & tư vấn kỹ thuật,,thuc-thi,framework,tap-doan,qt.ban-hang-b2b.b,nguon-ben-ngoai|nguon-do-xuan-tung|dat-cau-hoi|khai-thac-nhu-cau|giao-tiep,cao,,g2
6ab4b9beb1c921b0a784dbfa,Bán giải pháp B2B: hiểu đối tác kiếm lãi thế nào và mang best practice của ngành đến cho họ,ban-hang-cskh.ky-nang-ban-hang|ban-hang-cskh.kenh-phan-phoi,framework,ban-hang-b2b|ban-giai-phap|loi-nhuan-khach-hang|nguon-ben-ngoai|do-xuan-tung,2.2.2,Khai thác nhu cầu & tư vấn kỹ thuật,2.4.3,thuc-thi,framework,tap-doan,qt.ban-hang-b2b.b,nguon-ben-ngoai|nguon-do-xuan-tung|ban-hang-b2b|ban-giai-phap|loi-nhuan-khach-hang,cao,,g2
6ab4bb81b1c921b0a784dc6f,"Sales giỏi ""nhạc nào cũng nhảy"": đổi giọng tư vấn theo phân khúc và điều chỉnh nói nhiều hay ít theo từng khách",ban-hang-cskh.ky-nang-ban-hang|marketing.chan-dung-khach-hang,lesson,thich-ung-khach-hang|phan-khuc-khach-hang|phong-cach-giao-tiep|nguon-ben-ngoai|do-xuan-tung,2.2.2,Khai thác nhu cầu & tư vấn kỹ thuật,1.2.1,thuc-thi,lesson,tap-doan,,nguon-ben-ngoai|nguon-do-xuan-tung|thich-ung-khach-hang|phan-khuc-khach-hang|phong-cach-giao-tiep,cao,,g2
6ab6815cdb4c6ad4f9b845ea,"Hiểu kho và nhu cầu của gara trước khi chào hàng: câu hỏi ""mở lòng"", hỏi vào chuyên môn, bị né thì đổi câu – đổi bối cảnh",ban-hang-cskh.ky-nang-ban-hang|marketing.tam-ly-khach-hang,lesson,noi-bo|di-thi-truong|dat-cau-hoi|huan-luyen-sales|ban-hang-b2b|chu-gara,2.2.2,Khai thác nhu cầu & tư vấn kỹ thuật,,thuc-thi,lesson,vcpart,qt.ban-hang-b2b.b,noi-bo|di-thi-truong|dat-cau-hoi|huan-luyen-sales|ban-hang-b2b,cao,,g2
6ab4b9beb1c921b0a784dbf9,"Bán giá cao hơn đối thủ: đào sâu chi tiết từ nhà sản xuất, nói theo hệ quy chiếu của khách, không hạ giá liên tục",ban-hang-cskh.ky-nang-ban-hang|marketing.tam-ly-khach-hang,framework,ban-gia-cao|he-quy-chieu|chao-hang|giu-gia|nguon-ben-ngoai|do-xuan-tung,2.2.3,Trình bày & báo giá,2.3.3,thuc-thi,framework,tap-doan,,nguon-ben-ngoai|nguon-do-xuan-tung|ban-gia-cao|he-quy-chieu|chao-hang|giu-gia,cao,,g2
6ab4b9c3b1c921b0a784dbfb,3 cấp độ trả lời khi khách hỏi giá: hỏi gì đáp nấy – hỏi một đáp ba bốn – trả lời trước khi khách kịp hỏi,ban-hang-cskh.ky-nang-ban-hang,framework,tra-loi-hoi-gia|tu-van-ban-hang|cap-do-sales|nguon-ben-ngoai|do-xuan-tung,2.2.3,Trình bày & báo giá,,thuc-thi,framework,tap-doan,qt.ban-hang-b2b.b,nguon-ben-ngoai|nguon-do-xuan-tung|tra-loi-hoi-gia|tu-van-ban-hang|cap-do-sales,cao,,g2
6ab4bae2b1c921b0a784dc49,Tạo niềm tin bằng cách chủ động nói điểm yếu trước khi khen – và cách bán lại sản phẩm từng mang tiếng,ban-hang-cskh.ky-nang-ban-hang|marketing.tam-ly-khach-hang,lesson,tao-niem-tin|noi-diem-yeu|xu-ly-khung-hoang|nguon-ben-ngoai|do-xuan-tung,2.2.3,Trình bày & báo giá,2.2.4,thuc-thi,lesson,tap-doan,,nguon-ben-ngoai|nguon-do-xuan-tung|tao-niem-tin|noi-diem-yeu|xu-ly-khung-hoang,cao,,g2
6ab4bb01b1c921b0a784dc50,Khách tin hành vi hơn lời nói: bộ chuẩn cử chỉ khi tiếp khách và phản xạ trả lời ngay câu hỏi khó mà không nổi cáu,ban-hang-cskh.ky-nang-ban-hang|ban-hang-cskh.cham-soc-khach-hang,framework,ngon-ngu-co-the|cau-hoi-kho|tac-phong-sales|nguon-ben-ngoai|do-xuan-tung,2.2.3,Trình bày & báo giá,2.2.4,thuc-thi,framework,tap-doan,,nguon-ben-ngoai|nguon-do-xuan-tung|ngon-ngu-co-the|cau-hoi-kho|tac-phong-sales,cao,,g2
6ab4b975b1c921b0a784dbe7,"Chốt đơn giả định khách đã mua: chủ động lên đơn theo lịch sử, chuyển thẳng sang giao nhận; khách do dự thì hỏi thẳng",ban-hang-cskh.ky-nang-ban-hang,framework,chot-don|xu-ly-tu-choi|ban-hang-b2b|nguon-ben-ngoai|do-xuan-tung,2.2.4,Xử lý từ chối & chốt đơn,2.2.5,thuc-thi,framework,tap-doan,qt.ban-hang-b2b.b,nguon-ben-ngoai|nguon-do-xuan-tung|chot-don|xu-ly-tu-choi|ban-hang-b2b,cao,,g2
6ab4ba12b1c921b0a784dc0f,"Xử lý phản đối: nghe hết, tóm lại, tìm lý do thật phía sau rồi mới xử lý trọng tâm – tối đa 3 lần",ban-hang-cskh.ky-nang-ban-hang,framework,xu-ly-tu-choi|phan-doi-khach-hang|dat-cau-hoi|nguon-ben-ngoai|do-xuan-tung,2.2.4,Xử lý từ chối & chốt đơn,,thuc-thi,framework,tap-doan,qt.ban-hang-b2b.b,nguon-ben-ngoai|nguon-do-xuan-tung|xu-ly-tu-choi|phan-doi-khach-hang|dat-cau-hoi,cao,,g2
6ab4ba30b1c921b0a784dc19,Lập bộ 20–25 câu phản đối thường gặp kèm cách đáp để sales không hoảng khi gặp câu khó,ban-hang-cskh.ky-nang-ban-hang|nhan-su-quan-tri.dao-tao-phat-trien,framework,xu-ly-tu-choi|bo-cau-phan-doi|dao-tao-sales|nguon-ben-ngoai|do-xuan-tung,2.2.4,Xử lý từ chối & chốt đơn,2.1.4,van-hanh,framework,tap-doan,,nguon-ben-ngoai|nguon-do-xuan-tung|xu-ly-tu-choi|bo-cau-phan-doi|dao-tao-sales,cao,,g2
6ab4ba4cb1c921b0a784dc22,"Xử lý câu ""để anh/chị báo lại sau"" bằng 3 bước: hỏi thẳng, đưa 3 lý do để khách chọn, rồi hạ vai người bán",ban-hang-cskh.ky-nang-ban-hang,framework,xu-ly-tu-choi|bao-lai-sau|chot-don|nguon-ben-ngoai|do-xuan-tung,2.2.4,Xử lý từ chối & chốt đơn,,thuc-thi,framework,tap-doan,qt.ban-hang-b2b.b,nguon-ben-ngoai|nguon-do-xuan-tung|xu-ly-tu-choi|bao-lai-sau|chot-don,cao,,g2
6ab6815ddb4c6ad4f9b845eb,"Gara Tới – khách lọc lõi hỏi giá trực diện: không đấu tay đôi, đi vòng qua chuyện khách quan tâm, biết dừng đúng lúc và nhắn tin hàng ngay chiều hôm đó",ban-hang-cskh.ky-nang-ban-hang|marketing.tam-ly-khach-hang,case_study,noi-bo|di-thi-truong|xu-ly-tu-choi|chu-gara|tam-ly-khach-hang|huan-luyen-sales,2.2.4,Xử lý từ chối & chốt đơn,2.2.1,thuc-thi,case_study,vcpart,qt.ban-hang-b2b.b,noi-bo|di-thi-truong|xu-ly-tu-choi|chu-gara|huan-luyen-sales,cao,,g2
6ab6a298f3ad31ef11df0c67,Chốt đơn khi khách từ chối: giải quyết đúng nhu cầu gốc rồi mới gợi ý bán thêm,ban-hang-cskh.ky-nang-ban-hang,lesson,nguon-ben-ngoai|goc-ghe-hang-a|ky-nang-ban-hang|chot-don|ban-hang-bo-tro,2.2.4,Xử lý từ chối & chốt đơn,,thuc-thi,lesson,tap-doan,qt.ban-hang-b2b.b,nguon-ben-ngoai|nguon-goc-ghe-hang-a|chot-don|ban-hang-bo-tro,cao,,g2
6ab4ba25b1c921b0a784dc16,"Quy trình bán hàng 5 bước: biết khách đang ở bước nào để dẫn dắt, và trả lương sales theo hành vi từng bước",ban-hang-cskh.ky-nang-ban-hang|nhan-su-quan-tri.lanh-dao-quan-ly-doi-ngu,framework,quy-trinh-ban-hang|chot-don|luong-theo-hanh-vi|nguon-ben-ngoai|do-xuan-tung,2.2.5,"Pipeline, tái ghé & đơn lặp",2.1.3,thiet-ke,framework,tap-doan,,nguon-ben-ngoai|nguon-do-xuan-tung|quy-trinh-ban-hang|chot-don|luong-theo-hanh-vi,cao,,g2
6ab4baddb1c921b0a784dc46,"Chuẩn cuộc gọi telesales: ngắn, cô đọng, chốt bước tiếp theo khi khách hết câu hỏi và chủ động gọi ra",ban-hang-cskh.ky-nang-ban-hang|ban-hang-cskh.cham-soc-khach-hang,framework,telesales|cuoc-goi|chot-sale|goi-ra|nguon-ben-ngoai|do-xuan-tung,2.2.6,Bán qua điện thoại & Zalo,,thuc-thi,framework,tap-doan,,nguon-ben-ngoai|nguon-do-xuan-tung|telesales|cuoc-goi|chot-sale|goi-ra,cao,,g2
6ab6935ef3ad31ef11df0ad1,Giá trị sản phẩm cao hơn giá cả cho phép bán ở phân khúc lợi nhuận cao hơn — đừng cạnh tranh bằng giá,marketing.chien-luoc-thuong-hieu|tai-chinh.phan-tich-tai-chinh,insight,nguon-ben-ngoai|co-chinh-qttc|chinh-sach-gia|gia-tri-san-pham|bien-loi-nhuan,2.3.1,Chính sách giá & bậc giá,6.1.2,dieu-hanh,insight,tap-doan,,nguon-ben-ngoai|nguon-co-chinh-qttc|dinh-gia|gia-tri-san-pham|bien-loi-nhuan,cao,,g1
6ab69eb8f3ad31ef11df0c13,"4 phương pháp định giá: chi phí là giá sàn, cảm nhận khách hàng là giá trần, nên bán cao không nên bán rẻ",marketing.chien-luoc-thuong-hieu|marketing.nghien-cuu-thi-truong-doi-thu,framework,nguon-ben-ngoai|tran-manh-hung|dinh-gia|quan-tri-gia|chien-luoc-canh-tranh,2.3.1,Chính sách giá & bậc giá,3.3.5,thiet-ke,framework,tap-doan,,nguon-ben-ngoai|nguon-tran-manh-hung|dinh-gia|quan-tri-gia|chien-luoc-canh-tranh,cao,,g1
6ab69ef8f3ad31ef11df0c21,Giá bán là tổng hợp mọi chi phí đã hoạch định: lập bảng cơ cấu giá trước khi chạy khuyến mãi hay cam kết bảo hành,marketing.chien-luoc-thuong-hieu|tai-chinh.ngan-sach-ke-hoach,framework,nguon-ben-ngoai|tran-manh-hung|co-cau-gia|ngan-sach|quan-tri-gia,2.3.1,Chính sách giá & bậc giá,3.3.3,thiet-ke,framework,tap-doan,,nguon-ben-ngoai|nguon-tran-manh-hung|co-cau-gia|ngan-sach|quan-tri-gia,thap,Cơ cấu giá bán gồm mọi chi phí; có thể 3.3.3 (giá thành) hoặc 3.3.5,g1
6ab69f42f3ad31ef11df0c2d,Hiệu chỉnh giá thay vì giảm giá trực tiếp: bảo vệ chiến lược thương hiệu và luôn đặt điểm kết thúc cho khuyến mãi,marketing.chien-luoc-thuong-hieu|ban-hang-cskh.ky-nang-ban-hang,framework,nguon-ben-ngoai|tran-manh-hung|hieu-chinh-gia|chien-luoc-thuong-hieu|khuyen-mai,2.3.1,Chính sách giá & bậc giá,1.1.2|1.5.1,thiet-ke,framework,tap-doan,,nguon-ben-ngoai|nguon-tran-manh-hung|hieu-chinh-gia|khuyen-mai|dinh-gia,cao,,g1
6ab73d7bb43e7b02a2eab67e,"Bốn phương pháp định giá: chi phí, đối thủ, lợi nhuận mong muốn và giá trị cảm nhận — vì sao giá trị cảm nhận thường cao nhất",ban-hang-cskh.ky-nang-ban-hang,case_study,nguon-ben-ngoai|tran-manh-hung|chien-luoc-gia|dinh-gia-theo-gia-tri|xay-dung-thuong-hieu,2.3.1,Chính sách giá & bậc giá,,thiet-ke,case_study,tap-doan,,nguon-ben-ngoai|nguon-tran-manh-hung|dinh-gia|dinh-gia-theo-gia-tri|xay-dung-thuong-hieu,cao,,g2
6ab73d95b43e7b02a2eab686,"Giảm giá định kỳ vào ngày cố định huấn luyện khách hàng và cả đại lý chờ đến ngày đó mới mua, mới bán",ban-hang-cskh.ky-nang-ban-hang|ban-hang-cskh.kenh-phan-phoi,lesson,nguon-ben-ngoai|tran-manh-hung|chinh-sach-gia|khuyen-mai|kenh-phan-phoi,2.3.1,Chính sách giá & bậc giá,1.5.1,dieu-hanh,lesson,tap-doan,,nguon-ben-ngoai|nguon-tran-manh-hung|chinh-sach-gia|khuyen-mai,cao,,g2
6ab4ba13b1c921b0a784dc11,"Đừng cho đại lý công nợ chỉ vì ""cả thị trường đều làm"": chiêu ""nhập nhiều để nợ nhiều"" và chi phí ẩn khiến nhà cung cấp vỡ nợ",tai-chinh.quan-tri-dong-tien|ban-hang-cskh.kenh-phan-phoi,lesson,cong-no|dai-ly|dong-tien|nguon-ben-ngoai|do-xuan-tung,2.3.2,"Chiết khấu, công nợ & điều khoản thanh toán",3.2.2,dieu-hanh,lesson,vcpart,qt.ban-hang-b2b.d,nguon-ben-ngoai|nguon-do-xuan-tung|cong-no|dai-ly|dong-tien,cao,3.2 loại trừ hạn mức công nợ như chính sách bán → 2.3.2; phương án tài chính: 3.2.2.,g3
6ab4b951b1c921b0a784dbde,"Nhận diện người quyết định thật trong cuộc họp B2B và tránh bẫy ""giấu người quyết định""",ban-hang-cskh.ky-nang-ban-hang|ban-hang-cskh.dam-phan,framework,b2b|nguoi-ra-quyet-dinh|dam-phan|nguon-ben-ngoai|do-xuan-tung,2.3.3,Đàm phán với khách & đối tác,2.2.1,thuc-thi,framework,tap-doan,,nguon-ben-ngoai|nguon-do-xuan-tung|b2b|nguoi-ra-quyet-dinh,cao,,g2
6ab4ba33b1c921b0a784dc1b,"Không giảm giá để cạnh tranh: vòng xoáy giảm giá, nguyên tắc lùi giá tối đa 3 lần và vì sao sales hay đòi hạ giá",ban-hang-cskh.dam-phan|ban-hang-cskh.ky-nang-ban-hang,lesson,giam-gia|dam-phan-gia|vong-xoay-khuyen-mai|quan-ly-sales|nguon-ben-ngoai|do-xuan-tung,2.3.3,Đàm phán với khách & đối tác,2.3.1,dieu-hanh,lesson,tap-doan,,nguon-ben-ngoai|nguon-do-xuan-tung|giam-gia|dam-phan-gia|vong-xoay-khuyen-mai|quan-ly-sales,cao,,g2
6ab4ba5ab1c921b0a784dc23,"Ứng phó kỹ thuật ép giá của người mua: kể khổ, dọa đối thủ rẻ hơn, ép tiếp sau khi đã giảm",ban-hang-cskh.dam-phan|ban-hang-cskh.ky-nang-ban-hang,framework,dam-phan-gia|xu-ly-tu-choi|cong-no|ep-gia|nguon-ben-ngoai|do-xuan-tung,2.3.3,Đàm phán với khách & đối tác,,thuc-thi,framework,tap-doan,qt.ban-hang-b2b.b,nguon-ben-ngoai|nguon-do-xuan-tung|dam-phan-gia|xu-ly-tu-choi|cong-no|ep-gia,cao,,g2
6ab6a2cdf3ad31ef11df0c6b,"Văn hoá bàn tiệc tiếp khách: xin lỗi tự phạt trước, từ chối rượu khéo mà không mất hợp đồng",ban-hang-cskh.dam-phan,lesson,nguon-ben-ngoai|goc-ghe-hang-a|van-hoa-tiep-khach|dam-phan|tu-choi-kheo,2.3.3,Đàm phán với khách & đối tác,4.3.3,thuc-thi,lesson,tap-doan,,nguon-ben-ngoai|nguon-goc-ghe-hang-a|van-hoa-tiep-khach|tu-choi-kheo,cao,,g2
6ab6a2fef3ad31ef11df0c6e,"Chuẩn bị trước khi đàm phán: tìm hiểu sở thích đối tác, xây lòng tin trước khi bàn chuyên môn",ban-hang-cskh.dam-phan,lesson,nguon-ben-ngoai|goc-ghe-hang-a|dam-phan|xay-dung-long-tin|chuan-bi-truoc,2.3.3,Đàm phán với khách & đối tác,,thuc-thi,lesson,tap-doan,,nguon-ben-ngoai|nguon-goc-ghe-hang-a|xay-dung-long-tin|chuan-bi-truoc,cao,,g2
6ab4b9b8b1c921b0a784dbf7,"Đưa sản phẩm mới vào địa bàn đại lý: quảng cáo trước hay phủ 40–50% đại lý trước, và cách lọt kệ khi đối thủ mạnh hơn mọi mặt",ban-hang-cskh.kenh-phan-phoi|marketing.nghien-cuu-thi-truong-doi-thu,framework,phu-dai-ly|tung-san-pham|canh-tranh|nguon-ben-ngoai|do-xuan-tung,2.4.1,Phát triển & tuyển đại lý,1.5.1,thiet-ke,framework,tap-doan,,nguon-ben-ngoai|nguon-do-xuan-tung|phu-dai-ly|tung-san-pham|canh-tranh,cao,,g2
6ab4b9f2b1c921b0a784dc07,Chọn nhà phân phối độc quyền theo tiềm năng tỉnh và năng lực phủ; độc quyền phải đi kèm trách nhiệm và hợp đồng có thời hạn,ban-hang-cskh.kenh-phan-phoi|phap-ly.hop-dong,framework,nha-phan-phoi|doc-quyen|kenh-phan-phoi|nguon-ben-ngoai|do-xuan-tung,2.4.1,Phát triển & tuyển đại lý,2.4.2,thiet-ke,framework,tap-doan,,nguon-ben-ngoai|nguon-do-xuan-tung|nha-phan-phoi|doc-quyen,cao,,g2
6ab4b962b1c921b0a784dbe2,"Chống phá giá trong kênh phân phối: đủ sức ra luật trước, rồi siết hợp đồng ngắn hạn và chế tài 3 bậc",ban-hang-cskh.kenh-phan-phoi|phap-ly.hop-dong,framework,pha-gia|hop-dong-phan-phoi|kenh-phan-phoi|nguon-ben-ngoai|do-xuan-tung,2.4.2,Chính sách kênh & xung đột kênh,2.3.4,thiet-ke,framework,tap-doan,,nguon-ben-ngoai|nguon-do-xuan-tung|pha-gia|hop-dong-phan-phoi,cao,,g2
6ab4b98ab1c921b0a784dbed,"Nhận diện các dạng phá giá trong kênh (kể cả qua master dealer) và vì sao không thể ""để thị trường tự điều tiết""",ban-hang-cskh.kenh-phan-phoi|nganh-o-to.phu-tung,concept,pha-gia|master-dealer|kiem-soat-gia|nguon-ben-ngoai|do-xuan-tung,2.4.2,Chính sách kênh & xung đột kênh,,nhap-mon,concept,vcpart,,nguon-ben-ngoai|nguon-do-xuan-tung|pha-gia|master-dealer|kiem-soat-gia,cao,,g2
6ab4b9afb1c921b0a784dbf5,"Không ký độc quyền trọn đời với đại lý: độc quyền chỉ theo khu vực, có thời hạn và gắn chỉ tiêu theo tiềm năng vùng",ban-hang-cskh.kenh-phan-phoi|phap-ly.hop-dong,lesson,doc-quyen|dai-ly|hop-dong-phan-phoi|nguon-ben-ngoai|do-xuan-tung,2.4.2,Chính sách kênh & xung đột kênh,2.3.4,dieu-hanh,lesson,tap-doan,,nguon-ben-ngoai|nguon-do-xuan-tung|doc-quyen|dai-ly|hop-dong-phan-phoi,cao,,g2
6ab4baacb1c921b0a784dc3c,"Khuyến mại, ký gửi tràn lan và rò rỉ thông tin khuyến mại gây hại thế nào: tín hiệu hàng ế, khách chờ đợt giảm, sales tự mua hàng",ban-hang-cskh.kenh-phan-phoi|marketing.tam-ly-khach-hang|nhan-su-quan-tri.lanh-dao-quan-ly-doi-ngu,case_study,khuyen-mai|ky-gui|kiem-soat-thong-tin|luat-thuong|nguon-ben-ngoai|do-xuan-tung,2.4.2,Chính sách kênh & xung đột kênh,1.5.1|2.1.3,dieu-hanh,case_study,tap-doan,,nguon-ben-ngoai|nguon-do-xuan-tung|khuyen-mai|ky-gui|kiem-soat-thong-tin|luat-thuong,cao,,g2
6ab69d06f3ad31ef11df0bc2,Chạy đua tăng chiết khấu cho kênh phân phối gây loạn giá và bào mòn ngân sách xây dựng thương hiệu,ban-hang-cskh.kenh-phan-phoi,framework,nguon-ben-ngoai|tran-manh-hung|chiet-khau|loan-gia|kenh-phan-phoi|xay-dung-thuong-hieu,2.4.2,Chính sách kênh & xung đột kênh,2.3.2,dieu-hanh,framework,tap-doan,,nguon-ben-ngoai|nguon-tran-manh-hung|chiet-khau|loan-gia|xay-dung-thuong-hieu,cao,,g2
6ab69da3f3ad31ef11df0bdd,"Chiến lược đẩy tác động vào trung gian, chiến lược kéo tác động vào người tiêu dùng; độ phủ thị trường là vị thế đàm phán với kênh",ban-hang-cskh.kenh-phan-phoi|marketing.chien-luoc-thuong-hieu,framework,nguon-ben-ngoai|tran-manh-hung|chien-luoc-day-keo|kenh-phan-phoi|xay-dung-thuong-hieu,2.4.2,Chính sách kênh & xung đột kênh,1.5.1,thiet-ke,framework,tap-doan,,nguon-ben-ngoai|nguon-tran-manh-hung|chien-luoc-day-keo|xay-dung-thuong-hieu,cao,,g2
6ab4b9d9b1c921b0a784dbff,"Theo dõi giá bán lẻ của đại lý và chẩn đoán SKU bán kém tại địa bàn: lỗi do sales, định kiến hay thị trường không cần",ban-hang-cskh.kenh-phan-phoi|nganh-o-to.phu-tung,framework,gia-ban-le|quan-ly-kenh|sku|nguon-ben-ngoai|do-xuan-tung,2.4.3,Hiệu quả đại lý,2.3.1,van-hanh,framework,vcpart,,nguon-ben-ngoai|nguon-do-xuan-tung|gia-ban-le|quan-ly-kenh|sku,cao,,g2
6ab6a9a9f3ad31ef11df0c7b,Không cần nhập kho vẫn bán được trên TikTok Shop nhờ dropship hoặc tiếp thị liên kết chia sẻ link,ban-hang-cskh.kenh-phan-phoi|marketing.quang-cao-tra-phi,insight,nguon-ben-ngoai|hoang-comme|tiktok-shop|affiliate-marketing|dropshipping,2.5,Sàn TMĐT & bán lẻ online,,nhap-mon,insight,vcpart,,nguon-ben-ngoai|nguon-hoang-comme|tiktok-shop|affiliate-koc|dropshipping,cao,Khái niệm mô hình bán không ôm kho → tầng 2,g2
6ab6abd8f3ad31ef11df0cd6,"Case: kế hoạch coaching 3 tháng x2 doanh thu, chấp nhận lỗ 6 tháng đầu để tối ưu cấu trúc",ban-hang-cskh.kenh-phan-phoi,case_study,nguon-ben-ngoai|hoang-comme|tang-truong-doanh-thu|tiktok-shop|ke-hoach-marketing,2.5,Sàn TMĐT & bán lẻ online,2.5.1,thiet-ke,case_study,vcpart,,nguon-ben-ngoai|nguon-hoang-comme|tang-truong-doanh-thu|tiktok-shop|ke-hoach-marketing,cao,"Kế hoạch tăng trưởng shop 3 tháng, tổng thể → tầng 2",g2
6ab6f804f3ad31ef11df0cf7,Tư duy đổ lỗi và tự giới hạn bản thân là nguyên nhân gốc khiến người bán hàng online thất bại,ban-hang-cskh.kenh-phan-phoi,lesson,nguon-ben-ngoai|the-hoang-work|tu-duy-kinh-doanh|tiktok-shop|quan-ly-doi-ngu,2.5,Sàn TMĐT & bán lẻ online,4.3.3,dieu-hanh,lesson,vcpart,,nguon-ben-ngoai|nguon-the-hoang-work|tu-duy-kinh-doanh|tiktok-shop,thap,Tư duy người bán hàng online; có thể 4.3.3 (phát triển bản thân),g2
6ab6f804f3ad31ef11df0cf8,"4 trụ cột vận hành shop TikTok: quảng cáo, booking KOC, chăm sóc điểm cửa hàng và nội dung",ban-hang-cskh.kenh-phan-phoi,framework,nguon-ben-ngoai|the-hoang-work|van-hanh-shop-tiktok|booking-koc|quang-cao-gmv-max|diem-cua-hang,2.5,Sàn TMĐT & bán lẻ online,2.5.2,thiet-ke,framework,vcpart,,nguon-ben-ngoai|nguon-the-hoang-work|van-hanh-shop-tiktok|affiliate-koc|quang-cao-gmv-max|diem-cua-hang,cao,"4 trụ cột vận hành shop, trải khắp 2.5 → tầng 2",g2
6ab6f850f3ad31ef11df0d0a,Đừng đánh giá kênh TikTok Shop mới bằng vài đơn hàng đầu tiên — cần định hướng dài hạn và kiên trì 1-2 tháng,ban-hang-cskh.kenh-phan-phoi,insight,nguon-ben-ngoai|the-hoang-work|tiktok-shop-nguoi-moi|xay-kenh-tiktok|chien-luoc-dai-han,2.5,Sàn TMĐT & bán lẻ online,1.3.4,dieu-hanh,insight,vcpart,,nguon-ben-ngoai|nguon-the-hoang-work|tiktok-shop-nguoi-moi|xay-kenh-tiktok|chien-luoc-dai-han,cao,"Kỳ vọng kênh mới, tổng quan → tầng 2",g2
6ab6f85cf3ad31ef11df0d0c,Làm affiliate (KOC) hay làm seller trên TikTok Shop: đánh đổi giữa chủ động và vốn/công sức,ban-hang-cskh.kenh-phan-phoi,concept,nguon-ben-ngoai|the-hoang-work|affiliate-marketing|seller-tiktok|booking-koc,2.5,Sàn TMĐT & bán lẻ online,,nhap-mon,concept,vcpart,,nguon-ben-ngoai|nguon-the-hoang-work|affiliate-koc|seller-tiktok,cao,Khái niệm 3 vai trò trên TikTok Shop → tầng 2,g2
6ab6f88ff3ad31ef11df0d1a,Đặt mục tiêu cụ thể theo ngày/tuần và kiên trì thực hiện thay vì đặt mục tiêu doanh số lớn thiếu chiến lược,ban-hang-cskh.kenh-phan-phoi|ban-hang-cskh.ky-nang-ban-hang,framework,nguon-ben-ngoai|the-hoang-work|tiktok-shop|muc-tieu-kpi|van-hanh-ban-hang,2.5,Sàn TMĐT & bán lẻ online,2.1.3,van-hanh,framework,vcpart,,nguon-ben-ngoai|nguon-the-hoang-work|tiktok-shop|muc-tieu-kpi|van-hanh-ban-hang,cao,Đặt mục tiêu ngày/tuần cho người bán sàn → tầng 2,g2
6ab6f8d5f3ad31ef11df0d2a,"Lộ trình từ số 0 đến đơn hàng đầu tiên trên TikTok Shop: chọn sản phẩm, lập kênh, tối ưu gian hàng, live bán hàng",ban-hang-cskh.kenh-phan-phoi,framework,nguon-ben-ngoai|the-hoang-work|tiktok-shop|khoi-nghiep-ban-hang|livestream-ban-hang,2.5,Sàn TMĐT & bán lẻ online,,nhap-mon,framework,vcpart,,nguon-ben-ngoai|nguon-the-hoang-work|tiktok-shop|khoi-nghiep-ban-hang|livestream,cao,Lộ trình tổng quan cho người mới → tầng 2,g2
6ab6f92ef3ad31ef11df0d3d,Không cần xây kênh triệu view rồi mới bán: đăng bán hàng ngay từ ngày đầu vẫn ra đơn đều đặn,ban-hang-cskh.kenh-phan-phoi,insight,nguon-ben-ngoai|the-hoang-work|tiktok-shop|chien-luoc-ban-hang|xay-dung-thuong-hieu-ca-nhan,2.5,Sàn TMĐT & bán lẻ online,1.3.4,dieu-hanh,insight,vcpart,,nguon-ben-ngoai|nguon-the-hoang-work|tiktok-shop|chien-luoc-ban-hang|xay-dung-thuong-hieu-ca-nhan,cao,Bán ngay từ đầu vs xây kênh trước → tầng 2,g2
6ab6f9b4f3ad31ef11df0d5a,Case study: kênh dưới 1.000-3.000 follow vẫn bán được hàng trăm đến hàng nghìn đơn/ngày nhờ hệ thống bán hàng,ban-hang-cskh.kenh-phan-phoi,case_study,nguon-ben-ngoai|the-hoang-work|tiktok-shop|he-thong-ban-hang|affiliate-koc,2.5,Sàn TMĐT & bán lẻ online,2.5.5,dieu-hanh,case_study,vcpart,,nguon-ben-ngoai|nguon-the-hoang-work|tiktok-shop|he-thong-ban-hang|affiliate-koc,cao,Case tổng hợp hệ thống bán hàng → tầng 2,g2
6ab6f9c5f3ad31ef11df0d5f,"Học bán hàng TikTok Shop: ưu tiên tư duy nội dung, kỹ năng sale và đa kỹ năng, thay vì chỉ học kỹ thuật quay/chạy quảng cáo",ban-hang-cskh.ky-nang-ban-hang,framework,nguon-ben-ngoai|the-hoang-work|ky-nang-ban-hang|livestream-tiktok|dao-tao-nhan-su,2.5,Sàn TMĐT & bán lẻ online,4.3.2,dieu-hanh,framework,vcpart,,nguon-ben-ngoai|nguon-the-hoang-work|livestream|dao-tao-nhan-su,thap,Cần học gì để bán TikTok Shop; có thể 4.3.2 hoặc 2.1.2 (năng lực nhân sự sàn),g2
6ab6f9f8f3ad31ef11df0d6b,Không có công thức chung cho mọi shop TikTok — phải liên tục test sản phẩm và nội dung để tìm cách làm riêng,marketing.quang-cao-tra-phi,lesson,nguon-ben-ngoai|the-hoang-work|test-noi-dung|chien-luoc-ban-hang-tiktok|toi-uu-video,2.5,Sàn TMĐT & bán lẻ online,,dieu-hanh,lesson,vcpart,,nguon-ben-ngoai|nguon-the-hoang-work|test-noi-dung|chien-luoc-ban-hang-tiktok|toi-uu-video,cao,,g1
6ab6fa25f3ad31ef11df0d72,"Tuổi tác không phải rào cản bán hàng TikTok Shop — người 40-50 tuổi vẫn tự vận hành shop, live stream và chạy quảng cáo hiệu quả",nhan-su-quan-tri.dao-tao-phat-trien,case_study,nguon-ben-ngoai|the-hoang-work|tiktok-shop|case-study|tu-hoc,2.5,Sàn TMĐT & bán lẻ online,2.5.2,thuc-thi,case_study,tap-doan,,nguon-ben-ngoai|nguon-the-hoang-work|tiktok-shop|tu-hoc,thap,Case truyền động lực tự học; có thể 2.5.2 (vận hành shop) | Quyết định A2-2: tầng 4 / chuyển node,g6
6ab6fa39f3ad31ef11df0d78,TikTok Shop liên tục đổi luật chơi: từ tự livestream đến xây thương hiệu và phụ thuộc KOC/affiliate — seller phải bám sát để không bị bỏ lại,ban-hang-cskh.kenh-phan-phoi,insight,nguon-ben-ngoai|the-hoang-work|thuat-toan-tiktok|koc-affiliate|thich-nghi-nen-tang,2.5,Sàn TMĐT & bán lẻ online,,dieu-hanh,insight,vcpart,,nguon-ben-ngoai|nguon-the-hoang-work|thuat-toan-tiktok|affiliate-koc|thich-nghi-nen-tang,cao,Nhận định tổng thể về thay đổi nền tảng → tầng 2,g2
6ab6faa1f3ad31ef11df0d91,"Điều kiện để bán nghìn đơn/ngày trên TikTok Shop: nguồn lực, ngân sách, xu hướng sản phẩm và hệ thống vận hành",ban-hang-cskh.kenh-phan-phoi,framework,nguon-ben-ngoai|the-hoang-work|tang-truong-don-hang|booking-koc|van-hanh-shop-tiktok,2.5,Sàn TMĐT & bán lẻ online,2.5.4|6.4.3,dieu-hanh,framework,vcpart,,nguon-ben-ngoai|nguon-the-hoang-work|tang-truong-don-hang|affiliate-koc|van-hanh-shop-tiktok,cao,Điều kiện tổng thể để scale nghìn đơn → tầng 2,g2
6ab6fad9f3ad31ef11df0d99,"Không có chuyện làm giàu nhanh trên TikTok Shop: cảnh giác các lời hứa ""1 năm mua nhà mua xe"" và công thức ""làm ít được nhiều""",ban-hang-cskh.kenh-phan-phoi,lesson,nguon-ben-ngoai|the-hoang-work|lua-gao-lam-giau-nhanh|ky-vong-thuc-te|khoa-hoc-tiktok,2.5,Sàn TMĐT & bán lẻ online,,dieu-hanh,lesson,vcpart,,nguon-ben-ngoai|nguon-the-hoang-work|lua-gao-lam-giau-nhanh|ky-vong-thuc-te|khoa-hoc-tiktok,cao,Kỳ vọng thực tế khi bán sàn → tầng 2,g2
6ab6fb2ff3ad31ef11df0daa,"Doanh số khủng trên TikTok Shop luôn có vốn, thời gian và hệ thống đứng sau — ""đơn tự nhiên không cần làm gì"" thực chất vẫn có quảng cáo/booking",ban-hang-cskh.kenh-phan-phoi,insight,nguon-ben-ngoai|the-hoang-work|fomo-doanh-so|case-study-tiktok-shop|quang-cao-koc-affiliate,2.5,Sàn TMĐT & bán lẻ online,,dieu-hanh,insight,vcpart,,nguon-ben-ngoai|nguon-the-hoang-work|fomo-doanh-so|case-study-tiktok-shop|quang-cao-koc-affiliate,cao,Nhận định tổng thể về doanh số khủng → tầng 2,g2
6ab6fb90f3ad31ef11df0dc0,"Chọn tập trung livestream hoặc video chạy ads theo thế mạnh cá nhân, không cần làm cả hai",ban-hang-cskh.ky-nang-ban-hang,framework,nguon-ben-ngoai|the-hoang-work|livestream-tiktok|quang-cao-tiktok|chien-luoc-ban-hang,2.5,Sàn TMĐT & bán lẻ online,2.5.5|2.5.4,thiet-ke,framework,vcpart,,nguon-ben-ngoai|nguon-the-hoang-work|livestream|quang-cao-tiktok|chien-luoc-ban-hang,cao,Chọn live hay video+ads → tầng 2,g2
6ab6fba2f3ad31ef11df0dc7,Hai kiểu người bán hàng TikTok Shop theo vốn: cày công sức ít rủi ro hay đầu tư ads/KOC để tăng tốc độ thành công,ban-hang-cskh.kenh-phan-phoi,concept,nguon-ben-ngoai|the-hoang-work|tiktok-shop|ngan-sach-quang-cao|chien-luoc-ban-hang,2.5,Sàn TMĐT & bán lẻ online,2.5.4,dieu-hanh,concept,vcpart,,nguon-ben-ngoai|nguon-the-hoang-work|tiktok-shop|ngan-sach-quang-cao|chien-luoc-ban-hang,cao,Chiến lược vốn/công sức khi bán sàn → tầng 2,g2
6ab6fc34f3ad31ef11df0ddf,Hai mô hình vận hành bán hàng TikTok Shop: tự xây đội in-house hay dựa vào affiliate/KOC,ban-hang-cskh.kenh-phan-phoi,framework,nguon-ben-ngoai|the-hoang-work|mo-hinh-van-hanh|koc-affiliate|tiktok-shop|chi-phi-van-hanh,2.5,Sàn TMĐT & bán lẻ online,2.5.5|2.1.2,thiet-ke,framework,vcpart,,nguon-ben-ngoai|nguon-the-hoang-work|mo-hinh-van-hanh|affiliate-koc|tiktok-shop|chi-phi-van-hanh,cao,So sánh mô hình vận hành shop in-house vs affiliate → tầng 2,g2
6ab6fc4ef3ad31ef11df0de4,Khó khăn bán hàng TikTok Shop thay đổi theo từng giai đoạn phát triển shop: từ chưa biết gì đến vận hành quy mô lớn,ban-hang-cskh.kenh-phan-phoi,insight,nguon-ben-ngoai|the-hoang-work|tiktok-shop|tang-truong-shop|van-hanh-ban-hang,2.5,Sàn TMĐT & bán lẻ online,,dieu-hanh,insight,vcpart,,nguon-ben-ngoai|nguon-the-hoang-work|tiktok-shop|tang-truong-shop|van-hanh-ban-hang,cao,"Khó khăn theo giai đoạn shop, tổng quan → tầng 2",g2
6ab6fca6f3ad31ef11df0df0,"Kiên trì giai đoạn đầu chưa ra đơn hoặc bị vài điểm vi phạm nhỏ: đây là chuyện bình thường, không phải lý do bỏ cuộc",ban-hang-cskh.kenh-phan-phoi,lesson,nguon-ben-ngoai|the-hoang-work|tiktok-shop|kien-tri|xay-dung-kenh,2.5,Sàn TMĐT & bán lẻ online,1.3.4,dieu-hanh,lesson,vcpart,,nguon-ben-ngoai|nguon-the-hoang-work|tiktok-shop|kien-tri|xay-dung-kenh,cao,"Bài học kiên trì giai đoạn đầu, chung cho shop → tầng 2",g2
6ab6fca6f3ad31ef11df0df1,"Rào cản bán hàng TikTok Shop 2025-2026: phí sàn tăng cao, yêu cầu vận hành chuyên nghiệp và cần nguồn lực/thời gian đủ lớn",ban-hang-cskh.kenh-phan-phoi,insight,nguon-ben-ngoai|the-hoang-work|tiktok-shop|phi-san|van-hanh-ban-hang,2.5,Sàn TMĐT & bán lẻ online,2.5.3,dieu-hanh,insight,vcpart,,nguon-ben-ngoai|nguon-the-hoang-work|tiktok-shop|phi-san|van-hanh-ban-hang,cao,Nhận định tổng thể rào cản bán sàn 2025-2026 → tầng 2,g2
6ab6ffbbf3ad31ef11df0e17,"3 sai lầm khiến shop mới bán mà không ra đơn: sai đối tượng khách, content kém, làm nửa vời",ban-hang-cskh.kenh-phan-phoi|ban-hang-cskh.ky-nang-ban-hang,lesson,nguon-ben-ngoai|the-hoang-work|shop-moi|sai-lam-ban-hang|van-hanh-shop,2.5,Sàn TMĐT & bán lẻ online,1.4.1,dieu-hanh,lesson,vcpart,,nguon-ben-ngoai|nguon-the-hoang-work|shop-moi|sai-lam-ban-hang|van-hanh-shop,cao,Bài học chung cho shop mới → tầng 2,g2
6ab7008ff3ad31ef11df0e20,"Nên làm tốt một nền tảng bán hàng trước khi mở rộng đa kênh, tránh dàn trải khi chưa vững một sàn",ban-hang-cskh.kenh-phan-phoi,lesson,nguon-ben-ngoai|the-hoang-work|da-kenh|chien-luoc-kenh|van-hanh-shop,2.5,Sàn TMĐT & bán lẻ online,2.1.1,dieu-hanh,lesson,vcpart,,nguon-ben-ngoai|nguon-the-hoang-work|da-kenh|chien-luoc-kenh|van-hanh-shop,cao,Bài học chọn 1 sàn trước khi đa kênh → tầng 2,g2
6ab700caf3ad31ef11df0e23,"Các case tăng trưởng doanh số học viên TikTok Shop: kết hợp live+ads, booking KOC/affiliate và tối ưu vận hành đưa shop từ 0 lên hàng trăm triệu-tỷ đồng/tháng",ban-hang-cskh.kenh-phan-phoi,case_study,nguon-ben-ngoai|the-hoang-work|case-study|tang-truong-doanh-so|koc-affiliate,2.5,Sàn TMĐT & bán lẻ online,2.5.5|2.5.4,dieu-hanh,case_study,vcpart,,nguon-ben-ngoai|nguon-the-hoang-work|case-study|tang-truong-doanh-so|affiliate-koc,cao,Case tổng hợp trải khắp live/ads/KOC/vận hành → giữ tầng 2,g2
6ab72fd5e8a762a4385a534e,"Tăng đơn TikTok Shop từ 0 lên nghìn đơn/ngày: quy trình 3 giai đoạn, chỉ chạy quảng cáo sau khi có nền tảng",ban-hang-cskh.kenh-phan-phoi,framework,nguon-ben-ngoai|dam-van-tuan|tiktok-shop|chien-luoc-tang-truong|chon-san-pham|livestream-ban-hang,2.5,Sàn TMĐT & bán lẻ online,2.5.1|2.5.4,thiet-ke,framework,vcpart,,nguon-ben-ngoai|nguon-dam-van-tuan|tiktok-shop|chien-luoc-tang-truong|chon-san-pham|livestream,cao,Lộ trình tăng trưởng 3 giai đoạn trải khắp 2.5 → giữ tầng 2,g2
6ab73036e8a762a4385a5358,Khởi động kênh bán hàng TikTok Shop mới: 3 nguồn tạo đơn (video/live/thẻ sản phẩm) và thứ tự việc cần làm,ban-hang-cskh.kenh-phan-phoi,framework,nguon-ben-ngoai|dam-van-tuan|tiktok-shop|chinh-sach-nen-tang|affiliate-koc|quang-cao-tiktok,2.5,Sàn TMĐT & bán lẻ online,2.5.5,nhap-mon,framework,vcpart,,nguon-ben-ngoai|nguon-dam-van-tuan|tiktok-shop|chinh-sach-san|affiliate-koc|quang-cao-tiktok,cao,"Tổng quan khởi động shop, trải khắp 2.5 → giữ tầng 2",g2
6ab6ab30f3ad31ef11df0cba,"Giá niêm yết nên gấp 2,5-3 lần giá bán, và cách tăng giá bằng biến thể mới để tránh bị quét",ban-hang-cskh.kenh-phan-phoi,framework,nguon-ben-ngoai|hoang-comme|gia-ban|tiktok-shop|chinh-sach-san,2.5.1,Chọn sản phẩm & định giá bán sàn,2.5.2,thuc-thi,framework,vcpart,qt.san-tmdt.a,nguon-ben-ngoai|nguon-hoang-comme|gia-ban|tiktok-shop|chinh-sach-san,cao,,g2
6ab6ab95f3ad31ef11df0ccb,Phí sàn tăng: nên tối ưu chi phí vận hành/quảng cáo trước khi tính đến tăng giá bán,ban-hang-cskh.kenh-phan-phoi|marketing.video-ngan-tiktok,insight,nguon-ben-ngoai|hoang-comme|phi-san|toi-uu-chi-phi|tiktok-shop,2.5.1,Chọn sản phẩm & định giá bán sàn,2.5.3,dieu-hanh,insight,vcpart,,nguon-ben-ngoai|nguon-hoang-comme|phi-san|toi-uu-chi-phi|tiktok-shop,cao,,g2
6ab6ac3cf3ad31ef11df0ce1,Chọn 2-5 sản phẩm Hero SKU (có lượt mua và đánh giá tốt) để tập trung đầu tư hút traffic mùa sale,marketing.quang-cao-tra-phi|ban-hang-cskh.kenh-phan-phoi,framework,nguon-ben-ngoai|hoang-comme|hero-sku|ngay-sale|chien-luoc-san-pham,2.5.1,Chọn sản phẩm & định giá bán sàn,,thiet-ke,framework,vcpart,qt.san-tmdt.a,nguon-ben-ngoai|nguon-hoang-comme|hero-sku|ngay-sale|chien-luoc-san-pham,cao,,g1
6ab6ac5cf3ad31ef11df0ce6,"Chọn sản phẩm affiliate/không nhập kho: theo tệp khách, thương hiệu đang chạy quảng cáo mạnh và mùa vụ",ban-hang-cskh.kenh-phan-phoi|marketing.nghien-cuu-thi-truong-doi-thu,insight,nguon-ben-ngoai|hoang-comme|affiliate|tiktok-shop|chon-nganh-hang,2.5.1,Chọn sản phẩm & định giá bán sàn,2.5.5,thiet-ke,insight,vcpart,qt.san-tmdt.a,nguon-ben-ngoai|nguon-hoang-comme|affiliate-koc|tiktok-shop|chon-nganh-hang,cao,,g2
6ab6f80ff3ad31ef11df0cfe,Đặt 2 mức giá riêng cho livestream và chạy quảng cáo TikTok Shop để tối ưu chuyển đổi và bù chi phí ads,ban-hang-cskh.kenh-phan-phoi|marketing.quang-cao-tra-phi,framework,nguon-ben-ngoai|the-hoang-work|livestream-ban-hang|dinh-gia-san-pham|quang-cao-tiktok,2.5.1,Chọn sản phẩm & định giá bán sàn,2.5.4,thiet-ke,framework,vcpart,qt.san-tmdt.a,nguon-ben-ngoai|nguon-the-hoang-work|livestream|dinh-gia-san-pham|quang-cao-tiktok,cao,,g2
6ab6f81af3ad31ef11df0d00,"Chấp nhận lỗ hoặc hòa vốn giai đoạn đầu trên sàn để đẩy lượt bán, đánh giá và thu hút KOC/affiliate",ban-hang-cskh.kenh-phan-phoi|tai-chinh.phan-tich-tai-chinh,insight,nguon-ben-ngoai|the-hoang-work|chien-luoc-gia|koc-affiliate|tang-truong-shop,2.5.1,Chọn sản phẩm & định giá bán sàn,2.5.5,dieu-hanh,insight,vcpart,qt.san-tmdt.a,nguon-ben-ngoai|nguon-the-hoang-work|dinh-gia|affiliate-koc|tang-truong-shop,cao,,g2
6ab6f85bf3ad31ef11df0d0b,"Chọn sản phẩm bán trên sàn theo lợi thế bản thân, kiểm chứng nhu cầu thị trường trước khi bắt đầu",ban-hang-cskh.kenh-phan-phoi,framework,nguon-ben-ngoai|the-hoang-work|chon-san-pham|nghien-cuu-thi-truong|tiktok-shop,2.5.1,Chọn sản phẩm & định giá bán sàn,,thiet-ke,framework,vcpart,qt.san-tmdt.a,nguon-ben-ngoai|nguon-the-hoang-work|chon-san-pham|nghien-cuu-thi-truong|tiktok-shop,cao,,g2
6ab6f870f3ad31ef11df0d13,Test sản phẩm bằng lô nhỏ và xin feedback khách trước khi nhập hàng lớn,ban-hang-cskh.kenh-phan-phoi|nganh-o-to.phu-tung,framework,nguon-ben-ngoai|the-hoang-work|test-san-pham|quan-ly-ton-kho|tiktok-shop,2.5.1,Chọn sản phẩm & định giá bán sàn,6.1.1,thuc-thi,framework,vcpart,qt.san-tmdt.a,nguon-ben-ngoai|nguon-the-hoang-work|test-san-pham|quan-ly-ton-kho|tiktok-shop,cao,,g2
6ab6f874f3ad31ef11df0d14,"Không bán phá giá khi phí sàn tăng: xu hướng chung là tăng giá bán, không phải giảm sâu",tai-chinh.phan-tich-tai-chinh|ban-hang-cskh.kenh-phan-phoi,lesson,nguon-ben-ngoai|the-hoang-work|ban-pha-gia|phi-san|koc-affiliate,2.5.1,Chọn sản phẩm & định giá bán sàn,3.3.5,dieu-hanh,lesson,vcpart,qt.san-tmdt.a,nguon-ben-ngoai|nguon-the-hoang-work|ban-pha-gia|phi-san-tmdt|affiliate-koc,cao,Ngoài mảng 3: chiến lược giá bán sàn; phương án tài chính: 3.3.5.,g3
6ab6f885f3ad31ef11df0d18,"Mua mẫu gắn affiliate bán thử trước khi nhập hàng, tránh ôm vốn tồn kho ngay từ đầu",ban-hang-cskh.kenh-phan-phoi,framework,nguon-ben-ngoai|the-hoang-work|test-san-pham|quan-ly-ton-kho|tiktok-shop,2.5.1,Chọn sản phẩm & định giá bán sàn,6.1.1,thuc-thi,framework,vcpart,qt.san-tmdt.a,nguon-ben-ngoai|nguon-the-hoang-work|test-san-pham|quan-ly-ton-kho|tiktok-shop,cao,,g2
6ab6f8b2f3ad31ef11df0d23,Case tăng hơn 6.000 đơn nhờ đổi cách xây combo khuyến mại theo 3 nguyên tắc tặng kèm và ngưỡng freeship,ban-hang-cskh.ky-nang-ban-hang,case_study,nguon-ben-ngoai|the-hoang-work|combo-khuyen-mai|tang-truong-don-hang|chien-luoc-ban-hang,2.5.1,Chọn sản phẩm & định giá bán sàn,,thiet-ke,case_study,vcpart,qt.san-tmdt.a,nguon-ben-ngoai|nguon-the-hoang-work|combo-khuyen-mai|tang-truong-don-hang|chien-luoc-ban-hang,cao,,g2
6ab6f8c4f3ad31ef11df0d25,"Đối phó đối thủ bán phá giá: giữ giá cao, cạnh tranh bằng chất lượng và ngân sách quảng cáo",ban-hang-cskh.ky-nang-ban-hang,lesson,nguon-ben-ngoai|the-hoang-work|ban-pha-gia|chien-luoc-gia|koc-affiliate,2.5.1,Chọn sản phẩm & định giá bán sàn,2.3.1,dieu-hanh,lesson,vcpart,qt.san-tmdt.a,nguon-ben-ngoai|nguon-the-hoang-work|ban-pha-gia|dinh-gia|affiliate-koc,cao,,g2
6ab6f93ef3ad31ef11df0d41,"Định giá bán gấp 2,5-3 lần giá nhập để trụ được trên sàn TMĐT khi phí sàn liên tục tăng",tai-chinh.phan-tich-tai-chinh,framework,nguon-ben-ngoai|the-hoang-work|tiktok-shop|dinh-gia-ban|chi-phi-san-tmdt,2.5.1,Chọn sản phẩm & định giá bán sàn,3.3.5,thiet-ke,framework,vcpart,qt.san-tmdt.a,nguon-ben-ngoai|nguon-the-hoang-work|tiktok-shop|dinh-gia|phi-san-tmdt,cao,Ngoài mảng 3: quy tắc định giá bán sàn; phương án tài chính: 3.3.5.,g3
6ab6f963f3ad31ef11df0d48,"Cẩn trọng ôm hàng theo trend thời sự (mất điện, thiên tai): nhu cầu có thể biến mất đột ngột",marketing.nghien-cuu-thi-truong-doi-thu,lesson,nguon-ben-ngoai|the-hoang-work|quan-ly-ton-kho|nghien-cuu-thi-truong|xu-huong-thoi-vu,2.5.1,Chọn sản phẩm & định giá bán sàn,6.1.1,dieu-hanh,lesson,vcpart,qt.san-tmdt.a,nguon-ben-ngoai|nguon-the-hoang-work|quan-ly-ton-kho|xu-huong-thoi-vu,thap,Bài học chọn hàng theo trend; có thể 6.1.1 (dự báo nhu cầu) hoặc 1.2.4,g1
6ab6f97cf3ad31ef11df0d4f,"Định giá x2 giá nhập chỉ hợp mô hình tự livestream không chạy quảng cáo, không phù hợp mô hình thuê vận hành",tai-chinh.phan-tich-tai-chinh,insight,nguon-ben-ngoai|the-hoang-work|tiktok-shop|dinh-gia-ban,2.5.1,Chọn sản phẩm & định giá bán sàn,3.3.5,thiet-ke,insight,vcpart,qt.san-tmdt.a,nguon-ben-ngoai|nguon-the-hoang-work|tiktok-shop|dinh-gia,cao,Ngoài mảng 3: định giá bán sàn theo mô hình vận hành; phương án tài chính: 3.3.5.,g3
6ab6f98cf3ad31ef11df0d53,"Chuẩn bị sớm sản phẩm mùa vụ tiếp theo, tránh khoảng trống doanh thu khi đổi mùa",ban-hang-cskh.kenh-phan-phoi,lesson,nguon-ben-ngoai|the-hoang-work|san-pham-mua-vu|ke-hoach-ban-hang|tiktok-shop,2.5.1,Chọn sản phẩm & định giá bán sàn,,dieu-hanh,lesson,vcpart,qt.san-tmdt.a,nguon-ben-ngoai|nguon-the-hoang-work|san-pham-mua-vu|ke-hoach-ban-hang|tiktok-shop,cao,,g2
6ab6f9b6f3ad31ef11df0d5b,"Định giá theo giá trị và nhu cầu thị trường, không cộng biên cố định lên giá nhập",tai-chinh.phan-tich-tai-chinh,insight,nguon-ben-ngoai|the-hoang-work|tiktok-shop|dinh-gia-ban,2.5.1,Chọn sản phẩm & định giá bán sàn,3.3.5,thiet-ke,insight,vcpart,qt.san-tmdt.a,nguon-ben-ngoai|nguon-the-hoang-work|tiktok-shop|dinh-gia,cao,Ngoài mảng 3: tư duy định giá bán sàn; phương án tài chính: 3.3.5.,g3
6ab6f9e2f3ad31ef11df0d64,"Mùa thấp điểm sau Tết và các thời điểm giao mùa: chấp nhận flop tạm thời, dùng thời gian đó để chuẩn bị sản phẩm mùa mới",ban-hang-cskh.kenh-phan-phoi|marketing.video-ngan-tiktok,insight,nguon-ben-ngoai|the-hoang-work|mua-thap-diem|ke-hoach-theo-mua|sau-tet,2.5.1,Chọn sản phẩm & định giá bán sàn,2.5.2,dieu-hanh,insight,vcpart,qt.san-tmdt.a,nguon-ben-ngoai|nguon-the-hoang-work|mua-thap-diem|ke-hoach-theo-mua|sau-tet,cao,,g2
6ab6f9eff3ad31ef11df0d68,"Sản phẩm giá rẻ, có ""yếu tố bám"" dễ booking affiliate; dược/mỹ phẩm khó hơn vì cần niềm tin thương hiệu",ban-hang-cskh.kenh-phan-phoi,insight,nguon-ben-ngoai|the-hoang-work|booking-koc|chon-san-pham|affiliate-marketing,2.5.1,Chọn sản phẩm & định giá bán sàn,2.5.5,dieu-hanh,insight,vcpart,qt.san-tmdt.a,nguon-ben-ngoai|nguon-the-hoang-work|affiliate-koc|chon-san-pham,cao,,g2
6ab6fa08f3ad31ef11df0d6f,"Khi sàn TMĐT tăng phí, phải chủ động tăng giá bán tương ứng chứ không gồng chi phí",tai-chinh.phan-tich-tai-chinh,framework,nguon-ben-ngoai|the-hoang-work|tiktok-shop|dinh-gia-ban|chi-phi-san-tmdt,2.5.1,Chọn sản phẩm & định giá bán sàn,3.3.5,thuc-thi,framework,vcpart,qt.san-tmdt.a,nguon-ben-ngoai|nguon-the-hoang-work|tiktok-shop|dinh-gia|phi-san-tmdt,cao,Ngoài mảng 3: điều chỉnh giá bán sàn; phương án tài chính: 3.3.5.,g3
6ab6fa31f3ad31ef11df0d74,Dùng công cụ tìm sản phẩm thịnh hành ngay trên TikTok Shop để chọn sản phẩm mới,marketing.nghien-cuu-thi-truong-doi-thu|ban-hang-cskh.kenh-phan-phoi,framework,nguon-ben-ngoai|the-hoang-work|tiktok-shop|cong-cu-ban-hang|nghien-cuu-thi-truong,2.5.1,Chọn sản phẩm & định giá bán sàn,1.2.4,thuc-thi,framework,vcpart,qt.san-tmdt.a,nguon-ben-ngoai|nguon-the-hoang-work|tiktok-shop|cong-cu-ban-hang,cao,,g1
6ab6fa43f3ad31ef11df0d7b,"Sàn tăng phí vận chuyển theo %: chỉ cần tăng giá bán đúng % đó, không cần hoảng loạn",tai-chinh.phan-tich-tai-chinh,framework,nguon-ben-ngoai|the-hoang-work|tiktok-shop|dinh-gia-ban|chi-phi-san-tmdt,2.5.1,Chọn sản phẩm & định giá bán sàn,3.3.5,thuc-thi,framework,vcpart,qt.san-tmdt.a,nguon-ben-ngoai|nguon-the-hoang-work|tiktok-shop|dinh-gia|phi-san-tmdt,cao,Ngoài mảng 3: điều chỉnh giá bán sàn; phương án tài chính: 3.3.5.,g3
6ab6fa5ef3ad31ef11df0d82,Không chọn sản phẩm ngách khi mới bắt đầu; tập trung sâu vào 1-2 sản phẩm để xây thương hiệu,ban-hang-cskh.kenh-phan-phoi,lesson,nguon-ben-ngoai|the-hoang-work|chon-san-pham|xay-kenh-tiktok|quan-ly-ton-kho,2.5.1,Chọn sản phẩm & định giá bán sàn,,dieu-hanh,lesson,vcpart,qt.san-tmdt.a,nguon-ben-ngoai|nguon-the-hoang-work|chon-san-pham|xay-kenh-tiktok|quan-ly-ton-kho,cao,,g2
6ab6fa8ff3ad31ef11df0d8b,Case: đổi/đa dạng hoá sản phẩm để cứu kênh bị flop vì khách hàng chán sản phẩm cũ,ban-hang-cskh.kenh-phan-phoi,case_study,nguon-ben-ngoai|the-hoang-work|chon-san-pham|xay-kenh-tiktok|case-study-ban-hang,2.5.1,Chọn sản phẩm & định giá bán sàn,,dieu-hanh,case_study,vcpart,qt.san-tmdt.a,nguon-ben-ngoai|nguon-the-hoang-work|chon-san-pham|xay-kenh-tiktok|case-study-ban-hang,cao,,g2
6ab6fa98f3ad31ef11df0d8f,"Ứng phó phí sàn tăng: ưu tiên lợi nhuận hơn số lượng đơn, tính chi ly chi phí, đầu tư quảng cáo/affiliate",tai-chinh.phan-tich-tai-chinh,framework,nguon-ben-ngoai|the-hoang-work|tiktok-shop|dinh-gia-ban|chi-phi-san-tmdt,2.5.1,Chọn sản phẩm & định giá bán sàn,3.3.2,dieu-hanh,framework,vcpart,qt.san-tmdt.a,nguon-ben-ngoai|nguon-the-hoang-work|tiktok-shop|dinh-gia|phi-san-tmdt,cao,Ngoài mảng 3: chiến lược ứng phó phí sàn (định giá & vận hành).,g3
6ab6fb38f3ad31ef11df0dad,Case: đổi size/combo hoặc bổ sung trải nghiệm mới cho sản phẩm cũ để tăng bán,ban-hang-cskh.kenh-phan-phoi,case_study,nguon-ben-ngoai|the-hoang-work|chon-san-pham|case-study-ban-hang|toi-uu-san-pham,2.5.1,Chọn sản phẩm & định giá bán sàn,,thiet-ke,case_study,vcpart,qt.san-tmdt.a,nguon-ben-ngoai|nguon-the-hoang-work|chon-san-pham|case-study-ban-hang|toi-uu-san-pham,cao,,g2
6ab6fb77f3ad31ef11df0dba,"Insight: một số ngành hàng vốn khó bán trên sàn — nông sản đặc sản, quà biếu, mỹ phẩm hệ thống, hàng nặng giá rẻ",ban-hang-cskh.kenh-phan-phoi,insight,nguon-ben-ngoai|the-hoang-work|chon-san-pham|phi-san|nong-san,2.5.1,Chọn sản phẩm & định giá bán sàn,,dieu-hanh,insight,vcpart,qt.san-tmdt.a,nguon-ben-ngoai|nguon-the-hoang-work|chon-san-pham|phi-san|nong-san,cao,,g2
6ab6fc76f3ad31ef11df0dea,Chọn chiến lược giá rẻ hay giá cao theo đúng nguồn lực của mình,tai-chinh.phan-tich-tai-chinh,concept,nguon-ben-ngoai|the-hoang-work|chien-luoc-gia|quan-ly-cskh|tiktok-shop,2.5.1,Chọn sản phẩm & định giá bán sàn,3.3.5,thiet-ke,concept,vcpart,qt.san-tmdt.a,nguon-ben-ngoai|nguon-the-hoang-work|dinh-gia|quan-ly-cskh|tiktok-shop,cao,Ngoài mảng 3: chiến lược định giá bán sàn.,g3
6ab6fc83f3ad31ef11df0dec,"Sản phẩm phễu bán hoà vốn/lỗ có kế hoạch để kéo traffic, rồi bán chéo sản phẩm có lãi",tai-chinh.phan-tich-tai-chinh,framework,nguon-ben-ngoai|the-hoang-work|tiktok-shop|dinh-gia-ban,2.5.1,Chọn sản phẩm & định giá bán sàn,6.1.2,thiet-ke,framework,vcpart,qt.san-tmdt.a,nguon-ben-ngoai|nguon-the-hoang-work|tiktok-shop|dinh-gia,cao,Ngoài mảng 3: chiến lược sản phẩm mồi trên sàn; phương án tài chính: 3.3.5.,g3
6ab6fca9f3ad31ef11df0df5,Phân loại ngành hàng theo cách bán: tiêu dùng nhanh dễ bán ngay vs cần niềm tin bán lâu dài,ban-hang-cskh.kenh-phan-phoi,concept,nguon-ben-ngoai|the-hoang-work|chien-luoc-san-pham|livestream|tiktok-shop,2.5.1,Chọn sản phẩm & định giá bán sàn,,nhap-mon,concept,vcpart,qt.san-tmdt.a,nguon-ben-ngoai|nguon-the-hoang-work|chien-luoc-san-pham|livestream|tiktok-shop,cao,,g2
6ab6fcf7f3ad31ef11df0dfa,"Chọn sản phẩm bán trên sàn theo lợi thế cạnh tranh của bản thân, không chạy theo người khác bán chạy",ban-hang-cskh.kenh-phan-phoi,framework,nguon-ben-ngoai|the-hoang-work|chon-san-pham|loi-the-canh-tranh|hang-trend,2.5.1,Chọn sản phẩm & định giá bán sàn,,thiet-ke,framework,vcpart,qt.san-tmdt.a,nguon-ben-ngoai|nguon-the-hoang-work|chon-san-pham|loi-the-canh-tranh|hang-trend,cao,,g2
6ab6ff4ef3ad31ef11df0e11,"Khung chuẩn bị cho chủ xưởng sản xuất trước khi bán lẻ trên sàn TMĐT: đầu vào, giá, vận hành, nguồn hàng",ban-hang-cskh.kenh-phan-phoi,framework,nguon-ben-ngoai|the-hoang-work|san-tmdt|van-hanh-shop|dinh-gia,2.5.1,Chọn sản phẩm & định giá bán sàn,3.7.1,thiet-ke,framework,vcpart,qt.san-tmdt.a,nguon-ben-ngoai|nguon-the-hoang-work|san-tmdt|van-hanh-shop|dinh-gia,thap,Khung chuẩn bị tổng thể cho xưởng/nhà buôn sỉ lên sàn; có thể giữ 2.5 tầng 2,g2
6ab70087f3ad31ef11df0e1f,"Bán đồ ăn/uống online: shop chịu 100% chi phí khi hàng hoàn bị hư hỏng, phải tính phí này vào giá bán ngay từ đầu",nganh-o-to.dich-vu-garage|tai-chinh.phan-tich-tai-chinh,lesson,nguon-ben-ngoai|the-hoang-work|don-hang-hoan|co-cau-gia-ban|quan-ly-rui-ro,2.5.1,Chọn sản phẩm & định giá bán sàn,2.5.2,thiet-ke,lesson,vcpart,qt.san-tmdt.a,nguon-ben-ngoai|nguon-the-hoang-work|don-hang-hoan|co-cau-gia-ban|quan-ly-rui-ro,cao,Nhánh cũ gắn nhầm dich-vu-garage; thẻ về sàn TMĐT,g6
6ab7322fe8a762a4385a53ab,"Sản phẩm ""win"" tạo đột phá doanh số: 4 yếu tố quyết định thay vì chạy theo sản phẩm đang hot",ban-hang-cskh.kenh-phan-phoi,case_study,nguon-ben-ngoai|dam-van-tuan|tiktok-shop|chon-san-pham|chien-luoc-tang-truong,2.5.1,Chọn sản phẩm & định giá bán sàn,,thiet-ke,case_study,vcpart,qt.san-tmdt.a,nguon-ben-ngoai|nguon-dam-van-tuan|tiktok-shop|chon-san-pham|chien-luoc-tang-truong,cao,,g2
6ab6a9bff3ad31ef11df0c7d,"Điểm xếp hạng shop TikTok Shop: 3 cột điểm đối trọng khác nhau, ""hài lòng sản phẩm"" nặng nhất",ban-hang-cskh.cham-soc-khach-hang,framework,nguon-ben-ngoai|dam-van-tuan|tiktok-shop|diem-cua-hang|quan-tri-danh-gia,2.5.2,Vận hành shop,2.6.5,van-hanh,kpi,vcpart,,nguon-ben-ngoai|nguon-dam-van-tuan|tiktok-shop|diem-cua-hang|quan-tri-danh-gia,cao,"Định nghĩa điểm xếp hạng shop, cách tính tỷ lệ 60 ngày → type kpi",g2
6ab6a9f7f3ad31ef11df0c89,Phá vòng luẩn quẩn điểm shop thấp - ROI tụt bằng đơn giá trị thấp free ship,marketing.quang-cao-tra-phi|ban-hang-cskh.cham-soc-khach-hang,lesson,nguon-ben-ngoai|hoang-comme|gmv-max|diem-shop|roi,2.5.2,Vận hành shop,2.5.4,thuc-thi,lesson,vcpart,qt.san-tmdt.c,nguon-ben-ngoai|nguon-hoang-comme|gmv-max|diem-shop|roi,cao,,g1
6ab6aa1bf3ad31ef11df0c8e,"Chẩn đoán shop TikTok Shop tụt đơn đột ngột: khung ""cung-cầu"" 5 nhóm nguyên nhân, không vội đổ lỗi quảng cáo",ban-hang-cskh.kenh-phan-phoi,framework,nguon-ben-ngoai|dam-van-tuan|tiktok-shop|chan-doan-tut-don|quang-cao-tiktok,2.5.2,Vận hành shop,,van-hanh,framework,vcpart,,nguon-ben-ngoai|nguon-dam-van-tuan|tiktok-shop|chan-doan-tut-don|quang-cao-tiktok,cao,,g2
6ab6aa2af3ad31ef11df0c90,Thẻ sản phẩm là gốc rễ: quy trình 6 bước tối ưu và công cụ tăng traffic sàn,marketing.quang-cao-tra-phi|ban-hang-cskh.kenh-phan-phoi,framework,nguon-ben-ngoai|hoang-comme|the-san-pham|tiktok-shop|toi-uu-quang-cao,2.5.2,Vận hành shop,2.5.4,thuc-thi,sop,vcpart,qt.san-tmdt.c,nguon-ben-ngoai|nguon-hoang-comme|the-san-pham|tiktok-shop|toi-uu-quang-cao,cao,,g1
6ab6aa97f3ad31ef11df0c9e,"Checklist 4 bước chuẩn bị gian hàng cho sale ngày đôi: shop, tồn kho, video và livestream",ban-hang-cskh.kenh-phan-phoi,framework,nguon-ben-ngoai|hoang-comme|chuan-bi-sale|tiktok-shop|livestream,2.5.2,Vận hành shop,2.5.5,van-hanh,checklist,vcpart,,nguon-ben-ngoai|nguon-hoang-comme|chuan-bi-sale|tiktok-shop|livestream,cao,Checklist 4 bước chuẩn bị sale → checklist,g2
6ab6aaa4f3ad31ef11df0ca2,Sản phẩm bị xóa vì ảnh bảng size không khớp lựa chọn biến thể — không được khiếu nại,ban-hang-cskh.kenh-phan-phoi,lesson,nguon-ben-ngoai|dam-van-tuan|tiktok-shop|vi-pham-chinh-sach|quan-ly-san-pham,2.5.2,Vận hành shop,2.5.3,thuc-thi,lesson,vcpart,,nguon-ben-ngoai|nguon-dam-van-tuan|tiktok-shop|vi-pham-chinh-sach|quan-ly-san-pham,cao,,g2
6ab6aacaf3ad31ef11df0ca8,"Chia 3 giai đoạn khi sale gối nghỉ lễ: chuẩn bị trước, duy trì traffic trong lễ, chống tụt số hậu sale",ban-hang-cskh.kenh-phan-phoi,lesson,nguon-ben-ngoai|hoang-comme|chuan-bi-sale|nghi-le|tiktok-shop,2.5.2,Vận hành shop,2.5.4,van-hanh,lesson,vcpart,qt.san-tmdt.b,nguon-ben-ngoai|nguon-hoang-comme|chuan-bi-sale|nghi-le|tiktok-shop,cao,,g2
6ab6ab5ff3ad31ef11df0cc2,Tính năng Quản lý đa kho và dashboard Hiệu suất hoàn thiện đơn hàng giúp rút ngắn thời gian giao,ban-hang-cskh.kenh-phan-phoi,concept,nguon-ben-ngoai|hoang-comme|tiktok-shop|quan-ly-kho|giao-hang,2.5.2,Vận hành shop,6.4.3,nhap-mon,concept,vcpart,qt.san-tmdt.c,nguon-ben-ngoai|nguon-hoang-comme|tiktok-shop|quan-ly-kho|giao-hang,cao,,g2
6ab6ab5ff3ad31ef11df0cc3,Case: sửa giá niêm yết trực tiếp khiến doanh số một shop tụt từ 2 tỷ xuống 200 triệu,ban-hang-cskh.kenh-phan-phoi,case_study,nguon-ben-ngoai|hoang-comme|gia-ban|tiktok-shop|chinh-sach-san,2.5.2,Vận hành shop,2.5.1,thuc-thi,case_study,vcpart,,nguon-ben-ngoai|nguon-hoang-comme|gia-ban|tiktok-shop|chinh-sach-san,cao,,g2
6ab6ab74f3ad31ef11df0cc5,Công thức điểm shop TikTok (50% sản phẩm – 35% kho vận – 15% CSKH) và cách xử lý khi điểm tụt xuống 3.5,ban-hang-cskh.cham-soc-khach-hang|phap-ly.quy-dinh-nganh,framework,nguon-ben-ngoai|hoang-comme|tiktok-shop|diem-shop|giao-hang,2.5.2,Vận hành shop,2.6.5,van-hanh,kpi,vcpart,qt.san-tmdt.c,nguon-ben-ngoai|nguon-hoang-comme|tiktok-shop|diem-shop|giao-hang,cao,"Công thức điểm shop có trọng số, ngưỡng → type kpi",g2
6ab6ab88f3ad31ef11df0cc9,Multi Warehouse (tối đa 45 kho) và cơ chế gia hạn thời gian xử lý đơn dịp lễ trên TikTok Shop,ban-hang-cskh.kenh-phan-phoi,concept,nguon-ben-ngoai|dam-van-tuan|tiktok-shop|kho-van|xu-ly-don-hang,2.5.2,Vận hành shop,6.4.3,nhap-mon,concept,vcpart,qt.san-tmdt.c,nguon-ben-ngoai|nguon-dam-van-tuan|tiktok-shop|kho-van|xu-ly-don-hang,cao,,g2
6ab6abb0f3ad31ef11df0cd1,TikTok Shop ưu tiên hiển thị sản phẩm cho khách ở gần kho để rút ngắn thời gian và chi phí ship,ban-hang-cskh.kenh-phan-phoi,concept,nguon-ben-ngoai|hoang-comme|tiktok-shop|phan-phoi-khu-vuc|giao-hang,2.5.2,Vận hành shop,6.4.3,nhap-mon,concept,vcpart,,nguon-ben-ngoai|nguon-hoang-comme|tiktok-shop|phan-phoi-khu-vuc|giao-hang,cao,,g2
6ab6abc5f3ad31ef11df0cd3,"Khung giờ vàng thực chất là lịch chiến dịch sale của sàn và khung giờ tung voucher, không phải giờ cố định trong ngày",marketing.quang-cao-tra-phi,insight,nguon-ben-ngoai|hoang-comme|khung-gio-vang|ngay-sale|gmv-max,2.5.2,Vận hành shop,1.4.1,nhap-mon,insight,vcpart,qt.san-tmdt.c,nguon-ben-ngoai|nguon-hoang-comme|khung-gio-vang|ngay-sale|gmv-max,thap,Nhịp chiến dịch sàn để canh giờ đăng/live; có thể 2.5.3 hoặc 1.4.1,g1
6ab6abc9f3ad31ef11df0cd4,"Chính sách trả hàng hoàn tiền mới: lý do ""đổi ý"" không được kháng, và cách xử lý hoàn cao/chặn khách bom hàng",phap-ly.quy-dinh-nganh|ban-hang-cskh.cham-soc-khach-hang,regulation,nguon-ben-ngoai|hoang-comme|tiktok-shop|hoan-tra-hang|chan-khach-hang,2.5.2,"Vận hành shop (listing, đơn, hoàn huỷ)",2.6.3|2.5.3,thuc-thi,regulation,vcpart,qt.san-tmdt.c,nguon-ben-ngoai|nguon-hoang-comme|tiktok-shop|hoan-tra-hang|chan-khach-hang,cao,,g4
6ab6abe9f3ad31ef11df0cd8,Nhân bản link sản phẩm giống hệt nhau bị TikTok Shop coi là spam và bị chặn đề xuất,ban-hang-cskh.kenh-phan-phoi,regulation,nguon-ben-ngoai|hoang-comme|tiktok-shop|spam-link|listing-san-pham,2.5.2,Vận hành shop,2.5.3,thuc-thi,regulation,vcpart,,nguon-ben-ngoai|nguon-hoang-comme|tiktok-shop|spam-link|listing-san-pham,cao,,g2
6ab6acd8f3ad31ef11df0ced,"Sản phẩm bị từ chối duyệt hoặc ẩn khỏi shop: từ ngữ cấm, thiếu giấy tờ ngành hàng, điểm số thấp",ban-hang-cskh.kenh-phan-phoi|phap-ly.quy-dinh-nganh,regulation,nguon-ben-ngoai|hoang-comme|chinh-sach-san|tiktok-shop,2.5.2,Vận hành shop,2.5.3,thuc-thi,regulation,vcpart,,nguon-ben-ngoai|nguon-hoang-comme|chinh-sach-san|tiktok-shop,cao,,g2
6ab6f806f3ad31ef11df0cf9,"3 thao tác vận hành gian hàng TikTok Shop: gắn lại giỏ hàng vào video cũ, xoá sản phẩm gắn nhầm, ẩn video quảng cáo hiệu quả",ban-hang-cskh.kenh-phan-phoi,framework,nguon-ben-ngoai|the-hoang-work|tiktok-shop|van-hanh-kenh|quan-ly-san-pham,2.5.2,Vận hành shop,,thuc-thi,framework,vcpart,,nguon-ben-ngoai|nguon-the-hoang-work|tiktok-shop|van-hanh-kenh|quan-ly-san-pham,cao,,g2
6ab6f895f3ad31ef11df0d1c,"Khung rà soát định kỳ tuần/tháng cho kênh TikTok Shop: livestream, quảng cáo, content, mô hình kinh doanh",ban-hang-cskh.kenh-phan-phoi,framework,nguon-ben-ngoai|the-hoang-work|van-hanh-tiktok-shop|danh-gia-dinh-ky|quan-tri-kenh-ban-hang,2.5.2,Vận hành shop,5.6.3,van-hanh,framework,vcpart,,nguon-ben-ngoai|nguon-the-hoang-work|van-hanh-tiktok-shop|danh-gia-dinh-ky|quan-tri-kenh-ban-hang,cao,,g2
6ab6f8ecf3ad31ef11df0d30,"Khung tự khám kênh khi TikTok Shop lâu không ra đơn: sản phẩm, thời gian đầu tư, quảng cáo, seller center",ban-hang-cskh.kenh-phan-phoi,framework,nguon-ben-ngoai|the-hoang-work|khong-ra-don|toi-uu-shop-tiktok|seller-center,2.5.2,Vận hành shop,2.5.4,van-hanh,framework,vcpart,,nguon-ben-ngoai|nguon-the-hoang-work|khong-ra-don|toi-uu-shop-tiktok|seller-center,cao,,g2
6ab6f989f3ad31ef11df0d51,Case kéo điểm cửa hàng TikTok Shop từ 2.x lên 4.x trong 2-4 tuần bằng 3 nhóm chỉ số cốt lõi,ban-hang-cskh.cham-soc-khach-hang|ban-hang-cskh.kenh-phan-phoi,case_study,nguon-ben-ngoai|the-hoang-work|diem-cua-hang|tiktok-shop|freeship,2.5.2,Vận hành shop,2.6.2,van-hanh,case_study,vcpart,qt.san-tmdt.c,nguon-ben-ngoai|nguon-the-hoang-work|diem-cua-hang|tiktok-shop|freeship,cao,,g2
6ab6f98cf3ad31ef11df0d52,Đơn hàng TikTok Shop tụt giảm theo ngày/tuần là bình thường — chỉ hành động khi xu hướng kéo dài theo tháng/quý,ban-hang-cskh.kenh-phan-phoi,insight,nguon-ben-ngoai|the-hoang-work|bien-dong-don-hang|flop-tiktok-shop|van-hanh-kenh-ban-hang,2.5.2,Vận hành shop,2.5.6,dieu-hanh,insight,vcpart,,nguon-ben-ngoai|nguon-the-hoang-work|bien-dong-don-hang|flop-tiktok-shop|van-hanh-kenh-ban-hang,cao,,g2
6ab6f9dff3ad31ef11df0d62,Cách liên hệ nhân viên hỗ trợ thật của TikTok Shop và tham gia nhóm cộng đồng chính thức để giải đáp thắc mắc,ban-hang-cskh.kenh-phan-phoi,framework,nguon-ben-ngoai|the-hoang-work|tiktok-shop|ho-tro-khach-hang|chinh-sach-san,2.5.2,Vận hành shop,,thuc-thi,framework,vcpart,,nguon-ben-ngoai|nguon-the-hoang-work|tiktok-shop|ho-tro-khach-hang|chinh-sach-san,cao,,g2
6ab6faeef3ad31ef11df0d9e,"Cơ cấu nhân sự vận hành 1 shop TikTok: 4-5 người, trong đó phần lớn là đội booking KOC",nhan-su-quan-tri.lanh-dao-quan-ly-doi-ngu|ban-hang-cskh.kenh-phan-phoi,case_study,nguon-ben-ngoai|the-hoang-work|co-cau-nhan-su|booking-koc|van-hanh-shop-tiktok,2.5.2,"Vận hành shop (listing, đơn, hoàn huỷ)",4.1.1,thiet-ke,case_study,vcpart,,nguon-ben-ngoai|nguon-the-hoang-work|co-cau-nhan-su|affiliate-koc|van-hanh-shop-tiktok,cao,,g5
6ab6fb29f3ad31ef11df0da9,"Trung tâm bảo mật TikTok Shop: hủy đơn rủi ro, từ chối hoàn tiền rủi ro, chặn vĩnh viễn khách ác ý",phap-ly.quy-dinh-nganh,regulation,nguon-ben-ngoai|the-hoang-work|trung-tam-bao-mat|tiktok-shop|chan-khach-hang,2.5.2,"Vận hành shop (listing, đơn, hoàn huỷ)",2.5.3|2.6.2,thuc-thi,regulation,vcpart,qt.san-tmdt.c,nguon-ben-ngoai|nguon-the-hoang-work|trung-tam-bao-mat|tiktok-shop|chan-khach-hang,cao,,g4
6ab6fb81f3ad31ef11df0dbc,"Xử lý đơn trả hàng hoàn tiền: từ chối đúng cách trong 24-48h, gọi hỏi lý do trước khi bấm nút, kháng nghị bằng bằng chứng video",phap-ly.quy-dinh-nganh|ban-hang-cskh.cham-soc-khach-hang,framework,nguon-ben-ngoai|the-hoang-work|tra-hang-hoan-tien|tiktok-shop|khang-nghi,2.5.2,"Vận hành shop (listing, đơn, hoàn huỷ)",2.6.3,thuc-thi,sop,vcpart,qt.san-tmdt.c,nguon-ben-ngoai|nguon-the-hoang-work|tra-hang-hoan-tien|tiktok-shop|khang-nghi,cao,Đổi type framework → sop vì là quy trình xử lý đơn hoàn từng bước,g4
6ab6fcfef3ad31ef11df0dfd,"Tối ưu trang sản phẩm (ảnh, mô tả, đánh giá, từ khoá) để tăng tỷ lệ chốt đơn",marketing.video-ngan-tiktok,framework,nguon-ben-ngoai|the-hoang-work|toi-uu-trang-san-pham|tu-khoa|tiktok-shop,2.5.2,Vận hành shop,,thuc-thi,framework,vcpart,qt.san-tmdt.c,nguon-ben-ngoai|nguon-the-hoang-work|toi-uu-trang-san-pham|tu-khoa|tiktok-shop,cao,,g1
6ab6fefff3ad31ef11df0e0e,"Mô hình bán hàng tại nhà ""lấy công làm lãi"": gộp khu đóng hàng, livestream và kho trong cùng một không gian",nganh-o-to.dich-vu-garage|ban-hang-cskh.kenh-phan-phoi,case_study,nguon-ben-ngoai|the-hoang-work|mo-hinh-van-hanh|lay-cong-lam-lai|livestream-ban-hang,2.5.2,"Vận hành shop (listing, đơn, hoàn huỷ)",5.1.2,thiet-ke,case_study,vcpart,qt.san-tmdt.c,nguon-ben-ngoai|nguon-the-hoang-work|mo-hinh-van-hanh|lay-cong-lam-lai|livestream,cao,Nhánh cũ gắn nhầm dich-vu-garage; thẻ về vận hành shop online,g6
6ab6ff44f3ad31ef11df0e10,Nên dừng bán trước Tết 5-10 ngày để tránh bị bom hàng và mất phí hoàn vận chuyển hàng loạt,ban-hang-cskh.kenh-phan-phoi,lesson,nguon-ben-ngoai|the-hoang-work|nghi-le-tet|don-hang-hoan|van-chuyen,2.5.2,Vận hành shop,,van-hanh,lesson,vcpart,qt.san-tmdt.c,nguon-ben-ngoai|nguon-the-hoang-work|nghi-le-tet|don-hang-hoan|van-chuyen,cao,,g2
6ab6ff82f3ad31ef11df0e14,Các bước bật chế độ nghỉ lễ trên Seller Center TikTok Shop để tránh dồn đơn và bị hủy đơn ảnh hưởng điểm shop,ban-hang-cskh.kenh-phan-phoi,framework,nguon-ben-ngoai|the-hoang-work|nghi-le-tet|seller-center|diem-cua-hang,2.5.2,Vận hành shop,,thuc-thi,sop,vcpart,qt.san-tmdt.c,nguon-ben-ngoai|nguon-the-hoang-work|nghi-le-tet|seller-center|diem-cua-hang,cao,Các bước bật chế độ nghỉ lễ → sop,g2
6ab70044f3ad31ef11df0e1c,Đừng nhận booking KOC hay chạy quảng cáo vượt năng lực kho: hết hàng giữa chừng gây huỷ đơn hàng loạt và tụt điểm shop,ban-hang-cskh.kenh-phan-phoi,lesson,nguon-ben-ngoai|the-hoang-work|quan-tri-ton-kho|booking-koc|diem-cua-hang,2.5.2,Vận hành shop,6.4.2,dieu-hanh,lesson,vcpart,qt.san-tmdt.c,nguon-ben-ngoai|nguon-the-hoang-work|quan-tri-ton-kho|affiliate-koc|diem-cua-hang,cao,,g2
6ab700bef3ad31ef11df0e22,"4 việc cần chuẩn bị trước ngày siêu sale: test video quảng cáo, lên lịch livestream, chuẩn bị nguồn hàng và sức khỏe",ban-hang-cskh.kenh-phan-phoi|marketing.chien-luoc-thuong-hieu,framework,nguon-ben-ngoai|the-hoang-work|sieu-sale|chuan-bi-livestream|tiktok-shop,2.5.2,Vận hành shop,2.5.5,van-hanh,checklist,vcpart,qt.san-tmdt.b,nguon-ben-ngoai|nguon-the-hoang-work|sieu-sale|chuan-bi-livestream|tiktok-shop,cao,4 việc chuẩn bị trước siêu sale → checklist,g2
6ab7303ae8a762a4385a5359,"Bán xuyên Tết hay bật chế độ nghỉ lễ trên TikTok Shop: cân nhắc rủi ro hoàn phí vận chuyển, hàng thất lạc và quảng cáo cắn tiền vô ích",ban-hang-cskh.kenh-phan-phoi|marketing.quang-cao-tra-phi,lesson,nguon-ben-ngoai|dam-van-tuan|tiktok-shop-van-hanh|nghi-le-tet|quang-cao-tiktok,2.5.2,Vận hành shop,,van-hanh,lesson,vcpart,qt.san-tmdt.c,nguon-ben-ngoai|nguon-dam-van-tuan|tiktok-shop-van-hanh|nghi-le-tet|quang-cao-tiktok,cao,,g2
6ab730aae8a762a4385a536b,5 nguyên nhân khiến đơn hàng TikTok Shop tụt sau Tết và cách khắc phục từng nguyên nhân,ban-hang-cskh.kenh-phan-phoi|marketing.video-ngan-tiktok,lesson,nguon-ben-ngoai|dam-van-tuan|nghi-le-tet|tut-don-hang|diem-van-hanh-shop,2.5.2,Vận hành shop,,van-hanh,lesson,vcpart,,nguon-ben-ngoai|nguon-dam-van-tuan|nghi-le-tet|tut-don-hang|diem-van-hanh-shop,cao,,g2
6ab730fce8a762a4385a537b,"6 nguyên nhân khiến shop TikTok Shop tụt đơn/doanh số và cách chẩn đoán, khắc phục",ban-hang-cskh.kenh-phan-phoi,framework,nguon-ben-ngoai|dam-van-tuan|tut-don-hang|diem-van-hanh-shop|affiliate-koc,2.5.2,Vận hành shop,2.5.5,van-hanh,framework,vcpart,,nguon-ben-ngoai|nguon-dam-van-tuan|tut-don-hang|diem-van-hanh-shop|affiliate-koc,cao,,g2
6ab73287e8a762a4385a53b3,"Tối ưu thông tin sản phẩm trên TikTok Shop: tên, hình ảnh, thuộc tính, xuất xứ và các quy định mới",ban-hang-cskh.kenh-phan-phoi,framework,nguon-ben-ngoai|dam-van-tuan|tiktok-shop|toi-uu-san-pham|chinh-sach-nen-tang,2.5.2,Vận hành shop,,thuc-thi,checklist,vcpart,,nguon-ben-ngoai|nguon-dam-van-tuan|tiktok-shop|toi-uu-san-pham|chinh-sach-san,cao,Checklist tối ưu listing → đổi type checklist,g2
6ab732dce8a762a4385a53b8,Điều chỉnh giá và biến thể sản phẩm đang bán chạy mà không bị TikTok Shop bóp tương tác,ban-hang-cskh.kenh-phan-phoi,lesson,nguon-ben-ngoai|dam-van-tuan|tiktok-shop|chinh-sach-nen-tang|dieu-chinh-gia|toi-uu-san-pham,2.5.2,Vận hành shop,2.5.1,thuc-thi,lesson,vcpart,,nguon-ben-ngoai|nguon-dam-van-tuan|tiktok-shop|chinh-sach-san|dieu-chinh-gia|toi-uu-san-pham,cao,,g2
6ab73378e8a762a4385a53bf,Quy trình chuyển đổi chủ sở hữu/pháp nhân TikTok Shop và lưu ý thời gian khóa rút tiền sau chuyển,ban-hang-cskh.kenh-phan-phoi,regulation,nguon-ben-ngoai|dam-van-tuan|chuyen-doi-chu-so-huu|tiktok-shop|quy-trinh-hanh-chinh,2.5.2,Vận hành shop,3.6.6,thuc-thi,regulation,vcpart,,nguon-ben-ngoai|nguon-dam-van-tuan|chuyen-doi-chu-so-huu|tiktok-shop|quy-trinh-hanh-chinh,cao,,g2
6ab6a9cdf3ad31ef11df0c80,Chính sách TikTok Live 2025: nguyên nhân bị khóa live và cập nhật bỏ yêu cầu chọn shop khi chạy đa kênh,ban-hang-cskh.kenh-phan-phoi,regulation,nguon-ben-ngoai|hoang-comme|chinh-sach-tiktok|livestream-tiktok|gmv-max,2.5.3,Chính sách & phí sàn,2.5.5,thuc-thi,regulation,vcpart,,nguon-ben-ngoai|nguon-hoang-comme|chinh-sach-san|livestream|gmv-max,cao,,g2
6ab6a9cef3ad31ef11df0c81,Đăng ký gói bảo hiểm ship TikTok Shop 1.650đ/đơn: chỉ nên bật khi phí hoàn thực tế vượt ngưỡng này,ban-hang-cskh.kenh-phan-phoi,insight,nguon-ben-ngoai|hoang-comme|tiktok-shop|phi-van-chuyen|ty-le-hoan-don,2.5.3,Chính sách & phí sàn,3.3.2,dieu-hanh,insight,vcpart,,nguon-ben-ngoai|nguon-hoang-comme|tiktok-shop|phi-van-chuyen|ty-le-hoan-don,cao,,g2
6ab6a9eaf3ad31ef11df0c84,Điểm phạt vận hành kênh và điểm chất lượng sản phẩm quyết định việc tài khoản/sản phẩm bị khoá trên TikTok Shop,ban-hang-cskh.kenh-phan-phoi,regulation,nguon-ben-ngoai|hoang-comme|tiktok-shop|affiliate-marketing|chinh-sach-san,2.5.3,Chính sách & phí sàn,,nhap-mon,regulation,vcpart,,nguon-ben-ngoai|nguon-hoang-comme|tiktok-shop|affiliate-koc|chinh-sach-san,cao,,g2
6ab6aae1f3ad31ef11df0cab,"TikTok siết nội dung affiliate gây hiểu nhầm (giá lệch thời điểm, ảnh AI, content ""đặt rồi huỷ"") để bảo vệ nhà bán hàng",ban-hang-cskh.kenh-phan-phoi|phap-ly.quy-dinh-nganh,regulation,nguon-ben-ngoai|hoang-comme|affiliate-marketing|hoan-huy-don|chinh-sach-san,2.5.3,Chính sách & phí sàn,2.5.5,thuc-thi,regulation,vcpart,,nguon-ben-ngoai|nguon-hoang-comme|affiliate-koc|hoan-huy-don|chinh-sach-san,cao,,g2
6ab6aae2f3ad31ef11df0cac,Tham gia flash sale/campaign của sàn: giá đăng ký bị khống chế là mức rẻ nhất trong 30 ngày,ban-hang-cskh.kenh-phan-phoi|marketing.quang-cao-tra-phi,regulation,nguon-ben-ngoai|hoang-comme|chinh-sach-san|tiktok-shop|gia-ban,2.5.3,Chính sách & phí sàn,2.5.1,thuc-thi,regulation,vcpart,qt.san-tmdt.a,nguon-ben-ngoai|nguon-hoang-comme|chinh-sach-san|tiktok-shop|gia-ban,cao,,g2
6ab6aaf5f3ad31ef11df0cb0,Giấy tờ công bố sản phẩm theo ngành hàng: thiếu hoặc hết hạn sẽ bị TikTok Shop quét và tạm khóa,phap-ly.quy-dinh-nganh|ban-hang-cskh.kenh-phan-phoi,regulation,nguon-ben-ngoai|hoang-comme|tiktok-shop|giay-to-cong-bo|gmv-max,2.5.3,Chính sách & phí sàn,2.5.2,thuc-thi,regulation,vcpart,qt.san-tmdt.a,nguon-ben-ngoai|nguon-hoang-comme|tiktok-shop|giay-to-cong-bo|gmv-max,cao,,g4
6ab6ab0af3ad31ef11df0cb4,Mức phạt vi phạm chính sách quảng cáo TikTok và cách tránh bị quét khi livestream đa nền tảng,phap-ly.quy-dinh-nganh,regulation,nguon-ben-ngoai|hoang-comme|tiktok-shop|quang-cao-tiktok|livestream,2.5.3,Chính sách & phí sàn,2.5.4|2.5.5,thuc-thi,regulation,vcpart,qt.san-tmdt.b,nguon-ben-ngoai|nguon-hoang-comme|tiktok-shop|quang-cao-tiktok|livestream,cao,,g4
6ab6ab32f3ad31ef11df0cbb,Điều kiện mở TikTok Shop và quy trình chuyển đổi pháp nhân chủ shop sang hộ kinh doanh/công ty,phap-ly.quy-dinh-nganh|ke-toan.chung-tu-quy-trinh,regulation,nguon-ben-ngoai|hoang-comme|tiktok-shop|phap-nhan-kinh-doanh|chuyen-doi-ho-kinh-doanh,2.5.3,Chính sách & phí sàn,3.6.6,thuc-thi,regulation,vcpart,,nguon-ben-ngoai|nguon-hoang-comme|tiktok-shop|phap-nhan-kinh-doanh|chuyen-doi-ho-kinh-doanh,cao,,g4
6ab6ab4af3ad31ef11df0cbe,"Thời hạn giao hàng, rút ngắn hạn xử lý hủy đơn còn 24h và tính năng Pre-order trên TikTok Shop",ban-hang-cskh.kenh-phan-phoi,regulation,nguon-ben-ngoai|hoang-comme|tiktok-shop|giao-hang|huy-don|pre-order,2.5.3,Chính sách & phí sàn,2.5.2,thuc-thi,regulation,vcpart,qt.san-tmdt.c,nguon-ben-ngoai|nguon-hoang-comme|tiktok-shop|giao-hang|huy-don|pre-order,cao,,g2
6ab6ab6ef3ad31ef11df0cc4,Giá ảo câu view và giá gây hiểu lầm giữa video với link đều là lỗi vi phạm bị TikTok phạt cả kênh lẫn shop,ban-hang-cskh.kenh-phan-phoi|phap-ly.quy-dinh-nganh,regulation,nguon-ben-ngoai|hoang-comme|chinh-sach-san|tiktok-shop,2.5.3,Chính sách & phí sàn,2.5.1,thuc-thi,regulation,vcpart,,nguon-ben-ngoai|nguon-hoang-comme|chinh-sach-san|tiktok-shop,cao,,g2
6ab6ab87f3ad31ef11df0cc8,"TikTok Shop cập nhật cách tính điểm sản phẩm, tỷ lệ giao muộn và gộp chung tỷ lệ phản hồi 12h",phap-ly.quy-dinh-nganh|ban-hang-cskh.cham-soc-khach-hang,regulation,nguon-ben-ngoai|hoang-comme|tiktok-shop|diem-shop|giao-hang,2.5.3,Chính sách & phí sàn,2.6.5,nhap-mon,regulation,vcpart,qt.san-tmdt.c,nguon-ben-ngoai|nguon-hoang-comme|tiktok-shop|diem-shop|giao-hang,cao,,g4
6ab6aba0f3ad31ef11df0ccd,"Star Shop, Cup sản phẩm và lợi thế shop Mall trong tìm kiếm: cách giữ và cạnh tranh",ban-hang-cskh.kenh-phan-phoi|ban-hang-cskh.cham-soc-khach-hang,concept,nguon-ben-ngoai|hoang-comme|tiktok-shop|star-shop|shop-mall,2.5.3,Chính sách & phí sàn,2.5.2,nhap-mon,concept,vcpart,,nguon-ben-ngoai|nguon-hoang-comme|tiktok-shop|star-shop|shop-mall,cao,,g2
6ab6aba8f3ad31ef11df0cd0,"Video gắn giỏ hàng bắt buộc dùng nhạc thương mại của TikTok, dùng nhạc trend thường sẽ bị chặn âm thanh",ban-hang-cskh.kenh-phan-phoi,regulation,nguon-ben-ngoai|hoang-comme|chinh-sach-san|video-ngan-tiktok,2.5.3,Chính sách & phí sàn,1.4.3,thuc-thi,regulation,vcpart,,nguon-ben-ngoai|nguon-hoang-comme|chinh-sach-san,cao,,g2
6ab6abdaf3ad31ef11df0cd7,Từ 1/7/2026: người livestream bán hàng phải được nền tảng xác minh danh tính; tài khoản doanh nghiệp TikTok không bắt buộc xác minh,phap-ly.quy-dinh-nganh|ban-hang-cskh.kenh-phan-phoi,regulation,nguon-ben-ngoai|dam-van-tuan|tiktok-shop|luat-thuong-mai-dien-tu|xac-minh-danh-tinh,2.5.3,Chính sách & phí sàn,2.5.5,nhap-mon,regulation,vcpart,,nguon-ben-ngoai|nguon-dam-van-tuan|tiktok-shop|luat-thuong-mai-dien-tu|xac-minh-danh-tinh,cao,,g4
6ab6ae8ef3ad31ef11df0cf2,"TikTok Shop tăng phí sàn, phí hoa hồng và VXP nhiều lần trong 2026, tổng phí cố định lên tới 30-33% doanh thu, nhưng có cách được giảm 1% phí sàn qua GMV Max",ban-hang-cskh.kenh-phan-phoi|tai-chinh.phan-tich-tai-chinh,insight,nguon-ben-ngoai|dam-van-tuan|phi-san-tiktok-shop|gmv-max|vxp|toi-uu-chi-phi,2.5.3,Chính sách & phí sàn,2.5.4,dieu-hanh,insight,vcpart,,nguon-ben-ngoai|nguon-dam-van-tuan|phi-san-tiktok-shop|gmv-max|vxp|toi-uu-chi-phi,cao,,g2
6ab6aeccf3ad31ef11df0cf3,Voucher Extra Plus (VXP+) và Dynamic Commission trên TikTok Shop: chi phí thực tế và khi nào nên hay không nên tham gia,ban-hang-cskh.kenh-phan-phoi,concept,nguon-ben-ngoai|dam-van-tuan|voucher-extra-plus|dynamic-commission|phi-san-tiktok-shop,2.5.3,Chính sách & phí sàn,,dieu-hanh,concept,vcpart,,nguon-ben-ngoai|nguon-dam-van-tuan|voucher-extra-plus|dynamic-commission|phi-san-tiktok-shop,cao,,g2
6ab6f7f8f3ad31ef11df0cf6,"Live TikTok Shop 0 mắt xem liên tục nhiều ngày: dấu hiệu kênh vi phạm, cần kiểm tra và cân nhắc đổi kênh",ban-hang-cskh.kenh-phan-phoi,framework,nguon-ben-ngoai|the-hoang-work|livestream-tiktok|vi-pham-kenh|ban-hang-tiktok-shop,2.5.3,Chính sách & phí sàn,2.5.5,thuc-thi,framework,vcpart,,nguon-ben-ngoai|nguon-the-hoang-work|livestream|vi-pham-kenh|ban-hang-tiktok-shop,cao,,g2
6ab6f832f3ad31ef11df0d05,Điều kiện lên Starshop và quyền lợi chương trình Starshop+ của TikTok Shop,phap-ly.quy-dinh-nganh,regulation,nguon-ben-ngoai|the-hoang-work|tiktok-shop|starshop|quy-dinh-san-tmdt,2.5.3,Chính sách & phí sàn,,nhap-mon,regulation,vcpart,,nguon-ben-ngoai|nguon-the-hoang-work|tiktok-shop|starshop|quy-dinh-san-tmdt,cao,,g4
6ab6f85cf3ad31ef11df0d0d,Cơ cấu các khoản phí sàn TikTok Shop tự động trừ trên mỗi đơn hàng,ban-hang-cskh.kenh-phan-phoi,concept,nguon-ben-ngoai|the-hoang-work|tiktok-shop|chi-phi-san-tmdt|hoa-don-thue,2.5.3,Chính sách & phí sàn,3.6.6,nhap-mon,concept,vcpart,qt.san-tmdt.d,nguon-ben-ngoai|nguon-the-hoang-work|tiktok-shop|chi-phi-san-tmdt|hoa-don-thue,cao,,g2
6ab6f869f3ad31ef11df0d10,"TikTok Shop siết giao dịch ngoài sàn, nhưng livestream xả hàng lẻ/đặc thù vẫn có cách làm giảm rủi ro",ban-hang-cskh.kenh-phan-phoi|phap-ly.quy-dinh-nganh,regulation,nguon-ben-ngoai|the-hoang-work|chinh-sach-tiktok-shop|don-ngoai-san|xu-ly-hang-ton,2.5.3,Chính sách & phí sàn,6.4.2,thuc-thi,regulation,vcpart,,nguon-ben-ngoai|nguon-the-hoang-work|chinh-sach-san|don-ngoai-san|xu-ly-hang-ton,cao,,g2
6ab6f8ecf3ad31ef11df0d2f,"Cắt highlight từ chính phiên livestream của mình để đăng lại là hợp lệ trên TikTok, khác với re-up nội dung người khác",ban-hang-cskh.kenh-phan-phoi|marketing.video-ngan-tiktok,regulation,nguon-ben-ngoai|the-hoang-work|chinh-sach-tiktok-shop|livestream-ban-hang|video-ngan-tiktok,2.5.3,Chính sách & phí sàn,1.3.4,thuc-thi,regulation,vcpart,,nguon-ben-ngoai|nguon-the-hoang-work|chinh-sach-san|livestream,cao,,g2
6ab6f924f3ad31ef11df0d3a,Tra cứu chính sách sàn TikTok Shop miễn phí qua mục Học viện > Trung tâm chính sách trong Seller Center,ban-hang-cskh.kenh-phan-phoi,framework,nguon-ben-ngoai|the-hoang-work|tiktok-shop|chinh-sach-san|van-hanh-ban-hang,2.5.3,Chính sách & phí sàn,,thuc-thi,framework,vcpart,,nguon-ben-ngoai|nguon-the-hoang-work|tiktok-shop|chinh-sach-san|van-hanh-ban-hang,cao,,g2
6ab6f944f3ad31ef11df0d42,"Re-up video/livestream người khác và sao chép nguyên bản nội dung là vi phạm chính sách TikTok, có rủi ro mất tiền và cách kháng nghị",phap-ly.quy-dinh-nganh|ban-hang-cskh.kenh-phan-phoi,regulation,nguon-ben-ngoai|the-hoang-work|chinh-sach-tiktok-shop|vi-pham-noi-dung|san-xuat-noi-dung,2.5.3,Chính sách & phí sàn,1.4.3,thuc-thi,regulation,vcpart,qt.san-tmdt.b,nguon-ben-ngoai|nguon-the-hoang-work|chinh-sach-san|vi-pham-noi-dung|san-xuat-noi-dung,cao,,g4
6ab6f971f3ad31ef11df0d4b,Học chính sách sàn miễn phí và chấp nhận luật chơi thay vì trả tiền học lại hoặc đòi bỏ sàn khi bị phạt vi phạm,ban-hang-cskh.kenh-phan-phoi|phap-ly.quy-dinh-nganh,lesson,nguon-ben-ngoai|the-hoang-work|tiktok-shop|chinh-sach-san|tuan-thu-quy-dinh,2.5.3,Chính sách & phí sàn,,dieu-hanh,lesson,vcpart,,nguon-ben-ngoai|nguon-the-hoang-work|tiktok-shop|chinh-sach-san|tuan-thu-quy-dinh,cao,,g2
6ab6f9e1f3ad31ef11df0d63,Điểm cửa hàng từ 4.5 trở lên được TikTok cộng thêm 30% lưu lượng; dưới 3.0 có nguy cơ mất freeship,ban-hang-cskh.kenh-phan-phoi|ban-hang-cskh.cham-soc-khach-hang,insight,nguon-ben-ngoai|the-hoang-work|diem-cua-hang|tiktok-shop|traffic,2.5.3,Chính sách & phí sàn,2.5.2,dieu-hanh,insight,vcpart,,nguon-ben-ngoai|nguon-the-hoang-work|diem-cua-hang|tiktok-shop|traffic,cao,,g2
6ab6f9f3f3ad31ef11df0d69,Live nhiều tài khoản cùng wifi/thiết bị không tự động bị TikTok phạt; nếu dính vi phạm có thể kháng nghị nhiều lần,ban-hang-cskh.kenh-phan-phoi|phap-ly.quy-dinh-nganh,insight,nguon-ben-ngoai|the-hoang-work|livestream-tiktok|chinh-sach-tiktok-shop|van-hanh-shop,2.5.3,Chính sách & phí sàn,2.5.5,thuc-thi,insight,vcpart,,nguon-ben-ngoai|nguon-the-hoang-work|livestream|chinh-sach-san|van-hanh-shop,cao,,g2
6ab6f9f7f3ad31ef11df0d6a,Chương trình hoàn phí vận chuyển của TikTok Shop: đăng ký mất 1.620đ/đơn để được bảo hiểm phí bom hàng và hoàn trả tới 40k,tai-chinh.quan-tri-dong-tien|ban-hang-cskh.kenh-phan-phoi,regulation,nguon-ben-ngoai|the-hoang-work|chinh-sach-tiktok-shop|hoan-huy-don|phi-van-chuyen,2.5.3,Chính sách & phí sàn,,thuc-thi,regulation,vcpart,qt.san-tmdt.c,nguon-ben-ngoai|nguon-the-hoang-work|chinh-sach-san|hoan-huy-don|phi-van-chuyen,cao,Ngoài mảng 3: chính sách phí sàn.,g3
6ab6fa1df3ad31ef11df0d71,Chính sách CPL của TikTok Shop: giới hạn 7 video/7 ngày chỉ áp dụng cho nội dung chất lượng thấp,phap-ly.quy-dinh-nganh,regulation,nguon-ben-ngoai|the-hoang-work|chinh-sach-tiktok-shop|cpl|chat-luong-video,2.5.3,Chính sách & phí sàn,,nhap-mon,regulation,vcpart,qt.san-tmdt.b,nguon-ben-ngoai|nguon-the-hoang-work|chinh-sach-san|cpl|chat-luong-video,cao,,g4
6ab6fa36f3ad31ef11df0d77,"Ba nguồn tiết kiệm phí trên TikTok Shop: mục ""Nhiệm vụ và phần thưởng"", tài khoản quảng cáo trả sau, và cơ chế giảm phí sàn theo % chi quảng cáo",marketing.quang-cao-tra-phi|ban-hang-cskh.kenh-phan-phoi,framework,nguon-ben-ngoai|the-hoang-work|voucher-tiktok|phi-san-tiktok|tiktok-shop-ads,2.5.3,Chính sách & phí sàn,2.5.4,thuc-thi,framework,vcpart,qt.san-tmdt.b,nguon-ben-ngoai|nguon-the-hoang-work|voucher-tiktok|phi-san-tiktok|quang-cao-tiktok,cao,,g1
6ab6fa4cf3ad31ef11df0d7f,"Chính sách phí đơn bom/hoàn hàng của TikTok Shop liên tục thay đổi: từng áp mất tối đa 40k/đơn, hoãn từ 1/4",tai-chinh.quan-tri-dong-tien|ban-hang-cskh.kenh-phan-phoi,regulation,nguon-ben-ngoai|the-hoang-work|chinh-sach-tiktok-shop|hoan-huy-don|phi-san,2.5.3,Chính sách & phí sàn,,van-hanh,regulation,vcpart,qt.san-tmdt.c,nguon-ben-ngoai|nguon-the-hoang-work|chinh-sach-san|hoan-huy-don|phi-san-tmdt,cao,Ngoài mảng 3: chính sách phí sàn.,g3
6ab6fa65f3ad31ef11df0d83,"TikTok phạt video ""thiếu nỗ lực sản xuất"": hành động lặp lại, ghép nhạc suông, video lắc sản phẩm dễ bị bóp tương tác hoặc mất giỏ hàng",phap-ly.quy-dinh-nganh,regulation,nguon-ben-ngoai|the-hoang-work|chinh-sach-tiktok-shop|chat-luong-video|cpl,2.5.3,Chính sách & phí sàn,1.4.3,thuc-thi,regulation,vcpart,qt.san-tmdt.b,nguon-ben-ngoai|nguon-the-hoang-work|chinh-sach-san|chat-luong-video|cpl,cao,,g4
6ab6fa95f3ad31ef11df0d8e,Cách tính có nên đăng ký bảo hiểm ship/bồi hoàn phí vận chuyển: so sánh tổng phí đăng ký với tổng thiệt hại đơn hoàn thực tế,tai-chinh.quan-tri-dong-tien|ke-toan.ke-toan-quan-tri,framework,nguon-ben-ngoai|the-hoang-work|phi-van-chuyen|hoan-huy-don|chinh-sach-tiktok-shop,2.5.3,Chính sách & phí sàn,3.3.3,thuc-thi,framework,vcpart,qt.san-tmdt.c,nguon-ben-ngoai|nguon-the-hoang-work|phi-van-chuyen|hoan-huy-don|chinh-sach-san,cao,Ngoài mảng 3: gói phí của sàn; phương án tài chính: 3.3.3.,g3
6ab6fae3f3ad31ef11df0d9a,"Cập nhật các khoản phí mới của TikTok Shop: phí xử lý đơn 3.000đ, freeship tăng lên 6%, chương trình ưu đãi tái xuất có giới hạn",ke-toan.ke-toan-quan-tri,regulation,nguon-ben-ngoai|the-hoang-work|tiktok-shop|chi-phi-san-tmdt|hoa-don-thue,2.5.3,Chính sách & phí sàn,,thuc-thi,regulation,vcpart,,nguon-ben-ngoai|nguon-the-hoang-work|tiktok-shop|phi-san-tmdt|hoa-don-thue,cao,Ngoài mảng 3: biểu phí sàn.,g3
6ab6faf0f3ad31ef11df0d9f,"Mốc giá trị đơn hàng để được freeship và mã voucher vận chuyển của TikTok Shop thay đổi liên tục, cần chốt giá bán theo đúng ngưỡng",ban-hang-cskh.kenh-phan-phoi|tai-chinh.phan-tich-tai-chinh,regulation,nguon-ben-ngoai|the-hoang-work|chinh-sach-tiktok-shop|phi-van-chuyen|freeship,2.5.3,Chính sách & phí sàn,2.5.1,thuc-thi,regulation,vcpart,qt.san-tmdt.a,nguon-ben-ngoai|nguon-the-hoang-work|chinh-sach-san|phi-van-chuyen|freeship,cao,,g2
6ab6fb37f3ad31ef11df0dab,"Phí sàn TMĐT nên được nhìn như chi phí thuê mặt bằng, không phải khoản phí bất công",ban-hang-cskh.kenh-phan-phoi,concept,nguon-ben-ngoai|the-hoang-work|tiktok-shop|chi-phi-san-tmdt,2.5.3,Chính sách & phí sàn,3.3.2,dieu-hanh,concept,vcpart,,nguon-ben-ngoai|nguon-the-hoang-work|tiktok-shop|chi-phi-san-tmdt,cao,,g2
6ab6fb42f3ad31ef11df0db1,"Voucher freeship/VIP của TikTok Shop chỉ tài trợ đến một mức trần, khách vẫn mất phần chênh lệch phí ship",ban-hang-cskh.ky-nang-ban-hang|ban-hang-cskh.kenh-phan-phoi,insight,nguon-ben-ngoai|the-hoang-work|freeship|phi-van-chuyen|chinh-sach-tiktok-shop,2.5.3,Chính sách & phí sàn,,nhap-mon,insight,vcpart,,nguon-ben-ngoai|nguon-the-hoang-work|freeship|phi-van-chuyen|chinh-sach-san,cao,,g2
6ab6fb9ef3ad31ef11df0dc5,"Đăng ký chương trình freeship và tạo mã tài trợ phí ship trên TikTok Shop: các bước, mức phí trần, và cách tránh mất mã",ban-hang-cskh.kenh-phan-phoi|ban-hang-cskh.ky-nang-ban-hang,framework,nguon-ben-ngoai|the-hoang-work|freeship|phi-van-chuyen|chinh-sach-tiktok-shop,2.5.3,Chính sách & phí sàn,,thuc-thi,framework,vcpart,,nguon-ben-ngoai|nguon-the-hoang-work|freeship|phi-van-chuyen|chinh-sach-san,cao,,g2
6ab6fbcdf3ad31ef11df0dcb,"Cảnh giác mạo danh KOL/chuyên gia TikTok Shop nhắn tin mời khóa học, dịch vụ — người thật không chủ động nhắn tin mời chào",phap-ly.quy-dinh-nganh,lesson,nguon-ben-ngoai|the-hoang-work|mao-danh-lua-dao|an-toan-tiktok-shop|canh-bao-lua-dao,2.5.3,Chính sách & phí sàn,5.7.5,dieu-hanh,lesson,vcpart,,nguon-ben-ngoai|nguon-the-hoang-work|mao-danh-lua-dao|an-toan-tiktok-shop|canh-bao-lua-dao,thap,Cảnh báo lừa đảo mạo danh; có thể 5.7.5 (bảo mật) — không có node riêng cho an toàn tài khoản sàn,g4
6ab6fc24f3ad31ef11df0ddb,"Dịch vụ ""ảo"" cần tránh trên TikTok Shop: bảo kê nick, cam kết đơn hàng cố định, bơm view/tương tác lên xu hướng",phap-ly.quy-dinh-nganh|marketing.quang-cao-tra-phi,lesson,nguon-ben-ngoai|the-hoang-work|lua-dao-dich-vu-ao|bao-ke-nick-tiktok|cam-ket-don-hang,2.5.3,Chính sách & phí sàn,2.5.4,dieu-hanh,lesson,vcpart,,nguon-ben-ngoai|nguon-the-hoang-work|lua-dao-dich-vu-ao|bao-ke-nick-tiktok|cam-ket-don-hang,thap,Cảnh báo lừa đảo dịch vụ ngoài; có thể 2.5.4 (ads) hoặc 1.3.4 (xây kênh),g4
6ab6fca8f3ad31ef11df0df4,Chính sách giao hàng nhanh (FDR) của TikTok Shop: mốc giờ bắt buộc bàn giao vận chuyển và cách gia hạn xử lý đơn,ban-hang-cskh.kenh-phan-phoi|tai-chinh.quan-tri-dong-tien,regulation,nguon-ben-ngoai|the-hoang-work|chinh-sach-tiktok-shop|van-hanh-don-hang|gia-han-don,2.5.3,Chính sách & phí sàn,6.4.3,thuc-thi,regulation,vcpart,qt.san-tmdt.c,nguon-ben-ngoai|nguon-the-hoang-work|chinh-sach-san|van-hanh-don-hang|gia-han-don,cao,,g2
6ab6fd02f3ad31ef11df0dfe,Giới hạn đơn hàng trên TikTok Shop: nguyên nhân bị khóa giỏ hàng và điều kiện mở giới hạn theo từng mốc,ban-hang-cskh.kenh-phan-phoi|ban-hang-cskh.ky-nang-ban-hang,regulation,nguon-ben-ngoai|the-hoang-work|chinh-sach-tiktok-shop|van-hanh-don-hang|gioi-han-don,2.5.3,Chính sách & phí sàn,2.5.2,thuc-thi,regulation,vcpart,qt.san-tmdt.c,nguon-ben-ngoai|nguon-the-hoang-work|chinh-sach-san|van-hanh-don-hang|gioi-han-don,cao,,g2
6ab6fe22f3ad31ef11df0e05,"Điểm vi phạm TikTok Shop tự xoá sau 90 ngày (shop) hoặc 6 tháng (seller center), không cần quá hoang mang",phap-ly.quy-dinh-nganh|ban-hang-cskh.kenh-phan-phoi,regulation,nguon-ben-ngoai|the-hoang-work|tiktok-shop|diem-vi-pham|van-hanh-san-tmdt,2.5.3,Chính sách & phí sàn,,nhap-mon,regulation,vcpart,,nguon-ben-ngoai|nguon-the-hoang-work|tiktok-shop|diem-vi-pham|van-hanh-san-tmdt,cao,,g4
6ab6fe63f3ad31ef11df0e06,"Tránh khoá liên đới khi lập shop mới: đổi thiết bị, mạng, và không đăng ký shop bằng tên người khác",phap-ly.quy-dinh-nganh|ban-hang-cskh.kenh-phan-phoi,lesson,nguon-ben-ngoai|the-hoang-work|tiktok-shop|khoa-shop|van-hanh-san-tmdt,2.5.3,Chính sách & phí sàn,2.5.2,thuc-thi,lesson,vcpart,,nguon-ben-ngoai|nguon-the-hoang-work|tiktok-shop|khoa-shop|van-hanh-san-tmdt,cao,,g4
6ab6feb1f3ad31ef11df0e08,"Chính sách giá TikTok Shop: chiết khấu tối đa 50% giá gốc, cấm giá gây hiểu lầm/hết hạn, và bắt buộc tem nhãn/xuất xứ",phap-ly.quy-dinh-nganh,regulation,nguon-ben-ngoai|the-hoang-work|tiktok-shop|chinh-sach-gia|van-hanh-san-tmdt,2.5.3,Chính sách & phí sàn,2.5.1,thuc-thi,regulation,vcpart,qt.san-tmdt.a,nguon-ben-ngoai|nguon-the-hoang-work|tiktok-shop|chinh-sach-gia|van-hanh-san-tmdt,cao,,g4
6ab6fef0f3ad31ef11df0e0c,Vi phạm bất ngờ trong live/video: minigame quay số kiểu cờ bạc và hành động vô tình bị quét nhầm ngược đãi động vật,phap-ly.quy-dinh-nganh,lesson,nguon-ben-ngoai|the-hoang-work|tiktok-shop|livestream|van-hanh-san-tmdt,2.5.3,Chính sách & phí sàn,2.5.5,thuc-thi,lesson,vcpart,qt.san-tmdt.b,nguon-ben-ngoai|nguon-the-hoang-work|tiktok-shop|livestream|van-hanh-san-tmdt,cao,,g4
6ab6ff67f3ad31ef11df0e12,"Xác minh CCCD đúng chủ tài khoản để rút tiền TikTok Shop; số dư âm chỉ là cảnh báo, không phải phạt ngay",ban-hang-cskh.kenh-phan-phoi,regulation,nguon-ben-ngoai|the-hoang-work|tiktok-shop|xac-minh-danh-tinh|rut-tien,2.5.3,Chính sách & phí sàn,2.5.6,thuc-thi,regulation,vcpart,qt.san-tmdt.d,nguon-ben-ngoai|nguon-the-hoang-work|tiktok-shop|xac-minh-danh-tinh|rut-tien,cao,,g2
6ab70105f3ad31ef11df0e25,"Cách đăng ký Voucher siêu sale và Voucher Xtra trên TikTok Shop, và nguyên tắc tính giá để không lỗ vì phí voucher",ban-hang-cskh.kenh-phan-phoi|marketing.quang-cao-tra-phi,framework,nguon-ben-ngoai|the-hoang-work|voucher-khuyen-mai|sieu-sale|co-cau-gia-ban,2.5.3,Chính sách & phí sàn,2.5.1,thuc-thi,framework,vcpart,,nguon-ben-ngoai|nguon-the-hoang-work|voucher-khuyen-mai|sieu-sale|co-cau-gia-ban,cao,,g2
6ab70151f3ad31ef11df0e27,Danh sách từ ngữ bị cấm khi làm video/livestream bán hàng trên TikTok Shop và cách nói thay thế không vi phạm,phap-ly.quy-dinh-nganh,regulation,nguon-ben-ngoai|the-hoang-work|vi-pham-livestream|ngon-tu-cam|tiktok-shop,2.5.3,Chính sách & phí sàn,1.4.2,thuc-thi,regulation,vcpart,qt.san-tmdt.b,nguon-ben-ngoai|nguon-the-hoang-work|vi-pham-livestream|ngon-tu-cam|tiktok-shop,cao,,g4
6ab70198f3ad31ef11df0e2a,10 lỗi vi phạm phổ biến khi livestream bán hàng và cách tránh vi phạm về mô tả sản phẩm/cân nặng,phap-ly.quy-dinh-nganh|ban-hang-cskh.kenh-phan-phoi,regulation,nguon-ben-ngoai|the-hoang-work|vi-pham-livestream|mo-ta-san-pham|tiktok-shop,2.5.3,Chính sách & phí sàn,2.5.5,thuc-thi,regulation,vcpart,qt.san-tmdt.b,nguon-ben-ngoai|nguon-the-hoang-work|vi-pham-livestream|mo-ta-san-pham|tiktok-shop,cao,,g4
6ab701d9f3ad31ef11df0e2c,"Nói ""freeship"" trên video/live cần kèm câu miễn trừ trách nhiệm; tặng quà trong live cần thể hiện rõ hoặc tránh dùng chữ ""tặng""",phap-ly.quy-dinh-nganh,regulation,nguon-ben-ngoai|the-hoang-work|vi-pham-livestream|freeship|tang-qua-khuyen-mai,2.5.3,Chính sách & phí sàn,2.5.5,thuc-thi,regulation,vcpart,qt.san-tmdt.b,nguon-ben-ngoai|nguon-the-hoang-work|vi-pham-livestream|freeship|tang-qua-khuyen-mai,cao,,g4
6ab7022cf3ad31ef11df0e2e,"Tránh vi phạm bản quyền thương hiệu trên TikTok Shop: bỏ tem/logo khi quay chụp, không dùng hình nhân vật thương hiệu, và cách xin uỷ quyền hoặc kháng nghị",phap-ly.so-huu-tri-tue|phap-ly.quy-dinh-nganh,regulation,nguon-ben-ngoai|the-hoang-work|ban-quyen-thuong-hieu|khang-nghi-vi-pham|tiktok-shop,2.5.3,Chính sách & phí sàn,1.1.3,thuc-thi,regulation,vcpart,qt.san-tmdt.b,nguon-ben-ngoai|nguon-the-hoang-work|ban-quyen-thuong-hieu|khang-nghi-vi-pham|tiktok-shop,thap,"Map mặc định so-huu-tri-tue → 1.1.3, nhưng nội dung là chính sách thương hiệu của sàn TikTok Shop nên để 2.5.3",g4
6ab7026bf3ad31ef11df0e30,"Cách tự kháng nghị vi phạm live phát lại/live tĩnh bằng 3 kiểu ảnh xác minh, không cần thuê dịch vụ 5-20 triệu",phap-ly.quy-dinh-nganh,framework,nguon-ben-ngoai|the-hoang-work|khang-nghi-vi-pham|vi-pham-livestream|tiktok-shop,2.5.3,Chính sách & phí sàn,2.5.5,thuc-thi,sop,vcpart,qt.san-tmdt.b,nguon-ben-ngoai|nguon-the-hoang-work|khang-nghi-vi-pham|vi-pham-livestream|tiktok-shop,cao,Đổi type framework → sop vì là hướng dẫn kháng nghị từng bước,g4
6ab72fa5e8a762a4385a5345,"TikTok Shop siết chính sách nội dung lặp lại/kém nguyên bản từ 25/9/2025, cấm bên thứ 3 trích xuất nội dung",marketing.video-ngan-tiktok|phap-ly.quy-dinh-nganh,regulation,nguon-ben-ngoai|dam-van-tuan|tiktok-shop-chinh-sach|video-ngan-tiktok|quy-dinh-noi-dung,2.5.3,Chính sách & phí sàn,1.3.4,thuc-thi,regulation,vcpart,qt.san-tmdt.b,nguon-ben-ngoai|nguon-dam-van-tuan|chinh-sach-san|quy-dinh-noi-dung,cao,,g1
6ab72fcbe8a762a4385a534a,So sánh chi phí đăng ký và không đăng ký gói bồi hoàn phí vận chuyển đơn bom/hoàn TikTok Shop,tai-chinh.phan-tich-tai-chinh|ban-hang-cskh.kenh-phan-phoi,framework,nguon-ben-ngoai|dam-van-tuan|phi-van-chuyen-san|tiktok-shop|phan-tich-chi-phi,2.5.3,Chính sách & phí sàn,3.3.3,thuc-thi,framework,vcpart,qt.san-tmdt.c,nguon-ben-ngoai|nguon-dam-van-tuan|phi-van-chuyen|tiktok-shop|phan-tich-chi-phi,cao,Ngoài mảng 3: bản chất là gói phí của sàn; phương án tài chính: 3.3.3.,g3
6ab73002e8a762a4385a5351,TikTok Shop liên tục dời mốc giờ chốt đơn/bàn giao vận chuyển trong ngày: từ 12h lên 18h qua các đợt 2024–2025,ban-hang-cskh.kenh-phan-phoi,regulation,nguon-ben-ngoai|dam-van-tuan|tiktok-shop-van-hanh|giao-hang|chinh-sach-van-chuyen,2.5.3,Chính sách & phí sàn,6.4.3,thuc-thi,regulation,vcpart,qt.san-tmdt.c,nguon-ben-ngoai|nguon-dam-van-tuan|tiktok-shop-van-hanh|giao-hang|chinh-sach-van-chuyen,cao,,g2
6ab73095e8a762a4385a5366,"Chương trình Star Shop+ trên TikTok Shop: điều kiện đạt và ưu đãi hoàn tiền quảng cáo, giãn thời gian xử lý đơn",marketing.quang-cao-tra-phi,concept,nguon-ben-ngoai|dam-van-tuan|tiktok-shop|star-shop|voucher-hoan-tien,2.5.3,Chính sách & phí sàn,2.5.4,nhap-mon,concept,vcpart,qt.san-tmdt.c,nguon-ben-ngoai|nguon-dam-van-tuan|tiktok-shop|star-shop|voucher-hoan-tien,cao,,g1
6ab73178e8a762a4385a5391,Rủi ro khóa shop khi thuê buff đơn/đánh giá ảo — cách kéo lượt bán ban đầu an toàn qua live stream,ban-hang-cskh.kenh-phan-phoi,lesson,nguon-ben-ngoai|dam-van-tuan|tiktok-shop|vi-pham-chinh-sach|livestream-ban-hang|luot-danh-gia,2.5.3,Chính sách & phí sàn,2.5.5,thuc-thi,lesson,vcpart,,nguon-ben-ngoai|nguon-dam-van-tuan|tiktok-shop|vi-pham-chinh-sach|livestream|luot-danh-gia,cao,,g2
6ab731d6e8a762a4385a539d,"Chiến dịch sàn TikTok Shop: phí có thể tới 20%, nên ưu tiên tham gia FreeShip Extra và Flash Sale, cân nhắc kỹ Voucher Extra và Campaign Plus",ke-toan.ke-toan-quan-tri|ban-hang-cskh.kenh-phan-phoi,framework,nguon-ben-ngoai|dam-van-tuan|tiktok-shop-ads|phi-san-tmdt|chien-dich-sale,2.5.3,Chính sách & phí sàn,2.5.4,thiet-ke,framework,vcpart,qt.san-tmdt.b,nguon-ben-ngoai|nguon-dam-van-tuan|quang-cao-tiktok|phi-san-tmdt|chien-dich-sale,cao,Ngoài mảng 3: chọn chương trình sàn theo phí.,g3
6ab731d7e8a762a4385a53a0,"Điều kiện mở các tính năng cho kênh/shop TikTok mới: giới hạn 100 đơn/ngày, giỏ hàng, live stream, tiếp thị liên kết",ban-hang-cskh.kenh-phan-phoi,concept,nguon-ben-ngoai|dam-van-tuan|tiktok-shop|chinh-sach-nen-tang|affiliate-koc|livestream-ban-hang,2.5.3,Chính sách & phí sàn,,nhap-mon,concept,vcpart,,nguon-ben-ngoai|nguon-dam-van-tuan|tiktok-shop|chinh-sach-san|affiliate-koc|livestream,cao,,g2
6ab7321fe8a762a4385a53a9,Freeship Extra bị mất do đánh giá tiêu cực (10-15 ngày khôi phục) và cách đăng ký Flash Sale sàn tài trợ,ban-hang-cskh.kenh-phan-phoi|ban-hang-cskh.cham-soc-khach-hang,concept,nguon-ben-ngoai|dam-van-tuan|tiktok-shop-ads|phi-san-tmdt|danh-gia-khach-hang,2.5.3,Chính sách & phí sàn,2.6.2,thuc-thi,concept,vcpart,,nguon-ben-ngoai|nguon-dam-van-tuan|quang-cao-tiktok|phi-san-tmdt|danh-gia-khach-hang,cao,,g2
6ab7327ce8a762a4385a53b2,"Voucher Extra Program: tăng hiển thị sản phẩm, phí 2-3% áp dụng cho MỌI đơn kể cả đơn không đủ điều kiện nhận voucher",ke-toan.ke-toan-quan-tri,concept,nguon-ben-ngoai|dam-van-tuan|tiktok-shop-ads|phi-san-tmdt|chien-dich-sale,2.5.3,Chính sách & phí sàn,2.5.4,thuc-thi,concept,vcpart,qt.san-tmdt.b,nguon-ben-ngoai|nguon-dam-van-tuan|quang-cao-tiktok|phi-san-tmdt|chien-dich-sale,cao,Ngoài mảng 3: chương trình/phí của sàn.,g3
6ab73387e8a762a4385a53c0,"Các lỗi vi phạm thường gặp dẫn đến khóa shop/kênh TikTok và cách tự kiểm tra, xử lý",ban-hang-cskh.kenh-phan-phoi,lesson,nguon-ben-ngoai|dam-van-tuan|tiktok-shop|vi-pham-chinh-sach|khoa-shop,2.5.3,Chính sách & phí sàn,,thuc-thi,lesson,vcpart,,nguon-ben-ngoai|nguon-dam-van-tuan|tiktok-shop|vi-pham-chinh-sach|khoa-shop,cao,,g2
6ab7350ab43e7b02a2eab65a,"Quy trình 3 bước tự kháng nghị vi phạm trên TikTok Shop: xác định đúng lỗi, chuẩn bị bằng chứng theo từng loại lỗi, và nộp đơn đúng kênh",ban-hang-cskh.kenh-phan-phoi,framework,nguon-ben-ngoai|dam-van-tuan|khang-nghi-vi-pham|tiktok-shop,2.5.3,Chính sách & phí sàn,,thuc-thi,sop,vcpart,,nguon-ben-ngoai|nguon-dam-van-tuan|khang-nghi-vi-pham|tiktok-shop,cao,Quy trình 3 bước rõ đầu vào–đầu ra → đổi type sop,g2
6ab735cab43e7b02a2eab65b,Hai tình huống thực tế bị đánh vi phạm thương hiệu dù không bán hàng hiệu: sản phẩm bị che khuất/xếp chồng và bối cảnh dính logo thương hiệu khác,phap-ly.quy-dinh-nganh|ban-hang-cskh.kenh-phan-phoi,case_study,nguon-ben-ngoai|dam-van-tuan|vi-pham-thuong-hieu|tiktok-shop,2.5.3,Chính sách & phí sàn,1.4.4,thuc-thi,case_study,vcpart,qt.san-tmdt.b,nguon-ben-ngoai|nguon-dam-van-tuan|vi-pham-thuong-hieu|tiktok-shop,cao,,g4
6ab73623b43e7b02a2eab65c,Cảnh báo lừa đảo khi thuê dịch vụ kháng nghị vi phạm và dịch vụ chạy quảng cáo thuê ngoài trên TikTok Shop,phap-ly.quy-dinh-nganh|marketing.quang-cao-tra-phi,lesson,nguon-ben-ngoai|dam-van-tuan|lua-dao-dich-vu|khang-nghi-vi-pham|quang-cao-tiktok,2.5.3,Chính sách & phí sàn,2.5.4,dieu-hanh,lesson,vcpart,,nguon-ben-ngoai|nguon-dam-van-tuan|lua-dao-dich-vu|khang-nghi-vi-pham|quang-cao-tiktok,thap,Cảnh báo lừa đảo dịch vụ ngoài sàn; có thể 2.5.4 nếu nhấn phần quảng cáo,g4
6ab7366cb43e7b02a2eab65d,Chính sách cấm kéo khách sang nền tảng khác và các quy định khác khi livestream bán hàng trên TikTok Shop,ban-hang-cskh.kenh-phan-phoi|phap-ly.quy-dinh-nganh,regulation,nguon-ben-ngoai|dam-van-tuan|chinh-sach-livestream|tiktok-shop,2.5.3,Chính sách & phí sàn,2.5.5,thuc-thi,regulation,vcpart,qt.san-tmdt.b,nguon-ben-ngoai|nguon-dam-van-tuan|chinh-sach-livestream|tiktok-shop,cao,,g2
6ab736c0b43e7b02a2eab65e,"Vì sao không nên phát lại livestream, cách xử lý khi bị cảnh báo vi phạm giữa live, và việc cắt video từ live để đăng lại",ban-hang-cskh.kenh-phan-phoi|phap-ly.quy-dinh-nganh,regulation,nguon-ben-ngoai|dam-van-tuan|phat-lai-livestream|tiktok-shop,2.5.3,Chính sách & phí sàn,2.5.5,thuc-thi,regulation,vcpart,qt.san-tmdt.b,nguon-ben-ngoai|nguon-dam-van-tuan|phat-lai-livestream|tiktok-shop,cao,,g2
6ab6f80df3ad31ef11df0cfc,Bán hàng TikTok Shop cần vốn quảng cáo: đừng chỉ trông chờ video viral hay livestream miễn phí,marketing.quang-cao-tra-phi,insight,nguon-ben-ngoai|the-hoang-work|chien-luoc-ban-hang-tiktok|chi-phi-quang-cao|affiliate-koc,2.5.4,Quảng cáo sàn & GMV Max,2.5.1,dieu-hanh,insight,vcpart,qt.san-tmdt.b,nguon-ben-ngoai|nguon-the-hoang-work|chien-luoc-ban-hang-tiktok|chi-phi-quang-cao|affiliate-koc,cao,,g1
6ab6f888f3ad31ef11df0d19,Hai mục tiêu chạy quảng cáo TikTok: ra đơn chuyển đổi ngay và phủ sóng xây thương hiệu lâu dài,marketing.quang-cao-tra-phi,concept,nguon-ben-ngoai|the-hoang-work|muc-tieu-quang-cao|xay-dung-thuong-hieu|chuyen-doi-tiktok-ads,2.5.4,Quảng cáo sàn & GMV Max,1.3.2,thiet-ke,concept,vcpart,qt.san-tmdt.b,nguon-ben-ngoai|nguon-the-hoang-work|muc-tieu-quang-cao|xay-dung-thuong-hieu|chuyen-doi-tiktok-ads,cao,,g1
6ab6f91cf3ad31ef11df0d38,"Khi video/kênh TikTok bị ít view hoặc doanh số sụt giảm, giải pháp là chạy quảng cáo, không phải bỏ cuộc hay đổi sản phẩm",marketing.quang-cao-tra-phi,framework,nguon-ben-ngoai|the-hoang-work|xu-ly-video-flop|chien-luoc-ban-hang-tiktok|chi-phi-quang-cao,2.5.4,Quảng cáo sàn & GMV Max,,dieu-hanh,framework,vcpart,qt.san-tmdt.b,nguon-ben-ngoai|nguon-the-hoang-work|xu-ly-video-flop|chien-luoc-ban-hang-tiktok|chi-phi-quang-cao,cao,,g1
6ab6f9b7f3ad31ef11df0d5c,Chấp nhận lỗ quảng cáo giai đoạn đầu là điều bình thường khi xây thương hiệu/shop mới trên TikTok Shop,marketing.quang-cao-tra-phi,lesson,nguon-ben-ngoai|the-hoang-work|chap-nhan-rui-ro|bien-loi-nhuan|chi-phi-quang-cao,2.5.4,Quảng cáo sàn & GMV Max,,dieu-hanh,lesson,vcpart,qt.san-tmdt.b,nguon-ben-ngoai|nguon-the-hoang-work|chap-nhan-rui-ro|bien-loi-nhuan|chi-phi-quang-cao,cao,,g1
6ab6faf5f3ad31ef11df0da1,"Video bán hàng: tối ưu tỷ lệ chuyển đổi ra đơn, không chạy theo view hay GMV Max đốt tiền không hiệu quả",ban-hang-cskh.kenh-phan-phoi,insight,nguon-ben-ngoai|the-hoang-work|tiktok-shop|ty-le-chuyen-doi|gmv-max,2.5.4,Quảng cáo sàn & GMV Max,1.4.3,dieu-hanh,insight,vcpart,qt.san-tmdt.b,nguon-ben-ngoai|nguon-the-hoang-work|tiktok-shop|ty-le-chuyen-doi|gmv-max,cao,,g2
6ab6fbd5f3ad31ef11df0dcd,"Chạy quảng cáo cho live hay cho video: quảng cáo chỉ tăng hiển thị, chọn theo hình thức mình mạnh và kiểm soát ngân sách",marketing.quang-cao-tra-phi,framework,nguon-ben-ngoai|the-hoang-work|quang-cao-tiktok|livestream-tiktok|chien-luoc-ban-hang,2.5.4,Quảng cáo sàn & GMV Max,,thiet-ke,framework,vcpart,qt.san-tmdt.b,nguon-ben-ngoai|nguon-the-hoang-work|quang-cao-tiktok|livestream|chien-luoc-ban-hang,cao,,g1
6ab6fbf4f3ad31ef11df0dd5,"Quảng cáo chỉ khuếch đại kết quả sẵn có, không cứu được sản phẩm/nội dung kém",marketing.quang-cao-tra-phi,insight,nguon-ben-ngoai|the-hoang-work|ban-chat-quang-cao|toi-uu-quang-cao|tiktok-shop-ads,2.5.4,Quảng cáo sàn & GMV Max,,dieu-hanh,insight,vcpart,qt.san-tmdt.b,nguon-ben-ngoai|nguon-the-hoang-work|ban-chat-quang-cao|toi-uu-quang-cao|quang-cao-tiktok,cao,,g1
6ab6fc46f3ad31ef11df0de2,Đầu tư vào content/video chất lượng quan trọng hơn đổ thêm ngân sách hay học kỹ thuật chạy ads,marketing.quang-cao-tra-phi,insight,nguon-ben-ngoai|the-hoang-work|content-video|toi-uu-quang-cao|tang-truong-shop,2.5.4,Quảng cáo sàn & GMV Max,1.4.3,dieu-hanh,insight,vcpart,qt.san-tmdt.b,nguon-ben-ngoai|nguon-the-hoang-work|content-video|toi-uu-quang-cao|tang-truong-shop,cao,,g1
6ab6fcfaf3ad31ef11df0dfc,Quảng cáo gần như bắt buộc để bán hàng TikTok Shop — trừ sản phẩm biên lợi nhuận quá thấp,marketing.quang-cao-tra-phi,insight,nguon-ben-ngoai|the-hoang-work|chien-luoc-quang-cao|bien-loi-nhuan|tiktok-shop-ads,2.5.4,Quảng cáo sàn & GMV Max,,dieu-hanh,insight,vcpart,qt.san-tmdt.b,nguon-ben-ngoai|nguon-the-hoang-work|chien-luoc-quang-cao|bien-loi-nhuan|quang-cao-tiktok,cao,,g1
6ab6a992f3ad31ef11df0c78,"Đặt ngân sách camp GMV Max theo chi tiêu thực tế 7-14 ngày, không đặt tùy ý theo cảm tính",marketing.quang-cao-tra-phi,framework,nguon-ben-ngoai|hoang-comme|gmv-max|ngan-sach-quang-cao|tiktok-shop,2.5.4.1,GMV Max,,thuc-thi,framework,vcpart,qt.san-tmdt.b,nguon-ben-ngoai|nguon-hoang-comme|gmv-max|ngan-sach-quang-cao|tiktok-shop,cao,Tầng 4 (26/09),g1
6ab6a993f3ad31ef11df0c79,Sản phẩm mới lên sàn: điều kiện cần đạt trước khi bật GMV Max để tránh đốt ngân sách,marketing.quang-cao-tra-phi|ban-hang-cskh.kenh-phan-phoi,framework,nguon-ben-ngoai|hoang-comme|gmv-max|tiktok-shop|toi-uu-quang-cao,2.5.4.1,GMV Max,2.5.1,thuc-thi,checklist,vcpart,qt.san-tmdt.b,nguon-ben-ngoai|nguon-hoang-comme|gmv-max|tiktok-shop|toi-uu-quang-cao,cao,Tầng 4 (26/09),g1
6ab6a9c9f3ad31ef11df0c7e,"Điểm sản phẩm trên 4.5, điểm shop trên 3.5: điều kiện gốc để GMV Max scale được",marketing.quang-cao-tra-phi|ban-hang-cskh.cham-soc-khach-hang,framework,nguon-ben-ngoai|hoang-comme|gmv-max|tiktok-shop|toi-uu-shop,2.5.4.1,GMV Max,2.5.2,thiet-ke,framework,vcpart,qt.san-tmdt.b,nguon-ben-ngoai|nguon-hoang-comme|gmv-max|tiktok-shop|toi-uu-shop,cao,Tầng 4 (26/09),g1
6ab6a9d4f3ad31ef11df0c82,"Bảo vệ ROI trong GMV Max: điều kiện kích hoạt (20 chuyển đổi/ngày, ROI dưới 90% mục tiêu) và cách hoàn tiền",marketing.quang-cao-tra-phi,concept,nguon-ben-ngoai|hoang-comme|gmv-max|bao-ve-roi|tiktok-shop,2.5.4.1,GMV Max,,nhap-mon,concept,vcpart,,nguon-ben-ngoai|nguon-hoang-comme|gmv-max|roi|tiktok-shop,cao,Tầng 4 (26/09),g1
6ab6a9f2f3ad31ef11df0c88,GMV Max thay thế hoàn toàn quảng cáo tùy chỉnh (VSA/LSA) trên TikTok Shop từ quý 3/2025,marketing.quang-cao-tra-phi,concept,nguon-ben-ngoai|hoang-comme|gmv-max|tiktok-shop-ads|vsa-lsa,2.5.4.1,GMV Max,,nhap-mon,concept,vcpart,,nguon-ben-ngoai|nguon-hoang-comme|gmv-max|quang-cao-tiktok|vsa-lsa,cao,Tầng 4 (26/09),g1
6ab6aa12f3ad31ef11df0c8b,"Bảo vệ ROI tự động kích hoạt khi lỗ, nhưng làm chi tiêu ngân sách chậm dần những ngày sau",marketing.quang-cao-tra-phi,concept,nguon-ben-ngoai|hoang-comme|gmv-max|bao-ve-roi|tiktok-shop,2.5.4.1,GMV Max,,nhap-mon,concept,vcpart,,nguon-ben-ngoai|nguon-hoang-comme|gmv-max|roi|tiktok-shop,cao,Tầng 4 (26/09),g1
6ab6aa12f3ad31ef11df0c8c,Hạ ROI không chắc tăng đơn: TikTok ưu tiên phân phối theo chính sách và trải nghiệm người dùng trước ROI,marketing.quang-cao-tra-phi,insight,nguon-ben-ngoai|dam-van-tuan|roi-quang-cao|gmv-max|thuat-toan-phan-phoi,2.5.4.1,GMV Max,,thuc-thi,insight,vcpart,qt.san-tmdt.b,nguon-ben-ngoai|nguon-dam-van-tuan|roi|gmv-max|thuat-toan-phan-phoi,cao,Tầng 4 (26/09),g1
6ab6aa12f3ad31ef11df0c8d,"Cơ chế phân phối GMV Max: dựa trên tín hiệu chuyển đổi thực tế, không target thủ công theo tệp",marketing.quang-cao-tra-phi|marketing.video-ngan-tiktok,concept,nguon-ben-ngoai|hoang-comme|gmv-max|tiktok-shop-ads|toi-uu-quang-cao,2.5.4.1,GMV Max,,nhap-mon,concept,vcpart,,nguon-ben-ngoai|nguon-hoang-comme|gmv-max|quang-cao-tiktok|toi-uu-quang-cao,cao,Tầng 4 (26/09),g1
6ab6aa2af3ad31ef11df0c91,"Bốn yếu tố quyết định hiệu suất GMV Max: sản phẩm win 40%, nội dung 30%, vận hành shop 20%, quảng cáo 10%",marketing.quang-cao-tra-phi,framework,nguon-ben-ngoai|dam-van-tuan|gmv-max|san-pham-win|affiliate-koc,2.5.4.1,GMV Max,,thiet-ke,framework,vcpart,qt.san-tmdt.b,nguon-ben-ngoai|nguon-dam-van-tuan|gmv-max|san-pham-win|affiliate-koc,cao,Tầng 4 (26/09),g1
6ab6aa36f3ad31ef11df0c94,"Chỉ tắt camp GMV Max sau khi hoàn tất giai đoạn máy học, không tắt giữa chừng khi camp ""cắn thốc""",marketing.quang-cao-tra-phi,framework,nguon-ben-ngoai|hoang-comme|gmv-max|may-hoc-quang-cao|roi-quang-cao,2.5.4.1,GMV Max,,thuc-thi,framework,vcpart,qt.san-tmdt.b,nguon-ben-ngoai|nguon-hoang-comme|gmv-max|may-hoc-quang-cao|roi,cao,Tầng 4 (26/09),g1
6ab6aa4cf3ad31ef11df0c95,"GMV Max ghi nhận cả đơn tự nhiên lẫn đơn trả phí — đây là tính năng, không phải lỗi hệ thống",marketing.quang-cao-tra-phi|ban-hang-cskh.kenh-phan-phoi,concept,nguon-ben-ngoai|hoang-comme|gmv-max|roi-quang-cao|hoa-hong-affiliate,2.5.4.1,GMV Max,,nhap-mon,concept,vcpart,,nguon-ben-ngoai|nguon-hoang-comme|gmv-max|roi|hoa-hong-affiliate,cao,Tầng 4 (26/09),g1
6ab6aa4ef3ad31ef11df0c96,Ma trận nhiều thẻ sản phẩm cho từng mục tiêu campaign GMV Max,marketing.quang-cao-tra-phi,framework,nguon-ben-ngoai|hoang-comme|gmv-max|the-san-pham|tiktok-shop,2.5.4.1,GMV Max,2.5.2,thiet-ke,framework,vcpart,qt.san-tmdt.b,nguon-ben-ngoai|nguon-hoang-comme|gmv-max|the-san-pham|tiktok-shop,cao,Tầng 4 (26/09),g1
6ab6aa61f3ad31ef11df0c97,"Vận hành Bảo vệ ROI: xử lý video ngừng phân phối, thời điểm chỉnh ROI, bản 2.0 cho live và GMV Max Pro",marketing.quang-cao-tra-phi,lesson,nguon-ben-ngoai|hoang-comme|gmv-max|bao-ve-roi|tiktok-shop,2.5.4.1,GMV Max,,thuc-thi,lesson,vcpart,qt.san-tmdt.b,nguon-ben-ngoai|nguon-hoang-comme|gmv-max|roi|tiktok-shop,cao,Tầng 4 (26/09),g1
6ab6aa72f3ad31ef11df0c99,Biến thể quà tặng giá quá rẻ khiến GMV Max target sai tệp khách,marketing.quang-cao-tra-phi,lesson,nguon-ben-ngoai|hoang-comme|gmv-max|bien-the-san-pham|toi-uu-quang-cao,2.5.4.1,GMV Max,2.5.1,thuc-thi,lesson,vcpart,qt.san-tmdt.b,nguon-ben-ngoai|nguon-hoang-comme|gmv-max|bien-the-san-pham|toi-uu-quang-cao,cao,Tầng 4 (26/09),g1
6ab6aa82f3ad31ef11df0c9c,"GMV Max cần tối thiểu 30–50 video/thẻ sản phẩm và làm thêm video mới mỗi ngày để không bị tụt reach, đứng im",marketing.quang-cao-tra-phi|marketing.video-ngan-tiktok,framework,nguon-ben-ngoai|hoang-comme|gmv-max|so-luong-video|toi-uu-noi-dung,2.5.4.1,GMV Max,1.4.6,thiet-ke,framework,vcpart,qt.san-tmdt.b,nguon-ben-ngoai|nguon-hoang-comme|gmv-max|so-luong-video|toi-uu-noi-dung,cao,Tầng 4 (26/09),g1
6ab6aa9cf3ad31ef11df0c9f,"Camp GMV Max không phân phối: dùng quảng cáo lượt xem, lưu lượng truy cập và C-Ads để build tệp khách mới rồi lọc lại video",marketing.quang-cao-tra-phi,concept,nguon-ben-ngoai|hoang-comme|gmv-max|c-ads|tep-doi-tuong|toi-uu-phan-phoi,2.5.4.1,GMV Max,1.3.2,thuc-thi,concept,vcpart,qt.san-tmdt.b,nguon-ben-ngoai|nguon-hoang-comme|gmv-max|quang-cao-tiktok|tep-doi-tuong|toi-uu-phan-phoi,cao,Tầng 4 (26/09),g1
6ab6aaa3f3ad31ef11df0ca0,Cách hạn chế bị tính hoa hồng tiêu chuẩn thay vì hoa hồng quảng cáo khi chạy GMV Max với KOC,ban-hang-cskh.kenh-phan-phoi|marketing.quang-cao-tra-phi,lesson,nguon-ben-ngoai|hoang-comme|gmv-max|hoa-hong-affiliate|koc-tiktok,2.5.4.1,GMV Max,2.5.5,thuc-thi,lesson,vcpart,qt.san-tmdt.b,nguon-ben-ngoai|nguon-hoang-comme|gmv-max|hoa-hong-affiliate|affiliate-koc,cao,Tầng 4 (26/09),g2
6ab6aaa4f3ad31ef11df0ca1,"Ngân sách thủ công (tăng cường ngân sách) cho từng video trong Product GMV Max: tối thiểu 50.000đ, cần test và theo dõi hàng ngày",marketing.quang-cao-tra-phi,framework,nguon-ben-ngoai|hoang-comme|gmv-max|ngan-sach-thu-cong|tiktok-shop,2.5.4.1,GMV Max,,thuc-thi,framework,vcpart,qt.san-tmdt.b,nguon-ben-ngoai|nguon-hoang-comme|gmv-max|ngan-sach-thu-cong|tiktok-shop,cao,Tầng 4 (26/09),g1
6ab6aaa5f3ad31ef11df0ca3,Xóa/đổi biến thể hoặc link sản phẩm làm mất phân phối camp GMV Max ngay lập tức,marketing.quang-cao-tra-phi|ban-hang-cskh.kenh-phan-phoi,lesson,nguon-ben-ngoai|hoang-comme|gmv-max|bien-the-san-pham|quan-ly-ton-kho,2.5.4.1,GMV Max,2.5.2,thuc-thi,lesson,vcpart,qt.san-tmdt.b,nguon-ben-ngoai|nguon-hoang-comme|gmv-max|bien-the-san-pham|quan-ly-ton-kho,cao,Tầng 4 (26/09),g1
6ab6aac1f3ad31ef11df0ca5,"GMV Max tự động test video ~1 đô/video: giữ video ra chuyển đổi, loại bỏ video không ra đơn để tối ưu chiến dịch",marketing.quang-cao-tra-phi,framework,nguon-ben-ngoai|hoang-comme|gmv-max|toi-uu-noi-dung|phan-bo-ngan-sach,2.5.4.1,GMV Max,,thuc-thi,framework,vcpart,qt.san-tmdt.b,nguon-ben-ngoai|nguon-hoang-comme|gmv-max|toi-uu-noi-dung|phan-bo-ngan-sach,cao,Tầng 4 (26/09),g1
6ab6aac2f3ad31ef11df0ca6,Một video chỉ nên gắn một sản phẩm để GMV Max bắt tín hiệu đúng,marketing.quang-cao-tra-phi|ban-hang-cskh.kenh-phan-phoi,insight,nguon-ben-ngoai|hoang-comme|gmv-max|video-ban-hang|toi-uu-quang-cao,2.5.4.1,GMV Max,1.4.3,thuc-thi,insight,vcpart,qt.san-tmdt.b,nguon-ben-ngoai|nguon-hoang-comme|gmv-max|video-ban-hang|toi-uu-quang-cao,cao,Tầng 4 (26/09),g1
6ab6aae4f3ad31ef11df0cad,"Creative Boost: đẩy ngân sách vào video hiệu quả, nâng cấp 2.0 cho phép chọn hàng loạt và phân bổ linh hoạt",marketing.quang-cao-tra-phi,concept,nguon-ben-ngoai|hoang-comme|gmv-max|creative-boost|tiktok-shop,2.5.4.1,GMV Max,,nhap-mon,concept,vcpart,,nguon-ben-ngoai|nguon-hoang-comme|gmv-max|creative-boost|tiktok-shop,cao,Tầng 4 (26/09),g1
6ab6ab02f3ad31ef11df0cb2,GMV Max 2.0: công thức ROI mới cộng thêm chi phí tiếp thị liên kết vào mẫu số,marketing.quang-cao-tra-phi,concept,nguon-ben-ngoai|hoang-comme|gmv-max-2-0|roi-quang-cao|hoa-hong-affiliate,2.5.4.1,GMV Max,,nhap-mon,concept,vcpart,,nguon-ben-ngoai|nguon-hoang-comme|gmv-max|roi|hoa-hong-affiliate,cao,Tầng 4 (26/09),g1
6ab6ab03f3ad31ef11df0cb3,"Video quảng cáo GMV Max ""hết hạn"" sau 30 ngày: phải liên tục sản xuất video mới ra chuyển đổi để duy trì phân phối",marketing.quang-cao-tra-phi|marketing.video-ngan-tiktok,framework,nguon-ben-ngoai|hoang-comme|gmv-max|tinh-moi-noi-dung|toi-uu-noi-dung,2.5.4.1,GMV Max,1.4.6,thiet-ke,framework,vcpart,qt.san-tmdt.b,nguon-ben-ngoai|nguon-hoang-comme|gmv-max|tinh-moi-noi-dung|toi-uu-noi-dung,cao,Tầng 4 (26/09),g1
6ab6ab12f3ad31ef11df0cb5,Kỹ thuật bật Promotion Day thủ công đúng thời điểm để tránh camp không cắn tiền vào ngày sale,marketing.quang-cao-tra-phi,framework,nguon-ben-ngoai|hoang-comme|promotion-day|gmv-max|ngay-sale|megalive,2.5.4.1,GMV Max,,thuc-thi,framework,vcpart,qt.san-tmdt.b,nguon-ben-ngoai|nguon-hoang-comme|promotion-day|gmv-max|ngay-sale|megalive,cao,Tầng 4 (26/09),g1
6ab6ab13f3ad31ef11df0cb6,Ngưỡng tách sản phẩm chạy camp riêng: đạt ~30 đơn/ngày ổn định trong 30 ngày liên tiếp,marketing.quang-cao-tra-phi,framework,nguon-ben-ngoai|hoang-comme|gmv-max|tach-camp|tiktok-shop,2.5.4.1,GMV Max,,thuc-thi,framework,vcpart,qt.san-tmdt.b,nguon-ben-ngoai|nguon-hoang-comme|gmv-max|tach-camp|tiktok-shop,cao,Tầng 4 (26/09),g1
6ab6ab2bf3ad31ef11df0cb9,GMV Max 2.0 ưu tiên phân phối video/SKU có chi phí hoa hồng affiliate thấp hơn,marketing.quang-cao-tra-phi|ban-hang-cskh.kenh-phan-phoi,concept,nguon-ben-ngoai|hoang-comme|gmv-max-2-0|hoa-hong-affiliate|toi-uu-quang-cao,2.5.4.1,GMV Max,2.5.5,nhap-mon,concept,vcpart,,nguon-ben-ngoai|nguon-hoang-comme|gmv-max|hoa-hong-affiliate|toi-uu-quang-cao,cao,Tầng 4 (26/09),g1
6ab6ab54f3ad31ef11df0cbf,"Chạy chung nhiều sản phẩm trong 1 camp GMV Max, rồi liên tục tách sản phẩm có tín hiệu tốt ra camp riêng",marketing.quang-cao-tra-phi,framework,nguon-ben-ngoai|hoang-comme|gmv-max|tach-camp|tiktok-shop,2.5.4.1,GMV Max,,thuc-thi,framework,vcpart,qt.san-tmdt.b,nguon-ben-ngoai|nguon-hoang-comme|gmv-max|tach-camp|tiktok-shop,cao,Tầng 4 (26/09),g1
6ab6ab59f3ad31ef11df0cc0,"Video GMV Max bão hòa doanh số tụt sâu: không có lối tắt, phải test mồi tiền, tái sử dụng hoặc làm video mới",marketing.quang-cao-tra-phi,lesson,nguon-ben-ngoai|hoang-comme|gmv-max|toi-uu-noi-dung|roi-quang-cao,2.5.4.1,GMV Max,,thuc-thi,lesson,vcpart,qt.san-tmdt.b,nguon-ben-ngoai|nguon-hoang-comme|gmv-max|toi-uu-noi-dung|roi,cao,Tầng 4 (26/09),g1
6ab6ab5af3ad31ef11df0cc1,"GMV Max Coupon: dùng một phần chi phí đơn hàng để phát mã giảm giá, tăng ROI và GMV cùng lúc",marketing.quang-cao-tra-phi,concept,nguon-ben-ngoai|hoang-comme|gmv-max-2-0|gmv-max-coupon|mega-sale,2.5.4.1,GMV Max,,nhap-mon,concept,vcpart,,nguon-ben-ngoai|nguon-hoang-comme|gmv-max|gmv-max-coupon|mega-sale,cao,Tầng 4 (26/09),g1
6ab6ab84f3ad31ef11df0cc7,"GMV Max Pro: 4 tính năng mới và điều kiện tham gia (hoàn tiền đơn hủy, coupon, giảm hoa hồng, tối ưu chi phí affiliate)",marketing.quang-cao-tra-phi,concept,nguon-ben-ngoai|dam-van-tuan|gmv-max-pro|hoan-tien-quang-cao|phi-hoa-hong,2.5.4.1,GMV Max,,nhap-mon,concept,vcpart,,nguon-ben-ngoai|nguon-dam-van-tuan|gmv-max-pro|hoan-tien-quang-cao|phi-hoa-hong|gmv-max,cao,Tầng 4 (26/09),g1
6ab6ab90f3ad31ef11df0cca,Ngày sale doanh số tụt dù GMV Max ngày thường chạy tốt: nguyên nhân là không hạ ROI để cạnh tranh traffic với đối thủ,marketing.quang-cao-tra-phi,lesson,nguon-ben-ngoai|hoang-comme|ngay-sale|gmv-max|roi-quang-cao|canh-tranh-traffic,2.5.4.1,GMV Max,,thuc-thi,lesson,vcpart,qt.san-tmdt.b,nguon-ben-ngoai|nguon-hoang-comme|ngay-sale|gmv-max|roi|canh-tranh-traffic,cao,Tầng 4 (26/09),g1
6ab6ab9ff3ad31ef11df0ccc,Công thức ROI đề xuất GMV Max = GMV/chi phí quảng cáo 30 ngày: chỉ có hai cách nâng — tăng doanh thu hoặc giảm chi phí,marketing.quang-cao-tra-phi,framework,nguon-ben-ngoai|hoang-comme|gmv-max|roi-quang-cao|toi-uu-doanh-thu,2.5.4.1,GMV Max,,thuc-thi,kpi,vcpart,qt.san-tmdt.b,nguon-ben-ngoai|nguon-hoang-comme|gmv-max|roi|toi-uu-doanh-thu,cao,Tầng 4 (26/09),g1
6ab6aba2f3ad31ef11df0cce,"Scale ngân sách GMV Max: tăng tiền chỉ tăng lượt hiển thị (điều kiện cần), không đảm bảo hiệu quả chi phí/đơn (điều kiện đủ)",marketing.quang-cao-tra-phi,insight,nguon-ben-ngoai|hoang-comme|gmv-max|scale-ngan-sach|tiktok-shop,2.5.4.1,GMV Max,,thuc-thi,insight,vcpart,qt.san-tmdt.b,nguon-ben-ngoai|nguon-hoang-comme|gmv-max|scale-ngan-sach|tiktok-shop,cao,Tầng 4 (26/09),g1
6ab6aba2f3ad31ef11df0ccf,Khung trạng thái phân phối video GMV Max 2.0: Đang khám phá – Đã khám phá – Không đủ điều kiện,marketing.quang-cao-tra-phi,framework,nguon-ben-ngoai|hoang-comme|gmv-max-2-0|trang-thai-video|toi-uu-quang-cao,2.5.4.1,GMV Max,,thuc-thi,framework,vcpart,qt.san-tmdt.b,nguon-ben-ngoai|nguon-hoang-comme|gmv-max|trang-thai-video|toi-uu-quang-cao,cao,Tầng 4 (26/09),g1
6ab6abcaf3ad31ef11df0cd5,Theo dõi tỷ lệ video đang phân phối/tổng số video để tối ưu nguồn cung cho GMV Max,marketing.quang-cao-tra-phi,framework,nguon-ben-ngoai|hoang-comme|gmv-max|trang-thai-video|toi-uu-quang-cao,2.5.4.1,GMV Max,,thuc-thi,kpi,vcpart,qt.san-tmdt.b,nguon-ben-ngoai|nguon-hoang-comme|gmv-max|trang-thai-video|toi-uu-quang-cao,cao,Tầng 4 (26/09),g1
6ab6abe9f3ad31ef11df0cd9,"Loại/xóa video trong camp GMV Max: dựa vào chuyển đổi và tỷ trọng đơn, không dựa vào view",marketing.quang-cao-tra-phi,framework,nguon-ben-ngoai|hoang-comme|gmv-max|toi-uu-video|tiktok-shop,2.5.4.1,GMV Max,,thuc-thi,framework,vcpart,qt.san-tmdt.b,nguon-ben-ngoai|nguon-hoang-comme|gmv-max|toi-uu-video|tiktok-shop,cao,Tầng 4 (26/09),g1
6ab6abf9f3ad31ef11df0cdc,"Đặt ROI mục tiêu ban đầu và giảm dần từng bước 10%, cách 1–3 ngày, không hạ liên tục",marketing.quang-cao-tra-phi,framework,nguon-ben-ngoai|hoang-comme|gmv-max|roi-quang-cao|test-san-pham,2.5.4.1,GMV Max,,thuc-thi,framework,vcpart,qt.san-tmdt.b,nguon-ben-ngoai|nguon-hoang-comme|gmv-max|roi|test-san-pham,cao,Tầng 4 (26/09),g1
6ab6ac03f3ad31ef11df0cdd,"Kế hoạch chuẩn bị GMV Max cho nghỉ lễ 2/9 và sale 9/9: video teaser, AI tạo video và tránh mất traffic khi mở lại",marketing.quang-cao-tra-phi,case_study,nguon-ben-ngoai|hoang-comme|ngay-sale|gmv-max|nghi-le|video-teaser|ai-tao-video,2.5.4.1,GMV Max,,van-hanh,case_study,vcpart,qt.san-tmdt.b,nguon-ben-ngoai|nguon-hoang-comme|ngay-sale|gmv-max|nghi-le|video-teaser|ai-tao-video,cao,Tầng 4 (26/09),g1
6ab6ac31f3ad31ef11df0ce0,Video ra đơn tốt nhưng ROI thấp: chuyển sang camp thủ công (tối thiểu ~200 video) thay vì xóa video,marketing.quang-cao-tra-phi,case_study,nguon-ben-ngoai|hoang-comme|gmv-max|cam-thu-cong|tiktok-shop,2.5.4.1,GMV Max,,thuc-thi,case_study,vcpart,qt.san-tmdt.b,nguon-ben-ngoai|nguon-hoang-comme|gmv-max|cam-thu-cong|tiktok-shop,cao,Tầng 4 (26/09),g1
6ab6ac41f3ad31ef11df0ce3,TikTok bổ sung nhiều công cụ AI tạo video/ảnh cho seller thiếu nguồn lực sản xuất content GMV Max,marketing.quang-cao-tra-phi|marketing.video-ngan-tiktok,insight,nguon-ben-ngoai|hoang-comme|gmv-max-2-0|ai-tao-video|content-tiktok,2.5.4.1,GMV Max,1.4.3,nhap-mon,insight,vcpart,qt.san-tmdt.b,nguon-ben-ngoai|nguon-hoang-comme|gmv-max|ai-tao-video|content-tiktok,cao,Tầng 4 (26/09),g1
6ab6ac50f3ad31ef11df0ce5,"Camp GMV Max không cắn tiền: kiểm tra điểm sản phẩm, video bị từ chối, CPM cao trước khi nghi tài khoản mất uy tín",marketing.quang-cao-tra-phi,lesson,nguon-ben-ngoai|hoang-comme|gmv-max|diem-san-pham|roi-quang-cao,2.5.4.1,GMV Max,,thuc-thi,lesson,vcpart,qt.san-tmdt.b,nguon-ben-ngoai|nguon-hoang-comme|gmv-max|diem-san-pham|roi,cao,Tầng 4 (26/09),g1
6ab6ac64f3ad31ef11df0ce7,"Thêm video vào camp GMV Max: thủ công qua mã bài đăng, up video chỉ định kênh, và yêu cầu với video affiliate",marketing.quang-cao-tra-phi,framework,nguon-ben-ngoai|hoang-comme|gmv-max|video-thu-cong|tiktok-shop,2.5.4.1,GMV Max,,thuc-thi,framework,vcpart,qt.san-tmdt.b,nguon-ben-ngoai|nguon-hoang-comme|gmv-max|video-thu-cong|tiktok-shop,cao,Tầng 4 (26/09),g1
6ab6ac87f3ad31ef11df0ce8,"Video không có view/không ra đơn: kiểm tra điểm số, tỷ lệ chuyển đổi, liên kết shop và uỷ quyền video KOC",ban-hang-cskh.kenh-phan-phoi|marketing.video-ngan-tiktok,lesson,nguon-ben-ngoai|hoang-comme|tiktok-shop|gmv-max|chinh-sach-san,2.5.4.1,GMV Max,2.5.2,thuc-thi,lesson,vcpart,qt.san-tmdt.b,nguon-ben-ngoai|nguon-hoang-comme|tiktok-shop|gmv-max|chinh-sach-san,cao,Tầng 4 (26/09),g2
6ab6acb9f3ad31ef11df0ceb,Camp GMV Max chi tiêu dưới 50% ngân sách dù ROI đạt 90% mục tiêu: 5 hướng xử lý theo từng loại camp,marketing.quang-cao-tra-phi,framework,nguon-ben-ngoai|hoang-comme|gmv-max|roi-quang-cao|phan-bo-ngan-sach,2.5.4.1,GMV Max,,thuc-thi,framework,vcpart,qt.san-tmdt.b,nguon-ben-ngoai|nguon-hoang-comme|gmv-max|roi|phan-bo-ngan-sach,cao,Tầng 4 (26/09),g1
6ab6ad1bf3ad31ef11df0cef,"Camp GMV Max tụt dốc bất ngờ: bão hòa sản phẩm/content, đánh giá tiêu cực, hoặc mùa vụ hết hot",marketing.quang-cao-tra-phi,lesson,nguon-ben-ngoai|hoang-comme|gmv-max|bao-hoa-noi-dung|roi-quang-cao,2.5.4.1,GMV Max,,thuc-thi,lesson,vcpart,qt.san-tmdt.b,nguon-ben-ngoai|nguon-hoang-comme|gmv-max|bao-hoa-noi-dung|roi,cao,Tầng 4 (26/09),g1
6ab6f9c7f3ad31ef11df0d60,Ủy quyền quảng cáo GMV Max cho KOC: cơ chế và mức hoa hồng đơn quảng cáo hợp lý,marketing.quang-cao-tra-phi|ban-hang-cskh.kenh-phan-phoi,framework,nguon-ben-ngoai|the-hoang-work|koc-affiliate|gmv-max|quang-cao-tiktok|hoa-hong,2.5.4.1,GMV Max,2.5.5,thiet-ke,framework,vcpart,qt.san-tmdt.b,nguon-ben-ngoai|nguon-the-hoang-work|affiliate-koc|gmv-max|quang-cao-tiktok|hoa-hong,cao,Tầng 4 (26/09),g1
6ab6fa9ff3ad31ef11df0d90,"5 yếu tố quyết định GMV Max chạy hiệu quả: sản phẩm, mẫu quảng cáo, giá bán, tồn kho và thương hiệu",marketing.quang-cao-tra-phi,framework,nguon-ben-ngoai|the-hoang-work|gmv-max|toi-uu-quang-cao|tiktok-shop-ads,2.5.4.1,GMV Max,,thiet-ke,framework,vcpart,qt.san-tmdt.b,nguon-ben-ngoai|nguon-the-hoang-work|gmv-max|toi-uu-quang-cao|quang-cao-tiktok,cao,Tầng 4 (26/09),g1
6ab6facff3ad31ef11df0d97,"TikTok bỏ hẳn quảng cáo video/live/trung tâm mua sắm cũ, chuyển toàn bộ sang GMV Max từ tháng 7/2025",marketing.quang-cao-tra-phi,regulation,nguon-ben-ngoai|the-hoang-work|gmv-max|chinh-sach-tiktok-shop|quang-cao-tra-phi,2.5.4.1,GMV Max,,nhap-mon,regulation,vcpart,,nguon-ben-ngoai|nguon-the-hoang-work|gmv-max|chinh-sach-san,cao,Tầng 4 (26/09),g1
6ab6faeef3ad31ef11df0d9d,"GMV Max cần dòng video mới liên tục từ KOC/tự quay, không phải kỹ thuật chỉnh quảng cáo, để duy trì hiệu quả",marketing.quang-cao-tra-phi,insight,nguon-ben-ngoai|the-hoang-work|gmv-max|koc-affiliate|san-xuat-video,2.5.4.1,GMV Max,2.5.5,thiet-ke,insight,vcpart,qt.san-tmdt.b,nguon-ben-ngoai|nguon-the-hoang-work|gmv-max|affiliate-koc|san-xuat-video,cao,Tầng 4 (26/09),g1
6ab6fafbf3ad31ef11df0da3,Lý do TikTok tạo ra GMV Max: đơn giản hoá quảng cáo để cân bằng sân chơi giữa người mới và dân chuyên kỹ thuật,marketing.quang-cao-tra-phi,insight,nguon-ben-ngoai|the-hoang-work|gmv-max|quang-cao-tra-phi|chien-luoc-noi-dung,2.5.4.1,GMV Max,,nhap-mon,insight,vcpart,,nguon-ben-ngoai|nguon-the-hoang-work|gmv-max|chien-luoc-noi-dung,cao,Tầng 4 (26/09),g1
6ab6fb38f3ad31ef11df0dac,"Bản chất GMV Max: số đơn hiển thị cộng dồn cả đơn tự nhiên, affiliate và quảng cáo — nên đánh giá bằng ROI tổng, không so lẻ từng nguồn",marketing.quang-cao-tra-phi,concept,nguon-ben-ngoai|the-hoang-work|gmv-max|quang-cao-tra-phi|roi,2.5.4.1,GMV Max,,dieu-hanh,concept,vcpart,qt.san-tmdt.b,nguon-ben-ngoai|nguon-the-hoang-work|gmv-max|roi,cao,Tầng 4 (26/09),g1
6ab6fb48f3ad31ef11df0db2,Vì sao GMV Max không tiêu tiền và cách tối ưu thẻ sản phẩm để giảm chi phí/đơn,marketing.quang-cao-tra-phi,framework,nguon-ben-ngoai|the-hoang-work|gmv-max|the-san-pham|toi-uu-quang-cao,2.5.4.1,GMV Max,2.5.2,thuc-thi,framework,vcpart,qt.san-tmdt.b,nguon-ben-ngoai|nguon-the-hoang-work|gmv-max|the-san-pham|toi-uu-quang-cao,cao,Tầng 4 (26/09),g1
6ab6fb58f3ad31ef11df0db5,"Tính năng GMV Max: hoàn tiền ""bảo vệ ROI"" chỉ hoàn một phần nhỏ, và Dynamic Commission/ngày khuyến mại có thể ép giảm ROI, tăng ngân sách ngoài ý muốn",marketing.quang-cao-tra-phi,regulation,nguon-ben-ngoai|the-hoang-work|gmv-max|bao-ve-roi|dynamic-commission,2.5.4.1,GMV Max,,thuc-thi,regulation,vcpart,qt.san-tmdt.b,nguon-ben-ngoai|nguon-the-hoang-work|gmv-max|roi|dynamic-commission,cao,Tầng 4 (26/09),g1
6ab6fb69f3ad31ef11df0db7,Hướng dẫn từng bước tạo quảng cáo GMV Max trên TikTok Seller Center,marketing.quang-cao-tra-phi,framework,nguon-ben-ngoai|the-hoang-work|gmv-max|quang-cao-tra-phi|huong-dan-thao-tac,2.5.4.1,GMV Max,,thuc-thi,sop,vcpart,qt.san-tmdt.b,nguon-ben-ngoai|nguon-the-hoang-work|gmv-max|huong-dan-thao-tac,cao,Tầng 4 (26/09),g1
6ab6fb8df3ad31ef11df0dbe,Chạy GMV Max thủ công: chọn tập trung vào video cụ thể đang hiệu quả thay vì để tự động chọn,marketing.quang-cao-tra-phi,framework,nguon-ben-ngoai|the-hoang-work|gmv-max|quang-cao-tra-phi|huong-dan-thao-tac,2.5.4.1,GMV Max,,thuc-thi,framework,vcpart,qt.san-tmdt.b,nguon-ben-ngoai|nguon-the-hoang-work|gmv-max|huong-dan-thao-tac,cao,Tầng 4 (26/09),g1
6ab72fb3e8a762a4385a5346,"Quảng cáo GMV TikTok Shop cắn tiền ít/chậm: 3 nguyên nhân theo ROI, tệp khách hàng và tài khoản",marketing.quang-cao-tra-phi,framework,nguon-ben-ngoai|dam-van-tuan|gmv-max|roi-quang-cao|tiktok-shop-ads,2.5.4.1,GMV Max,,thuc-thi,framework,vcpart,qt.san-tmdt.b,nguon-ben-ngoai|nguon-dam-van-tuan|gmv-max|roi|quang-cao-tiktok,cao,Tầng 4 (26/09),g1
6ab72fd2e8a762a4385a534b,Chạy quảng cáo vào đúng video affiliate qua mã ủy quyền GMV,marketing.quang-cao-tra-phi|ban-hang-cskh.kenh-phan-phoi,framework,nguon-ben-ngoai|dam-van-tuan|tiktok-shop|tiep-thi-lien-ket|quang-cao-gmv,2.5.4.1,GMV Max,2.5.5,thuc-thi,framework,vcpart,qt.san-tmdt.b,nguon-ben-ngoai|nguon-dam-van-tuan|tiktok-shop|affiliate-koc|gmv-max,cao,Tầng 4 (26/09),g1
6ab72fd4e8a762a4385a534d,"Quảng cáo GMV cắn tiền thốc: chính sách bảo vệ ROI và điều kiện cần chạy đủ 24 giờ, trên 20 đơn",marketing.quang-cao-tra-phi,framework,nguon-ben-ngoai|dam-van-tuan|gmv-max|bao-ve-roi|tiktok-shop-ads,2.5.4.1,GMV Max,,thuc-thi,framework,vcpart,qt.san-tmdt.b,nguon-ben-ngoai|nguon-dam-van-tuan|gmv-max|roi|quang-cao-tiktok,cao,Tầng 4 (26/09),g1
6ab72ff2e8a762a4385a534f,Chạy tách hay gộp sản phẩm trong chiến dịch GMV: quyết định theo số đơn/ngày để đủ điều kiện bảo vệ ROI,marketing.quang-cao-tra-phi,framework,nguon-ben-ngoai|dam-van-tuan|gmv-max|bao-ve-roi|tiktok-shop-ads,2.5.4.1,GMV Max,,thuc-thi,framework,vcpart,qt.san-tmdt.b,nguon-ben-ngoai|nguon-dam-van-tuan|gmv-max|roi|quang-cao-tiktok,cao,Tầng 4 (26/09),g1
6ab7300fe8a762a4385a5355,Cách loại video/sản phẩm cắn tiền đắt ra khỏi chiến dịch GMV Max mà không mất bảo vệ ROI,marketing.quang-cao-tra-phi,framework,nguon-ben-ngoai|dam-van-tuan|gmv-max|bao-ve-roi|tiktok-shop-ads,2.5.4.1,GMV Max,,thuc-thi,framework,vcpart,qt.san-tmdt.b,nguon-ben-ngoai|nguon-dam-van-tuan|gmv-max|roi|quang-cao-tiktok,cao,Tầng 4 (26/09),g1
6ab7302ce8a762a4385a5356,Đọc biểu đồ chỉ số quảng cáo GMV Max theo giờ để phát hiện ROI đặt sai và tối ưu chi phí,marketing.quang-cao-tra-phi,framework,nguon-ben-ngoai|dam-van-tuan|gmv-max|roi-quang-cao|tiktok-shop-ads,2.5.4.1,GMV Max,,thuc-thi,framework,vcpart,qt.san-tmdt.b,nguon-ben-ngoai|nguon-dam-van-tuan|gmv-max|roi|quang-cao-tiktok,cao,Tầng 4 (26/09),g1
6ab7304de8a762a4385a535d,"Khi nào tắt và lên lại chiến dịch GMV: quyết định dựa trên phân tích chỉ số, không theo số ngày cố định",marketing.quang-cao-tra-phi,framework,nguon-ben-ngoai|dam-van-tuan|gmv-max|roi-quang-cao|tiktok-shop-ads,2.5.4.1,GMV Max,,thuc-thi,framework,vcpart,qt.san-tmdt.b,nguon-ben-ngoai|nguon-dam-van-tuan|gmv-max|roi|quang-cao-tiktok,cao,Tầng 4 (26/09),g1
6ab73056e8a762a4385a535e,Hoàn tiền quảng cáo TikTok GMV Max khi chi phí chuyển đổi vượt ROI mục tiêu (ROI Protection),marketing.quang-cao-tra-phi,concept,nguon-ben-ngoai|dam-van-tuan|quang-cao-tiktok|gmv-max|roi|voucher-hoan-tien,2.5.4.1,GMV Max,,thuc-thi,concept,vcpart,qt.san-tmdt.b,nguon-ben-ngoai|nguon-dam-van-tuan|quang-cao-tiktok|gmv-max|roi|voucher-hoan-tien,cao,Tầng 4 (26/09),g1
6ab730b5e8a762a4385a536c,"Quảng cáo GMV tăng chi phí về đêm/sáng sớm là bình thường, không nên vội tắt lên lại",marketing.quang-cao-tra-phi,insight,nguon-ben-ngoai|dam-van-tuan|gmv-max|bao-ve-roi|tiktok-shop-ads,2.5.4.1,GMV Max,,thuc-thi,insight,vcpart,qt.san-tmdt.b,nguon-ben-ngoai|nguon-dam-van-tuan|gmv-max|roi|quang-cao-tiktok,cao,Tầng 4 (26/09),g1
6ab7310fe8a762a4385a5380,"Tính năng ""ngày khuyến mãi"" trong GMV tự động hạ ROI và tăng ngân sách vào ngày sale — cân nhắc kỹ trước khi bật",marketing.quang-cao-tra-phi,concept,nguon-ben-ngoai|dam-van-tuan|gmv-max|roi-quang-cao|tiktok-shop-ads,2.5.4.1,GMV Max,,thuc-thi,concept,vcpart,qt.san-tmdt.b,nguon-ben-ngoai|nguon-dam-van-tuan|gmv-max|roi|quang-cao-tiktok,cao,Tầng 4 (26/09),g1
6ab73142e8a762a4385a5388,"Chạy quảng cáo GMV cho sản phẩm/shop mới: chạy trước 1,5-2 tháng, chuẩn bị 10-20 video và kết hợp Trình Ép để phá vỡ tệp hẹp",marketing.quang-cao-tra-phi|ban-hang-cskh.kenh-phan-phoi,case_study,nguon-ben-ngoai|dam-van-tuan|gmv-max|tiktok-shop-ads|san-pham-moi,2.5.4.1,GMV Max,,thuc-thi,case_study,vcpart,qt.san-tmdt.b,nguon-ben-ngoai|nguon-dam-van-tuan|gmv-max|quang-cao-tiktok|san-pham-moi,cao,Tầng 4 (26/09),g1
6ab73194e8a762a4385a5396,"Chạy quảng cáo GMV hiệu quả cần kết hợp video, livestream, tối ưu sản phẩm — ROI chỉ là một mắt xích, không phải cây đũa thần",marketing.quang-cao-tra-phi,case_study,nguon-ben-ngoai|dam-van-tuan|gmv-max|roi-quang-cao|tiktok-shop-ads,2.5.4.1,GMV Max,,thuc-thi,case_study,vcpart,qt.san-tmdt.b,nguon-ben-ngoai|nguon-dam-van-tuan|gmv-max|roi|quang-cao-tiktok,cao,Tầng 4 (26/09),g1
6ab731f7e8a762a4385a53a4,Khi nào và tăng bao nhiêu ngân sách GMV Max cho phù hợp,marketing.quang-cao-tra-phi,framework,nguon-ben-ngoai|dam-van-tuan|tiktok-shop|quang-cao-gmv|toi-uu-ngan-sach,2.5.4.1,GMV Max,,thuc-thi,framework,vcpart,qt.san-tmdt.b,nguon-ben-ngoai|nguon-dam-van-tuan|tiktok-shop|gmv-max|toi-uu-ngan-sach,cao,Tầng 4 (26/09),g1
6ab73210e8a762a4385a53a6,So sánh GMV Max và trình quảng cáo tùy chỉnh TikTok: vì sao GMV không cần đặt target,marketing.quang-cao-tra-phi,concept,nguon-ben-ngoai|dam-van-tuan|gmv-max|quang-cao-tiktok|content-video,2.5.4.1,GMV Max,,nhap-mon,concept,vcpart,qt.san-tmdt.b,nguon-ben-ngoai|nguon-dam-van-tuan|gmv-max|quang-cao-tiktok|content-video,cao,Tầng 4 (26/09),g1
6ab7324fe8a762a4385a53af,TikTok Shop dừng quảng cáo cửa hàng tùy chỉnh từ quý 3/2025: tác động và 4 việc cần chuẩn bị,marketing.quang-cao-tra-phi,insight,nguon-ben-ngoai|dam-van-tuan|gmv-max|tiep-thi-lien-ket|quang-cao-tiktok,2.5.4.1,GMV Max,,dieu-hanh,insight,vcpart,qt.san-tmdt.b,nguon-ben-ngoai|nguon-dam-van-tuan|gmv-max|affiliate-koc|quang-cao-tiktok,cao,Tầng 4 (26/09),g1
6ab732f8e8a762a4385a53bb,"Bản chất thuật toán bảo vệ ROI của GMV Max và 3 sai lầm khiến quảng cáo TikTok đắt, ít đơn",marketing.quang-cao-tra-phi,lesson,nguon-ben-ngoai|dam-van-tuan|gmv-max|roi|quang-cao-tiktok,2.5.4.1,GMV Max,,thuc-thi,lesson,vcpart,qt.san-tmdt.b,nguon-ben-ngoai|nguon-dam-van-tuan|gmv-max|roi|quang-cao-tiktok,cao,Tầng 4 (26/09),g1
6ab73437e8a762a4385a53c4,Vì sao ROI thực tế của quảng cáo GMV lệch xa so với ROI mục tiêu và cơ chế bảo vệ ROI hoạt động thế nào,marketing.quang-cao-tra-phi,concept,nguon-ben-ngoai|dam-van-tuan|gmv-max|roi|quang-cao-tiktok,2.5.4.1,GMV Max,,thuc-thi,concept,vcpart,qt.san-tmdt.b,nguon-ben-ngoai|nguon-dam-van-tuan|gmv-max|roi|quang-cao-tiktok,cao,Tầng 4 (26/09),g1
6ab73489e8a762a4385a53c5,Khi nào nên nâng ROI quảng cáo GMV để giảm chi phí trên đơn và cách nâng an toàn không mất bảo vệ ROI,marketing.quang-cao-tra-phi,lesson,nguon-ben-ngoai|dam-van-tuan|gmv-max|roi|quang-cao-tiktok,2.5.4.1,GMV Max,,thuc-thi,lesson,vcpart,qt.san-tmdt.b,nguon-ben-ngoai|nguon-dam-van-tuan|gmv-max|roi|quang-cao-tiktok,cao,Tầng 4 (26/09),g1
6ab734f6b43e7b02a2eab659,Sai lầm hạ ROI mục tiêu để cố tăng đơn: 5 nguyên nhân thực sự khiến quảng cáo GMV cắn tiền ít và cách xử lý đúng nguyên nhân,marketing.quang-cao-tra-phi,lesson,nguon-ben-ngoai|dam-van-tuan|gmv-max|roi|quang-cao-tiktok,2.5.4.1,GMV Max,,thuc-thi,lesson,vcpart,qt.san-tmdt.b,nguon-ben-ngoai|nguon-dam-van-tuan|gmv-max|roi|quang-cao-tiktok,cao,Tầng 4 (26/09),g1
6ab6a9eaf3ad31ef11df0c85,"Quảng cáo Cân nhắc thương hiệu (C-Ads) không tạo đơn trực tiếp mà xây nhận diện, chỉ hiệu quả khi nội dung có thương hiệu",marketing.quang-cao-tra-phi,concept,nguon-ben-ngoai|hoang-comme|c-ads|gmv-max|phieu-ban-hang,2.5.4.2,"Quảng cáo video, C-Ads & tệp khách",1.3.2,nhap-mon,concept,vcpart,,nguon-ben-ngoai|nguon-hoang-comme|quang-cao-tiktok|gmv-max|phieu-ban-hang,cao,Tầng 4 (26/09),g1
6ab6aa23f3ad31ef11df0c8f,Dùng C-Ads mở rộng tệp khách khi ROI của GMV Max bị giới hạn/ngày càng đắt,marketing.quang-cao-tra-phi,concept,nguon-ben-ngoai|hoang-comme|c-ads|gmv-max|toi-uu-roi,2.5.4.2,"Quảng cáo video, C-Ads & tệp khách",1.3.2,thuc-thi,concept,vcpart,qt.san-tmdt.b,nguon-ben-ngoai|nguon-hoang-comme|quang-cao-tiktok|gmv-max|toi-uu-roi,cao,Tầng 4 (26/09),g1
6ab6aa2ff3ad31ef11df0c92,Video quảng cáo TikTok được phân phối theo CTR/CVR; bật ads không làm video tự nhiên bị flop,marketing.video-ngan-tiktok|marketing.quang-cao-tra-phi,insight,nguon-ben-ngoai|hoang-comme|gmv-max|video-ngan-tiktok|toi-uu-quang-cao,2.5.4.2,"Quảng cáo video, C-Ads & tệp khách",1.3.4,thuc-thi,insight,vcpart,qt.san-tmdt.b,nguon-ben-ngoai|nguon-hoang-comme|gmv-max|toi-uu-quang-cao,cao,Tầng 4 (26/09),g1
6ab6aa63f3ad31ef11df0c98,"Quy trình setup C-Ads từ A-Z: tạo tệp Market Scope, cài chiến dịch, chọn video và đọc báo cáo hiệu quả",marketing.quang-cao-tra-phi,framework,nguon-ben-ngoai|hoang-comme|c-ads|tiktok-market-scope|setup-quang-cao|bao-cao-hieu-qua,2.5.4.2,"Quảng cáo video, C-Ads & tệp khách",1.3.2,thuc-thi,sop,vcpart,qt.san-tmdt.b,nguon-ben-ngoai|nguon-hoang-comme|quang-cao-tiktok|tiktok-market-scope|setup-quang-cao|bao-cao-hieu-qua,cao,Tầng 4 (26/09),g1
6ab6aaeff3ad31ef11df0cae,"3 trường hợp nên chạy song song GMV Max với trình quảng cáo thường, và khi nào dùng thêm C-Ads",marketing.quang-cao-tra-phi,framework,nguon-ben-ngoai|dam-van-tuan|gmv-max|c-ads|trinh-quang-cao,2.5.4.2,"Quảng cáo video, C-Ads & tệp khách",,thiet-ke,framework,vcpart,qt.san-tmdt.b,nguon-ben-ngoai|nguon-dam-van-tuan|gmv-max|quang-cao-tiktok|trinh-quang-cao,cao,Tầng 4 (26/09),g1
6ab6f86ff3ad31ef11df0d12,"Chạy quảng cáo video/livestream ngay trên điện thoại bằng nút ""Quảng bá""",marketing.quang-cao-tra-phi,framework,nguon-ben-ngoai|the-hoang-work|quang-cao-livestream|quang-cao-dien-thoai|tiktok-shop-ads,2.5.4.2,"Quảng cáo video, C-Ads & tệp khách",1.3.2,thuc-thi,sop,vcpart,qt.san-tmdt.b,nguon-ben-ngoai|nguon-the-hoang-work|quang-cao-livestream|quang-cao-dien-thoai|quang-cao-tiktok,cao,Tầng 4 (26/09),g1
6ab6f8c5f3ad31ef11df0d26,"Tạo quảng cáo ""mua sắm qua video"" trên TikTok Ads Manager để ra đơn từ video có sẵn",marketing.quang-cao-tra-phi,framework,nguon-ben-ngoai|the-hoang-work|quang-cao-video|ads-manager|tiktok-shop-ads,2.5.4.2,"Quảng cáo video, C-Ads & tệp khách",,thuc-thi,sop,vcpart,qt.san-tmdt.b,nguon-ben-ngoai|nguon-the-hoang-work|quang-cao-video|ads-manager|quang-cao-tiktok,cao,Tầng 4 (26/09),g1
6ab6f8ccf3ad31ef11df0d28,"Đăng video xong nên chạy quảng cáo test ngay, đừng chờ video tự lên xu hướng mới chạy",marketing.quang-cao-tra-phi,lesson,nguon-ben-ngoai|the-hoang-work|test-quang-cao|toc-do-ra-quyet-dinh|chien-luoc-ban-hang-tiktok,2.5.4.2,"Quảng cáo video, C-Ads & tệp khách",,thuc-thi,lesson,vcpart,qt.san-tmdt.b,nguon-ben-ngoai|nguon-the-hoang-work|test-quang-cao|toc-do-ra-quyet-dinh|chien-luoc-ban-hang-tiktok,cao,Tầng 4 (26/09),g1
6ab6f912f3ad31ef11df0d36,Cấu hình đối tượng/ngân sách quảng cáo trên điện thoại và quảng cáo trong tab Shop (trung tâm mua sắm),marketing.quang-cao-tra-phi,framework,nguon-ben-ngoai|the-hoang-work|target-quang-cao|quang-cao-tab-shop|tiktok-shop-ads,2.5.4.2,"Quảng cáo video, C-Ads & tệp khách",,thuc-thi,framework,vcpart,qt.san-tmdt.b,nguon-ben-ngoai|nguon-the-hoang-work|target-quang-cao|quang-cao-tab-shop|quang-cao-tiktok,cao,Tầng 4 (26/09),g1
6ab6f956f3ad31ef11df0d47,Shop chạy quảng cáo hộ video/livestream của KOC-affiliate: ủy quyền tài khoản và gắn mã quảng cáo,marketing.quang-cao-tra-phi,framework,nguon-ben-ngoai|the-hoang-work|affiliate-koc|gmv-max|tiktok-shop-ads,2.5.4.2,"Quảng cáo video, C-Ads & tệp khách",2.5.5,thuc-thi,sop,vcpart,qt.san-tmdt.b,nguon-ben-ngoai|nguon-the-hoang-work|affiliate-koc|gmv-max|quang-cao-tiktok,cao,Tầng 4 (26/09),g1
6ab6fba1f3ad31ef11df0dc6,"Chạy quảng cáo vào video có tính chuyển đổi, không phải video nhiều view/lên xu hướng",marketing.quang-cao-tra-phi,framework,nguon-ben-ngoai|the-hoang-work|video-chuyen-doi|gmv-max|toi-uu-quang-cao,2.5.4.2,"Quảng cáo video, C-Ads & tệp khách",,thuc-thi,framework,vcpart,qt.san-tmdt.b,nguon-ben-ngoai|nguon-the-hoang-work|video-chuyen-doi|gmv-max|toi-uu-quang-cao,cao,Tầng 4 (26/09),g1
6ab73273e8a762a4385a53b1,Traffic tự nhiên giảm khiến GMV đắt: quét tệp để remarketing,marketing.quang-cao-tra-phi,framework,nguon-ben-ngoai|dam-van-tuan|tiktok-shop|remarketing|quang-cao-gmv,2.5.4.2,"Quảng cáo video, C-Ads & tệp khách",,thuc-thi,framework,vcpart,qt.san-tmdt.b,nguon-ben-ngoai|nguon-dam-van-tuan|tiktok-shop|remarketing|gmv-max,cao,Tầng 4 (26/09),g1
6ab7329be8a762a4385a53b5,Chạy song song GMV Max và trình quảng cáo tùy chỉnh cho cùng một sản phẩm trên TikTok Shop,marketing.quang-cao-tra-phi,framework,nguon-ben-ngoai|dam-van-tuan|gmv-max|quang-cao-tiktok|trinh-quang-cao,2.5.4.2,"Quảng cáo video, C-Ads & tệp khách",,thuc-thi,framework,vcpart,qt.san-tmdt.b,nguon-ben-ngoai|nguon-dam-van-tuan|gmv-max|quang-cao-tiktok|trinh-quang-cao,cao,Tầng 4 (26/09),g1
6ab732ace8a762a4385a53b6,"Quét tệp khách đã mua, bỏ giỏ, tương tự để target quảng cáo",marketing.quang-cao-tra-phi,framework,nguon-ben-ngoai|dam-van-tuan|tiktok-shop|remarketing|quang-cao-gmv,2.5.4.2,"Quảng cáo video, C-Ads & tệp khách",,thuc-thi,framework,vcpart,qt.san-tmdt.b,nguon-ben-ngoai|nguon-dam-van-tuan|tiktok-shop|remarketing|gmv-max,cao,Tầng 4 (26/09),g1
6ab732e4e8a762a4385a53ba,"Target mối quan tâm, hành vi, khu vực và ngân sách test ban đầu",marketing.quang-cao-tra-phi,concept,nguon-ben-ngoai|dam-van-tuan|tiktok-shop|target-quang-cao|quang-cao-tra-phi,2.5.4.2,"Quảng cáo video, C-Ads & tệp khách",1.3.2,thuc-thi,concept,vcpart,qt.san-tmdt.b,nguon-ben-ngoai|nguon-dam-van-tuan|tiktok-shop|target-quang-cao,cao,Tầng 4 (26/09),g1
6ab6a9b2f3ad31ef11df0c7c,"Video teaser dẫn vào live GMV Max: cần 3-5 video, up trước 3 ngày, set thủ công và đúng sản phẩm đang bán",marketing.video-ngan-tiktok,framework,nguon-ben-ngoai|hoang-comme|livestream-tiktok|video-teaser|gmv-max|chuyen-doi-ban-hang,2.5.4.3,Quảng cáo livestream,2.5.4,thuc-thi,framework,vcpart,qt.san-tmdt.b,nguon-ben-ngoai|nguon-hoang-comme|livestream|video-teaser|gmv-max|chuyen-doi-ban-hang,cao,Tầng 4 (26/09),g1
6ab6aacbf3ad31ef11df0ca9,Không nên chạy quảng cáo GMV Max livestream cho kênh của KOC,ban-hang-cskh.kenh-phan-phoi|marketing.quang-cao-tra-phi,lesson,nguon-ben-ngoai|hoang-comme|gmv-max|livestream-tiktok|koc-tiktok,2.5.4.3,Quảng cáo livestream,2.5.5,thuc-thi,lesson,vcpart,qt.san-tmdt.b,nguon-ben-ngoai|nguon-hoang-comme|gmv-max|livestream|affiliate-koc,cao,Tầng 4 (26/09),g2
6ab6aaf6f3ad31ef11df0cb1,"Setup Live GMV Max: tách chiến dịch theo phiên, phân bổ ngân sách, chạy song song Product",marketing.quang-cao-tra-phi,framework,nguon-ben-ngoai|hoang-comme|gmv-max|live-gmv-max|livestream,2.5.4.3,Quảng cáo livestream,2.5.5,thuc-thi,framework,vcpart,qt.san-tmdt.b,nguon-ben-ngoai|nguon-hoang-comme|gmv-max|live-gmv-max|livestream,cao,Tầng 4 (26/09),g1
6ab6ab36f3ad31ef11df0cbd,"Tối ưu ROI camp Live GMV Max: setup ngân sách min, tự động tăng, và chuẩn bị phiên live",marketing.quang-cao-tra-phi,framework,nguon-ben-ngoai|hoang-comme|gmv-max|live-gmv-max|roi,2.5.4.3,Quảng cáo livestream,2.5.5,thuc-thi,sop,vcpart,qt.san-tmdt.b,nguon-ben-ngoai|nguon-hoang-comme|gmv-max|live-gmv-max|roi,cao,Tầng 4 (26/09),g1
6ab6abf9f3ad31ef11df0cdb,"Quảng cáo livestream GMV Max hiệu quả: ROI thấp, ngân sách tăng dần, liên kết kênh affiliate và 4 yếu tố quyết định mắt xem",marketing.quang-cao-tra-phi,case_study,nguon-ben-ngoai|dam-van-tuan|gmv-max|livestream-ban-hang|affiliate-koc,2.5.4.3,Quảng cáo livestream,2.5.5,thuc-thi,case_study,vcpart,qt.san-tmdt.b,nguon-ben-ngoai|nguon-dam-van-tuan|gmv-max|livestream|affiliate-koc,cao,Tầng 4 (26/09),g1
6ab6f81bf3ad31ef11df0d01,Hai cách chạy quảng cáo livestream TikTok Shop: qua Ads Manager (quảng cáo mua sắm qua live) và qua GMV Max,marketing.quang-cao-tra-phi,framework,nguon-ben-ngoai|the-hoang-work|gmv-max|quang-cao-livestream|tiktok-shop-ads,2.5.4.3,Quảng cáo livestream,2.5.5,thuc-thi,framework,vcpart,qt.san-tmdt.b,nguon-ben-ngoai|nguon-the-hoang-work|gmv-max|quang-cao-livestream|quang-cao-tiktok,cao,Tầng 4 (26/09),g1
6ab6fca3f3ad31ef11df0def,Chỉ chạy quảng cáo cho livestream khi phiên live đã chuyển đổi tốt; đổ tiền vào live yếu chỉ tốn tiền,marketing.quang-cao-tra-phi,lesson,nguon-ben-ngoai|the-hoang-work|quang-cao-livestream|ky-nang-livestream|toi-uu-quang-cao,2.5.4.3,Quảng cáo livestream,2.5.5,thuc-thi,lesson,vcpart,qt.san-tmdt.b,nguon-ben-ngoai|nguon-the-hoang-work|quang-cao-livestream|ky-nang-livestream|toi-uu-quang-cao,cao,Tầng 4 (26/09),g1
6ab73102e8a762a4385a537c,Chạy quảng cáo GMV livestream cho affiliate và nhiều kênh cùng lúc,marketing.quang-cao-tra-phi,framework,nguon-ben-ngoai|dam-van-tuan|tiktok-shop|quang-cao-gmv|livestream,2.5.4.3,Quảng cáo livestream,2.5.5,thuc-thi,framework,vcpart,qt.san-tmdt.b,nguon-ben-ngoai|nguon-dam-van-tuan|tiktok-shop|gmv-max|livestream,cao,Tầng 4 (26/09),g1
6ab73140e8a762a4385a5387,Quảng cáo đẩy mắt xem livestream TikTok: các yếu tố quyết định hiệu quả ngoài việc bơm tiền,marketing.quang-cao-tra-phi,concept,nguon-ben-ngoai|dam-van-tuan|quang-cao-tiktok|livestream|van-hanh-shop,2.5.4.3,Quảng cáo livestream,2.5.5,thuc-thi,concept,vcpart,qt.san-tmdt.b,nguon-ben-ngoai|nguon-dam-van-tuan|quang-cao-tiktok|livestream|van-hanh-shop,cao,Tầng 4 (26/09),g1
6ab731ade8a762a4385a5399,"Các case quảng cáo GMV Max livestream TikTok chi phí thấp: cách tính ROI, đặt ngân sách và các yếu tố quyết định hiệu quả",marketing.quang-cao-tra-phi,case_study,nguon-ben-ngoai|dam-van-tuan|gmv-max|livestream|roi|quang-cao-tiktok,2.5.4.3,Quảng cáo livestream,2.5.5,thuc-thi,case_study,vcpart,qt.san-tmdt.b,nguon-ben-ngoai|nguon-dam-van-tuan|gmv-max|livestream|roi|quang-cao-tiktok,cao,Tầng 4 (26/09),g1
6ab6a99df3ad31ef11df0c7a,"Tài khoản quảng cáo TikTok có ""điểm tin cậy ngầm"": xác minh giấy tờ, chạy liên tục để tránh phải build lại dữ liệu",marketing.quang-cao-tra-phi,concept,nguon-ben-ngoai|hoang-comme|tai-khoan-quang-cao|tiktok-ads|gmv-max,2.5.4.4,"Tài khoản, ngân sách & đo lường ads",1.3.2,thuc-thi,concept,vcpart,qt.san-tmdt.b,nguon-ben-ngoai|nguon-hoang-comme|tai-khoan-quang-cao|quang-cao-tiktok|gmv-max,cao,Tầng 4 (26/09),g1
6ab6a9ebf3ad31ef11df0c86,Tài khoản trả trước/trả sau TikTok Ads: ngưỡng chi tiêu tăng dần và cách chạy quảng cáo đúng qua Seller Center,marketing.quang-cao-tra-phi,concept,nguon-ben-ngoai|hoang-comme|gmv-max|tai-khoan-quang-cao|seller-center,2.5.4.4,"Tài khoản, ngân sách & đo lường ads",1.3.2,thuc-thi,concept,vcpart,qt.san-tmdt.b,nguon-ben-ngoai|nguon-hoang-comme|gmv-max|tai-khoan-quang-cao|seller-center,cao,Tầng 4 (26/09),g1
6ab6aac6f3ad31ef11df0ca7,5 việc cần làm để tăng ngân sách quảng cáo TikTok mà vẫn giữ ROI ổn định,marketing.quang-cao-tra-phi,framework,nguon-ben-ngoai|dam-van-tuan|gmv-max|ngan-sach-quang-cao|livestream-ban-hang,2.5.4.4,"Tài khoản, ngân sách & đo lường ads",,thiet-ke,framework,vcpart,qt.san-tmdt.b,nguon-ben-ngoai|nguon-dam-van-tuan|gmv-max|ngan-sach-quang-cao|livestream,cao,Tầng 4 (26/09),g1
6ab6acd1f3ad31ef11df0cec,Mất hơn 400 triệu vì thanh toán tự động GMV: cách ngắt và phòng tránh khi chạy quảng cáo TikTok,marketing.quang-cao-tra-phi,lesson,nguon-ben-ngoai|dam-van-tuan|gmv-max|thanh-toan-tu-dong|rui-ro-quang-cao,2.5.4.4,"Tài khoản, ngân sách & đo lường ads",,thuc-thi,lesson,vcpart,qt.san-tmdt.b,nguon-ben-ngoai|nguon-dam-van-tuan|gmv-max|thanh-toan-tu-dong|rui-ro-quang-cao,cao,Tầng 4 (26/09),g1
6ab6ad41f3ad31ef11df0cf0,Tài khoản quảng cáo TikTok bị đình chỉ vĩnh viễn: cách khiếu nại và duy trì quảng cáo trong lúc chờ,marketing.quang-cao-tra-phi,lesson,nguon-ben-ngoai|dam-van-tuan|tai-khoan-quang-cao|dinh-chi-tai-khoan|khieu-nai-tiktok,2.5.4.4,"Tài khoản, ngân sách & đo lường ads",1.3.2,thuc-thi,lesson,vcpart,qt.san-tmdt.b,nguon-ben-ngoai|nguon-dam-van-tuan|tai-khoan-quang-cao|dinh-chi-tai-khoan|khieu-nai-tiktok,cao,Tầng 4 (26/09),g1
6ab6f967f3ad31ef11df0d49,"Tăng ngân sách quảng cáo TikTok theo chỉ số CPA thực tế, không theo suy luận tuyến tính hay đề xuất của sàn",marketing.quang-cao-tra-phi,framework,nguon-ben-ngoai|the-hoang-work|ngan-sach-quang-cao|cpa|gmv-max,2.5.4.4,"Tài khoản, ngân sách & đo lường ads",,thuc-thi,framework,vcpart,qt.san-tmdt.b,nguon-ben-ngoai|nguon-the-hoang-work|ngan-sach-quang-cao|cpa|gmv-max,cao,Tầng 4 (26/09),g1
6ab6f995f3ad31ef11df0d56,Nạp xu quảng cáo TikTok qua web tiktok.com/coin để tiết kiệm phí so với nạp qua app,marketing.quang-cao-tra-phi,framework,nguon-ben-ngoai|the-hoang-work|nap-xu-tiktok|phi-quang-cao|tiktok-shop-ads,2.5.4.4,"Tài khoản, ngân sách & đo lường ads",1.3.2,thuc-thi,framework,vcpart,qt.san-tmdt.b,nguon-ben-ngoai|nguon-the-hoang-work|nap-xu-tiktok|phi-quang-cao|quang-cao-tiktok,cao,Tầng 4 (26/09),g1
6ab6f9e2f3ad31ef11df0d65,Bật quảng cáo qua trang web tiktok.com trên máy tính để giảm phí so với app iPhone; kiểm tra voucher giảm phí trong Seller Center,marketing.quang-cao-tra-phi,framework,nguon-ben-ngoai|the-hoang-work|phi-quang-cao|voucher-quang-cao|tiktok-shop-ads,2.5.4.4,"Tài khoản, ngân sách & đo lường ads",1.3.2,thuc-thi,framework,vcpart,qt.san-tmdt.b,nguon-ben-ngoai|nguon-the-hoang-work|phi-quang-cao|voucher-quang-cao|quang-cao-tiktok,cao,Tầng 4 (26/09),g1
6ab6fa44f3ad31ef11df0d7c,"Đọc chỉ số quảng cáo TikTok (CPM, CPC, CTR, ROAS) và bài học từ shop chạy ads lỗ vì quên bật Freeship",marketing.quang-cao-tra-phi,concept,nguon-ben-ngoai|the-hoang-work|chi-so-quang-cao|roas|freeship,2.5.4.4,"Tài khoản, ngân sách & đo lường ads",,nhap-mon,concept,vcpart,qt.san-tmdt.b,nguon-ben-ngoai|nguon-the-hoang-work|chi-so-quang-cao|roas|freeship,cao,Tầng 4 (26/09),g1
6ab6fa78f3ad31ef11df0d85,"Case thực tế CPA quảng cáo TikTok: từ 5.000đ/đơn tới 14.000đ/đơn, chi tiêu càng lớn CPA càng biến động",marketing.quang-cao-tra-phi,case_study,nguon-ben-ngoai|the-hoang-work|cpa|roas|gmv-max|so-lieu-thuc-te,2.5.4.4,"Tài khoản, ngân sách & đo lường ads",,dieu-hanh,case_study,vcpart,qt.san-tmdt.b,nguon-ben-ngoai|nguon-the-hoang-work|cpa|roas|gmv-max|so-lieu-thuc-te,cao,Tầng 4 (26/09),g1
6ab6faccf3ad31ef11df0d96,"Đánh giá hiệu quả quảng cáo TikTok phải dựa trên lợi nhuận thực sau chi phí, không phải số đơn hay CPA đơn thuần",marketing.quang-cao-tra-phi|tai-chinh.phan-tich-tai-chinh,framework,nguon-ben-ngoai|the-hoang-work|bien-loi-nhuan|cpa|ban-combo,2.5.4.4,"Tài khoản, ngân sách & đo lường ads",3.3.5|2.5.1,dieu-hanh,framework,vcpart,qt.san-tmdt.b,nguon-ben-ngoai|nguon-the-hoang-work|bien-loi-nhuan|cpa|ban-combo,cao,Tầng 4 (26/09),g1
6ab6fb1df3ad31ef11df0da7,"Quảng cáo TikTok Shop dịp Tết: tắt trước Tết, bật lại từ mùng 2-3 và làm mới toàn bộ chiến dịch",marketing.quang-cao-tra-phi,framework,nguon-ben-ngoai|the-hoang-work|mua-vu-tet|van-hanh-shop|lam-moi-chien-dich,2.5.4.4,"Tài khoản, ngân sách & đo lường ads",,thuc-thi,framework,vcpart,qt.san-tmdt.b,nguon-ben-ngoai|nguon-the-hoang-work|mua-vu-tet|van-hanh-shop|lam-moi-chien-dich,cao,Tầng 4 (26/09),g1
6ab6fb9df3ad31ef11df0dc4,"Cách kháng nghị khi tài khoản quảng cáo TikTok bị khoá/tạm ngưng, và mẹo thúc chat support xử lý nhanh",marketing.quang-cao-tra-phi|phap-ly.quy-dinh-nganh,framework,nguon-ben-ngoai|the-hoang-work|khang-nghi-tai-khoan|van-hanh-quang-cao|ho-tro-tiktok,2.5.4.4,"Tài khoản, ngân sách & đo lường ads",1.3.2,thuc-thi,sop,vcpart,qt.san-tmdt.b,nguon-ben-ngoai|nguon-the-hoang-work|khang-nghi-tai-khoan|van-hanh-quang-cao|ho-tro-tiktok,cao,Tầng 4 (26/09),g1
6ab72fbee8a762a4385a5347,"Tài khoản quảng cáo TikTok mới lập dễ bị đình chỉ/khóa: cách đặt tên, nạp tiền, chọn trình chạy để phòng tránh",marketing.quang-cao-tra-phi,lesson,nguon-ben-ngoai|dam-van-tuan|quang-cao-tiktok|tai-khoan-quang-cao|van-hanh-shop,2.5.4.4,"Tài khoản, ngân sách & đo lường ads",1.3.2,thuc-thi,lesson,vcpart,qt.san-tmdt.b,nguon-ben-ngoai|nguon-dam-van-tuan|quang-cao-tiktok|tai-khoan-quang-cao|van-hanh-shop,cao,Tầng 4 (26/09),g1
6ab7300fe8a762a4385a5354,"Tài khoản quảng cáo TikTok ""hoàn tín"": cơ chế hoạt động và cách lấy voucher hoàn tiền quảng cáo miễn phí",marketing.quang-cao-tra-phi,concept,nguon-ben-ngoai|dam-van-tuan|quang-cao-tiktok|voucher-hoan-tien|tai-khoan-quang-cao,2.5.4.4,"Tài khoản, ngân sách & đo lường ads",1.3.2,thuc-thi,concept,vcpart,qt.san-tmdt.b,nguon-ben-ngoai|nguon-dam-van-tuan|quang-cao-tiktok|voucher-hoan-tien|tai-khoan-quang-cao,cao,Tầng 4 (26/09),g1
6ab730e3e8a762a4385a5377,"Nền tảng TikTok ghi nhận đơn từ quảng cáo trong cửa sổ 7 ngày (click) và 1 ngày (xem), cần tắt tính năng gây ảo chỉ số, phân biệt đơn từ affiliate",marketing.quang-cao-tra-phi,concept,nguon-ben-ngoai|dam-van-tuan|gmv-max|tiktok-shop-ads|affiliate-marketing,2.5.4.4,"Tài khoản, ngân sách & đo lường ads",,thuc-thi,concept,vcpart,qt.san-tmdt.b,nguon-ben-ngoai|nguon-dam-van-tuan|gmv-max|quang-cao-tiktok|affiliate-koc,cao,Tầng 4 (26/09),g1
6ab73146e8a762a4385a538a,6 yếu tố khiến quảng cáo TikTok Shop lỗ hoặc chi phí cao,marketing.quang-cao-tra-phi,framework,nguon-ben-ngoai|dam-van-tuan|tiktok-shop|quang-cao-tra-phi|toi-uu-chi-phi,2.5.4.4,"Tài khoản, ngân sách & đo lường ads",,thuc-thi,framework,vcpart,qt.san-tmdt.b,nguon-ben-ngoai|nguon-dam-van-tuan|tiktok-shop|toi-uu-chi-phi|quang-cao-tiktok,cao,Tầng 4 (26/09),g1
6ab73180e8a762a4385a5393,Case quảng cáo 700k ra 25 triệu: hành trình cải thiện liên tục,marketing.quang-cao-tra-phi,case_study,nguon-ben-ngoai|dam-van-tuan|tiktok-shop|quang-cao-tra-phi|case-study,2.5.4.4,"Tài khoản, ngân sách & đo lường ads",,thuc-thi,case_study,vcpart,qt.san-tmdt.b,nguon-ben-ngoai|nguon-dam-van-tuan|tiktok-shop|quang-cao-tiktok,cao,Tầng 4 (26/09),g1
6ab731bde8a762a4385a539b,Tăng ngân sách quảng cáo từng bước mà không đắt chi phí chuyển đổi,marketing.quang-cao-tra-phi,framework,nguon-ben-ngoai|dam-van-tuan|tiktok-shop|quang-cao-tra-phi|toi-uu-ngan-sach,2.5.4.4,"Tài khoản, ngân sách & đo lường ads",1.3.2,thuc-thi,framework,vcpart,qt.san-tmdt.b,nguon-ben-ngoai|nguon-dam-van-tuan|tiktok-shop|toi-uu-ngan-sach,cao,Tầng 4 (26/09),g1
6ab73232e8a762a4385a53ac,"Quảng cáo đắt dần sau sale, cuối tháng và khi video cũ đi",marketing.quang-cao-tra-phi,insight,nguon-ben-ngoai|dam-van-tuan|tiktok-shop|quang-cao-tra-phi|toi-uu-chi-phi,2.5.4.4,"Tài khoản, ngân sách & đo lường ads",,thuc-thi,insight,vcpart,qt.san-tmdt.b,nguon-ben-ngoai|nguon-dam-van-tuan|tiktok-shop|toi-uu-chi-phi,cao,Tầng 4 (26/09),g1
6ab733b0e8a762a4385a53c2,"Chọn tài khoản quảng cáo: agency hay cá nhân, USD hay VND, thời gian đạt hiệu suất",marketing.quang-cao-tra-phi,concept,nguon-ben-ngoai|dam-van-tuan|tai-khoan-quang-cao|gmv-max|quang-cao-tra-phi,2.5.4.4,"Tài khoản, ngân sách & đo lường ads",,thiet-ke,concept,vcpart,qt.san-tmdt.b,nguon-ben-ngoai|nguon-dam-van-tuan|tai-khoan-quang-cao|gmv-max,cao,Tầng 4 (26/09),g1
6ab733e6e8a762a4385a53c3,"Cách tính và đặt ROI quảng cáo GMV dựa trên lãi thực tế sau phí sàn, hoa hồng và thuế, không theo đề xuất nền tảng",marketing.quang-cao-tra-phi,framework,nguon-ben-ngoai|dam-van-tuan|gmv-max|roi|quang-cao-tiktok,2.5.4.4,"Tài khoản, ngân sách & đo lường ads",2.5.1,thuc-thi,framework,vcpart,qt.san-tmdt.b,nguon-ben-ngoai|nguon-dam-van-tuan|gmv-max|roi|quang-cao-tiktok,cao,Tầng 4 (26/09),g1
6ab6faccf3ad31ef11df0d95,"Chọn sản phẩm bán chạy, quen thuộc và tối ưu deal/bối cảnh/ánh sáng/lời nói để livestream không bị flop",marketing.video-ngan-tiktok,framework,nguon-ben-ngoai|the-hoang-work|livestream-ban-hang|kich-ban-livestream|toi-uu-chuyen-doi,2.5.5,Livestream & affiliate/KOC bán hàng,,thuc-thi,framework,vcpart,qt.san-tmdt.b,nguon-ben-ngoai|nguon-the-hoang-work|livestream|kich-ban-livestream|toi-uu-chuyen-doi,cao,,g1
6ab6ab36f3ad31ef11df0cbc,"Voucher độc quyền nhà sáng tạo và tính năng đấu giá trong livestream để tăng tương tác, đơn",ban-hang-cskh.kenh-phan-phoi,concept,nguon-ben-ngoai|dam-van-tuan|tiktok-shop|livestream-ban-hang|voucher-khuyen-mai,2.5.5.1,Kỹ năng host & kịch bản live,,thuc-thi,concept,vcpart,qt.san-tmdt.b,nguon-ben-ngoai|nguon-dam-van-tuan|tiktok-shop|livestream|voucher-khuyen-mai,cao,Tầng 4 (26/09),g2
6ab6abb5f3ad31ef11df0cd2,Kịch bản và công cụ giữ chân người xem livestream: tạo chuyển đổi mỗi 5-15 phút,marketing.video-ngan-tiktok|marketing.quang-cao-tra-phi,framework,nguon-ben-ngoai|hoang-comme|livestream|live-gmv-max|tiktok-shop,2.5.5.1,Kỹ năng host & kịch bản live,,thuc-thi,framework,vcpart,qt.san-tmdt.b,nguon-ben-ngoai|nguon-hoang-comme|livestream|live-gmv-max|tiktok-shop,cao,Tầng 4 (26/09),g1
6ab6f824f3ad31ef11df0d03,"Deal 1k/9k đầu live không phải bán lỗ mà là ""chim mồi"" để câu tương tác, kéo mắt xem",ban-hang-cskh.ky-nang-ban-hang|ban-hang-cskh.kenh-phan-phoi,concept,nguon-ben-ngoai|the-hoang-work|livestream-tiktok-shop|deal-1k|san-pham-moi,2.5.5.1,Kỹ năng host & kịch bản live,,nhap-mon,concept,vcpart,qt.san-tmdt.b,nguon-ben-ngoai|nguon-the-hoang-work|livestream|deal-1k|san-pham-moi,cao,Tầng 4 (26/09),g2
6ab6f891f3ad31ef11df0d1b,"Hiểu sâu sản phẩm là nền tảng livestream bán hàng, quan trọng hơn thiết bị, kịch bản hay trò câu tương tác",ban-hang-cskh.ky-nang-ban-hang,framework,nguon-ben-ngoai|the-hoang-work|livestream-tiktok|ky-nang-ban-hang|kien-thuc-san-pham,2.5.5.1,Kỹ năng host & kịch bản live,,thuc-thi,framework,vcpart,qt.san-tmdt.b,nguon-ben-ngoai|nguon-the-hoang-work|livestream|kien-thuc-san-pham,cao,Tầng 4 (26/09),g2
6ab6f8a9f3ad31ef11df0d20,"Cách lên deal 1k/9k câu comment trong live: tạo sản phẩm, đưa quà ""uyển chuyển"" thay vì ép buộc",ban-hang-cskh.kenh-phan-phoi,framework,nguon-ben-ngoai|the-hoang-work|deal-1k|livestream-tiktok-shop|thao-tac-seller-center,2.5.5.1,Kỹ năng host & kịch bản live,,thuc-thi,framework,vcpart,qt.san-tmdt.b,nguon-ben-ngoai|nguon-the-hoang-work|deal-1k|livestream|thao-tac-seller-center,cao,Tầng 4 (26/09),g2
6ab6f8d7f3ad31ef11df0d2b,Chiến lược mở đầu live: gọi tên khách mới vào kèm tặng quà 1k để tăng và giữ mắt xem,ban-hang-cskh.ky-nang-ban-hang,framework,nguon-ben-ngoai|the-hoang-work|mo-dau-livestream|deal-1k|giu-mat-xem,2.5.5.1,Kỹ năng host & kịch bản live,,thuc-thi,framework,vcpart,qt.san-tmdt.b,nguon-ben-ngoai|nguon-the-hoang-work|mo-dau-livestream|deal-1k|giu-mat-xem,cao,Tầng 4 (26/09),g2
6ab6f922f3ad31ef11df0d39,Đổi sản phẩm mồi đầu live theo trend hoặc theo chu kỳ giúp tăng doanh số gấp nhiều lần,ban-hang-cskh.kenh-phan-phoi,case_study,nguon-ben-ngoai|the-hoang-work|san-pham-moi|livestream-tiktok-shop|tang-doanh-so,2.5.5.1,Kỹ năng host & kịch bản live,,thuc-thi,case_study,vcpart,qt.san-tmdt.b,nguon-ben-ngoai|nguon-the-hoang-work|san-pham-moi|livestream|tang-doanh-so,cao,Tầng 4 (26/09),g2
6ab6f92df3ad31ef11df0d3c,"Bán hàng qua video/livestream không cần nói hay, nói to hay trôi chảy — cốt lõi là nói đúng sự thật và đúng điểm khách cần",marketing.video-ngan-tiktok|ban-hang-cskh.ky-nang-ban-hang,insight,nguon-ben-ngoai|the-hoang-work|ky-nang-ban-hang|livestream-tiktok|tao-niem-tin,2.5.5.1,Kỹ năng host & kịch bản live,,thuc-thi,insight,vcpart,qt.san-tmdt.b,nguon-ben-ngoai|nguon-the-hoang-work|livestream|tao-niem-tin,cao,Tầng 4 (26/09),g1
6ab6f971f3ad31ef11df0d4c,"Trình bày giảm giá đáng tin trên live: giảm mức vừa phải, có lý do cụ thể, kể cả hơi vòng vo",ban-hang-cskh.ky-nang-ban-hang,framework,nguon-ben-ngoai|the-hoang-work|giam-gia-khuyen-mai|livestream-tiktok-shop|niem-tin-khach-hang,2.5.5.1,Kỹ năng host & kịch bản live,,thuc-thi,framework,vcpart,qt.san-tmdt.b,nguon-ben-ngoai|nguon-the-hoang-work|giam-gia-khuyen-mai|livestream|niem-tin-khach-hang,cao,Tầng 4 (26/09),g2
6ab6f977f3ad31ef11df0d4d,"Niềm tin vào người bán quyết định chuyển đổi video/livestream; video cần bằng chứng cụ thể đúng một mục tiêu, không cần liệt kê hết tính năng",ban-hang-cskh.ky-nang-ban-hang|marketing.tam-ly-khach-hang,insight,nguon-ben-ngoai|the-hoang-work|tao-niem-tin|ky-nang-ban-hang|noi-dung-video,2.5.5.1,Kỹ năng host & kịch bản live,1.4.3,thuc-thi,insight,vcpart,qt.san-tmdt.b,nguon-ben-ngoai|nguon-the-hoang-work|tao-niem-tin|noi-dung-video,cao,Tầng 4 (26/09),g2
6ab6f9c1f3ad31ef11df0d5e,"Chủ động tương tác, gọi tên khách và quan sát comment để giữ chân người xem live",ban-hang-cskh.ky-nang-ban-hang,framework,nguon-ben-ngoai|the-hoang-work|tuong-tac-livestream|giu-mat-xem|goi-ten-khach,2.5.5.1,Kỹ năng host & kịch bản live,,thuc-thi,framework,vcpart,qt.san-tmdt.b,nguon-ben-ngoai|nguon-the-hoang-work|tuong-tac-livestream|giu-mat-xem|goi-ten-khach,cao,Tầng 4 (26/09),g2
6ab6fa04f3ad31ef11df0d6d,"Học kịch bản livestream nhanh nhất bằng cách phân tích live của người khác, thay vì live cày giờ mù quáng",ban-hang-cskh.ky-nang-ban-hang|ban-hang-cskh.kenh-phan-phoi,framework,nguon-ben-ngoai|the-hoang-work|kich-ban-livestream|livestream-tiktok|ky-nang-ban-hang,2.5.5.1,Kỹ năng host & kịch bản live,1.4.3,thuc-thi,framework,vcpart,qt.san-tmdt.b,nguon-ben-ngoai|nguon-the-hoang-work|kich-ban-livestream|livestream,cao,Tầng 4 (26/09),g2
6ab6fa07f3ad31ef11df0d6e,"Chào hỏi ngay khi có khách vào live, không chờ đủ số lượng, và giữ chân 5-10 phút đầu",ban-hang-cskh.ky-nang-ban-hang,framework,nguon-ben-ngoai|the-hoang-work|mo-dau-livestream|chao-hoi-khach|giu-mat-xem,2.5.5.1,Kỹ năng host & kịch bản live,,thuc-thi,framework,vcpart,qt.san-tmdt.b,nguon-ben-ngoai|nguon-the-hoang-work|mo-dau-livestream|chao-hoi-khach|giu-mat-xem,cao,Tầng 4 (26/09),g2
6ab6fa43f3ad31ef11df0d7a,Copy kịch bản người khác vẫn không ra đơn vì thiếu niềm tin; cốt lõi không phải kịch bản cầu kỳ mà là giá trị và uy tín thật,ban-hang-cskh.ky-nang-ban-hang|marketing.video-ngan-tiktok,insight,nguon-ben-ngoai|the-hoang-work|tao-niem-tin|kich-ban-livestream|ky-nang-ban-hang,2.5.5.1,Kỹ năng host & kịch bản live,1.4.3,thuc-thi,insight,vcpart,qt.san-tmdt.b,nguon-ben-ngoai|nguon-the-hoang-work|tao-niem-tin|kich-ban-livestream,cao,Tầng 4 (26/09),g2
6ab6fa58f3ad31ef11df0d80,"Kỹ thuật kích thích comment trong live: giữ lại thông tin để khách phải hỏi, và hạ giá dần đến mức gây sốc",ban-hang-cskh.ky-nang-ban-hang,framework,nguon-ben-ngoai|the-hoang-work|kich-thich-comment|livestream-tiktok-shop|deal-1k,2.5.5.1,Kỹ năng host & kịch bản live,,thuc-thi,framework,vcpart,qt.san-tmdt.b,nguon-ben-ngoai|nguon-the-hoang-work|kich-thich-comment|livestream|deal-1k,cao,Tầng 4 (26/09),g2
6ab6fa74f3ad31ef11df0d84,"Ngoại hình người bán là lợi thế nhưng không quyết định — quan trọng hơn là chọn sản phẩm phù hợp và giữ gọn gàng, sạch sẽ",marketing.chan-dung-khach-hang|ban-hang-cskh.ky-nang-ban-hang,insight,nguon-ben-ngoai|the-hoang-work|tiktok-shop|livestream|xay-dung-thuong-hieu-ca-nhan,2.5.5.1,Kỹ năng host & kịch bản live,,thuc-thi,insight,vcpart,qt.san-tmdt.b,nguon-ben-ngoai|nguon-the-hoang-work|tiktok-shop|livestream|xay-dung-thuong-hieu-ca-nhan,cao,Tầng 4 (26/09),g1
6ab6fa85f3ad31ef11df0d88,"Livestream bán hàng không cần kể chuyện dài — người xem ra vào liên tục nên lặp lại vòng lặp ngắn: tính năng, giá, công dụng",ban-hang-cskh.kenh-phan-phoi|marketing.video-ngan-tiktok|ban-hang-cskh.ky-nang-ban-hang,lesson,nguon-ben-ngoai|the-hoang-work|livestream-tiktok|ky-nang-ban-hang|kich-ban-livestream,2.5.5.1,Kỹ năng host & kịch bản live,1.4.3,thuc-thi,lesson,vcpart,qt.san-tmdt.b,nguon-ben-ngoai|nguon-the-hoang-work|livestream|kich-ban-livestream,cao,Tầng 4 (26/09),g2
6ab6faa2f3ad31ef11df0d92,"Dùng tính năng tặng xu, minigame đếm ngược và đấu giá trực tiếp trên TikTok Live để tăng tương tác",marketing.video-ngan-tiktok|ban-hang-cskh.ky-nang-ban-hang,insight,nguon-ben-ngoai|the-hoang-work|tinh-nang-tiktok-live|dau-gia-truc-tiep|tuong-tac-livestream,2.5.5.1,Kỹ năng host & kịch bản live,,thuc-thi,insight,vcpart,qt.san-tmdt.b,nguon-ben-ngoai|nguon-the-hoang-work|tinh-nang-tiktok-live|dau-gia-truc-tiep|tuong-tac-livestream,cao,Tầng 4 (26/09),g1
6ab6fac9f3ad31ef11df0d94,Chỉn chu hình ảnh và điều chỉnh phong cách theo tệp khách hàng mục tiêu giúp tăng tỷ lệ chuyển đổi khi bán hàng TikTok Shop,marketing.chan-dung-khach-hang|ban-hang-cskh.ky-nang-ban-hang,insight,nguon-ben-ngoai|the-hoang-work|tiktok-shop|livestream|chan-dung-khach-hang,2.5.5.1,Kỹ năng host & kịch bản live,1.2.1,thuc-thi,insight,vcpart,qt.san-tmdt.b,nguon-ben-ngoai|nguon-the-hoang-work|tiktok-shop|livestream,cao,Tầng 4 (26/09),g1
6ab6fad8f3ad31ef11df0d98,"Giữ giọng khi livestream dài giờ: dùng hơi bụng, chỉ gào ở đoạn cao trào, và biết dừng nghỉ để bảo vệ sức khỏe cổ họng",ban-hang-cskh.ky-nang-ban-hang|nganh-o-to.huong-nghiep-nganh-o-to,framework,nguon-ben-ngoai|the-hoang-work|livestream-tiktok|suc-khoe-nguoi-live|ky-nang-ban-hang,2.5.5.1,Kỹ năng host & kịch bản live,,thuc-thi,framework,vcpart,qt.san-tmdt.b,nguon-ben-ngoai|nguon-the-hoang-work|livestream|suc-khoe-nguoi-live,cao,Tầng 4 (26/09),g2
6ab6faebf3ad31ef11df0d9c,"Phong cách livestream đa dạng đều có thể hiệu quả: cận cảnh sản phẩm, nhẹ nhàng, gay gắt, khai thác thế mạnh cá nhân — miễn tương tác được với khách",ban-hang-cskh.kenh-phan-phoi|ban-hang-cskh.ky-nang-ban-hang,insight,nguon-ben-ngoai|the-hoang-work|livestream-tiktok|ky-nang-ban-hang|tuong-tac-khach-hang,2.5.5.1,Kỹ năng host & kịch bản live,,thuc-thi,insight,vcpart,qt.san-tmdt.b,nguon-ben-ngoai|nguon-the-hoang-work|livestream|tuong-tac-khach-hang,cao,Tầng 4 (26/09),g2
6ab6fafaf3ad31ef11df0da2,"6 lý do khách ở lại xem live: đúng nhu cầu, có lý do chờ đợi, nói cuốn, thấy sản phẩm thật, deal tốt, hiệu ứng đám đông",marketing.video-ngan-tiktok,framework,nguon-ben-ngoai|the-hoang-work|giu-mat-xem|livestream-tiktok-shop|thuong-hieu-ca-nhan,2.5.5.1,Kỹ năng host & kịch bản live,,thuc-thi,framework,vcpart,qt.san-tmdt.b,nguon-ben-ngoai|nguon-the-hoang-work|giu-mat-xem|livestream|thuong-hieu-ca-nhan,cao,Tầng 4 (26/09),g1
6ab6fb0af3ad31ef11df0da4,Lộ mặt hay giấu mặt khi quay video/livestream không quyết định việc bán được hàng — quan trọng là nội dung thuyết phục và uy tín,marketing.video-ngan-tiktok,insight,nguon-ben-ngoai|the-hoang-work|tiktok-shop|quay-video|livestream,2.5.5.1,Kỹ năng host & kịch bản live,1.4.3,thuc-thi,insight,vcpart,qt.san-tmdt.b,nguon-ben-ngoai|nguon-the-hoang-work|tiktok-shop|quay-video|livestream,cao,Tầng 4 (26/09),g1
6ab6fb1cf3ad31ef11df0da6,"Mẹo chống nói nhịu, vấp khi live (há to miệng, khởi động môi) và giải pháp thuê người dẫn khi chủ shop mệt hoặc chưa tự tin",ban-hang-cskh.ky-nang-ban-hang|marketing.video-ngan-tiktok,framework,nguon-ben-ngoai|the-hoang-work|livestream-tiktok|ky-nang-noi|van-hanh-shop,2.5.5.1,Kỹ năng host & kịch bản live,,thuc-thi,framework,vcpart,qt.san-tmdt.b,nguon-ben-ngoai|nguon-the-hoang-work|livestream|ky-nang-noi|van-hanh-shop,cao,Tầng 4 (26/09),g2
6ab6fb3ff3ad31ef11df0dae,Case study: livestream dưới 10 mắt xem vẫn bán được 50-64 đơn/ngày nhờ tập trung vào chốt đơn,ban-hang-cskh.kenh-phan-phoi,case_study,nguon-ben-ngoai|the-hoang-work|tiktok-shop|livestream-ban-hang|kien-tri,2.5.5.1,Kỹ năng host & kịch bản live,,thuc-thi,case_study,vcpart,qt.san-tmdt.b,nguon-ben-ngoai|nguon-the-hoang-work|tiktok-shop|livestream|kien-tri,cao,Tầng 4 (26/09),g2
6ab6fbf0f3ad31ef11df0dd4,"2 kiểu livestream bán hàng: ""deal sốc"" chốt nhanh nhưng dễ huỷ đơn, ""tư vấn"" chậm nhưng chắc",marketing.video-ngan-tiktok,insight,nguon-ben-ngoai|the-hoang-work|livestream-tiktok|chien-thuat-ban-hang|gia-ao,2.5.5.1,Kỹ năng host & kịch bản live,,thuc-thi,insight,vcpart,qt.san-tmdt.b,nguon-ben-ngoai|nguon-the-hoang-work|livestream|chien-thuat-ban-hang|gia-ao,cao,Tầng 4 (26/09),g1
6ab6fc2af3ad31ef11df0ddd,"Vượt nỗi sợ camera khi bán hàng livestream: luyện đều đặn, hiểu sâu sản phẩm, không chờ tự tin mới bắt đầu, và tránh live khi tâm lý tiêu cực",ban-hang-cskh.ky-nang-ban-hang|marketing.video-ngan-tiktok,lesson,nguon-ben-ngoai|the-hoang-work|livestream-tiktok|ky-nang-ban-hang|tam-ly-ban-hang,2.5.5.1,Kỹ năng host & kịch bản live,,thuc-thi,lesson,vcpart,qt.san-tmdt.b,nguon-ben-ngoai|nguon-the-hoang-work|livestream|tam-ly-ban-hang,cao,Tầng 4 (26/09),g2
6ab6fcebf3ad31ef11df0df9,"Tăng tỷ lệ chuyển đổi trong live: nói đúng cốt lõi sản phẩm, cầm sản phẩm rõ nét, lời chốt có tính kêu gọi, và cảm xúc trong giọng nói",ban-hang-cskh.ky-nang-ban-hang,framework,nguon-ben-ngoai|the-hoang-work|livestream-tiktok|ty-le-chuyen-doi|ky-nang-ban-hang,2.5.5.1,Kỹ năng host & kịch bản live,2.2.4,thuc-thi,framework,vcpart,qt.san-tmdt.b,nguon-ben-ngoai|nguon-the-hoang-work|livestream|ty-le-chuyen-doi,cao,Nhánh ky-nang-ban-hang nhưng là kỹ năng host live → 2.5.5 | Tầng 4 (26/09),g2
6ab6fd43f3ad31ef11df0e00,"Xử lý khách chê giá đắt trong live: khẳng định giá trị, phớt lờ/chặn người dìm hàng, không bao giờ trả treo hay giục khách sang chỗ khác",ban-hang-cskh.dam-phan|ban-hang-cskh.ky-nang-ban-hang,framework,nguon-ben-ngoai|the-hoang-work|livestream-tiktok|xu-ly-tinh-huong|cham-soc-khach-hang,2.5.5.1,Kỹ năng host & kịch bản live,2.2.4,thuc-thi,framework,vcpart,qt.san-tmdt.b,nguon-ben-ngoai|nguon-the-hoang-work|livestream|xu-ly-tinh-huong,cao,Nhánh dam-phan nhưng thực chất xử lý chê giá trong live → 2.5.5 | Tầng 4 (26/09),g2
6ab7320ee8a762a4385a53a5,"4 công cụ tạo tính khẩn cấp trong livestream TikTok: giá chớp nhoáng, ưu đãi chớp nhoáng, quà 0 đồng, flash sale toàn shop",marketing.video-ngan-tiktok|marketing.quang-cao-tra-phi,concept,nguon-ben-ngoai|dam-van-tuan|livestream-ban-hang|flash-sale|cong-cu-live,2.5.5.1,Kỹ năng host & kịch bản live,,thuc-thi,concept,vcpart,qt.san-tmdt.b,nguon-ben-ngoai|nguon-dam-van-tuan|livestream|flash-sale|cong-cu-live,cao,Tầng 4 (26/09),g1
6ab6aaaef3ad31ef11df0ca4,"Tăng video và livestream trước, trong ngày sale: 120 video/7 ngày và live tối thiểu 4 tiếng x 2 phiên",marketing.video-ngan-tiktok|marketing.quang-cao-tra-phi,framework,nguon-ben-ngoai|hoang-comme|chuan-bi-sale|livestream|tiktok-shop,2.5.5.2,Xây đội & vận hành phiên live,1.4.1,van-hanh,framework,vcpart,qt.san-tmdt.b,nguon-ben-ngoai|nguon-hoang-comme|chuan-bi-sale|livestream|tiktok-shop,cao,Tầng 4 (26/09),g1
6ab6ab7bf3ad31ef11df0cc6,Live GMV Max không có mắt xem: 6 hướng xử lý gốc rễ thay vì chỉ đẩy view,marketing.video-ngan-tiktok,framework,nguon-ben-ngoai|hoang-comme|live-gmv-max|livestream|gmv-max,2.5.5.2,Xây đội & vận hành phiên live,2.5.4,thuc-thi,framework,vcpart,qt.san-tmdt.b,nguon-ben-ngoai|nguon-hoang-comme|live-gmv-max|livestream|gmv-max,cao,Tầng 4 (26/09),g1
6ab6ac2ef3ad31ef11df0cdf,Scale doanh thu bằng livestream in-house và tận dụng KOC cũ thay vì chỉ dựa vào video,ban-hang-cskh.kenh-phan-phoi,insight,nguon-ben-ngoai|hoang-comme|livestream|koc|tiktok-shop,2.5.5.2,Xây đội & vận hành phiên live,,thiet-ke,insight,vcpart,qt.san-tmdt.b,nguon-ben-ngoai|nguon-hoang-comme|livestream|affiliate-koc|tiktok-shop,cao,Tầng 4 (26/09),g2
6ab6f844f3ad31ef11df0d06,"Mắt xem livestream TikTok Shop không tỉ lệ thuận với view video hay số follow, mà phụ thuộc độ trưởng thành kênh, sản phẩm và kỹ năng dẫn live",ban-hang-cskh.kenh-phan-phoi|ban-hang-cskh.ky-nang-ban-hang,insight,nguon-ben-ngoai|the-hoang-work|livestream-tiktok|ky-nang-ban-hang|ban-hang-tiktok-shop,2.5.5.2,Xây đội & vận hành phiên live,1.3.4,nhap-mon,insight,vcpart,qt.san-tmdt.b,nguon-ben-ngoai|nguon-the-hoang-work|livestream|ban-hang-tiktok-shop,cao,Tầng 4 (26/09),g2
6ab6f948f3ad31ef11df0d43,"Tự đánh giá lại video và phiên livestream để tìm điểm yếu: ánh sáng, chỉ số báo cáo, tương tác khách hàng",ban-hang-cskh.ky-nang-ban-hang,framework,nguon-ben-ngoai|the-hoang-work|livestream-ban-hang|danh-gia-video|tuong-tac-khach-hang,2.5.5.2,Xây đội & vận hành phiên live,,van-hanh,framework,vcpart,qt.san-tmdt.b,nguon-ben-ngoai|nguon-the-hoang-work|livestream|danh-gia-video|tuong-tac-khach-hang,cao,Tầng 4 (26/09),g2
6ab6fa48f3ad31ef11df0d7e,"Thao tác ghim sản phẩm và giảm giá nhanh trong live TikTok Shop bằng 3 tab: khuyến mại, quản lý sản phẩm, ghim",ban-hang-cskh.kenh-phan-phoi|ban-hang-cskh.ky-nang-ban-hang,framework,nguon-ben-ngoai|the-hoang-work|livestream-tiktok|van-hanh-shop|khuyen-mai-live,2.5.5.2,Xây đội & vận hành phiên live,,thuc-thi,sop,vcpart,qt.san-tmdt.b,nguon-ben-ngoai|nguon-the-hoang-work|livestream|van-hanh-shop|khuyen-mai-live,cao,Thao tác 3 tab theo thứ tự → sop | Tầng 4 (26/09),g2
6ab6fa82f3ad31ef11df0d87,"So sánh phiên live nghìn mắt xem và phiên live vài chục mắt xem: yếu tố quyết định là sản phẩm/khuyến mại/thương hiệu, không phải kỹ năng dẫn live",ban-hang-cskh.ky-nang-ban-hang,case_study,nguon-ben-ngoai|the-hoang-work|livestream-ban-hang|toi-uu-chuyen-doi|chien-luoc-ban-hang,2.5.5.2,Xây đội & vận hành phiên live,,dieu-hanh,case_study,vcpart,qt.san-tmdt.b,nguon-ben-ngoai|nguon-the-hoang-work|livestream|toi-uu-chuyen-doi|chien-luoc-ban-hang,cao,Tầng 4 (26/09),g2
6ab6fa92f3ad31ef11df0d8d,Tỷ lệ chuyển đổi trong livestream quan trọng hơn số mắt xem,ban-hang-cskh.kenh-phan-phoi,insight,nguon-ben-ngoai|the-hoang-work|tiktok-shop|livestream-ban-hang|ty-le-chuyen-doi,2.5.5.2,Xây đội & vận hành phiên live,,dieu-hanh,insight,vcpart,qt.san-tmdt.b,nguon-ben-ngoai|nguon-the-hoang-work|tiktok-shop|livestream|ty-le-chuyen-doi,cao,Tầng 4 (26/09),g2
6ab6fb5ef3ad31ef11df0db6,"Xây tệp khách quen bằng cách làm quen dần từng khách, và dùng nhãn dán báo giờ live cố định",ban-hang-cskh.kenh-phan-phoi,framework,nguon-ben-ngoai|the-hoang-work|khach-quen|livestream-tiktok-shop|nhan-dan-live,2.5.5.2,Xây đội & vận hành phiên live,2.6.4,thuc-thi,framework,vcpart,qt.san-tmdt.b,nguon-ben-ngoai|nguon-the-hoang-work|khach-quen|livestream|nhan-dan-live,cao,Tầng 4 (26/09),g2
6ab6fb6cf3ad31ef11df0db8,"TikTok không quy định thời lượng livestream cố định; nên live đủ dài (khuyến nghị trên 1 tiếng, lý tưởng 2-3 tiếng/ngày trở lên) tùy hiệu quả và sức khỏe",ban-hang-cskh.kenh-phan-phoi|ban-hang-cskh.ky-nang-ban-hang,insight,nguon-ben-ngoai|the-hoang-work|livestream-tiktok|van-hanh-livestream|ban-hang-tiktok-shop,2.5.5.2,Xây đội & vận hành phiên live,,thuc-thi,insight,vcpart,qt.san-tmdt.b,nguon-ben-ngoai|nguon-the-hoang-work|livestream|van-hanh-livestream|ban-hang-tiktok-shop,cao,Tầng 4 (26/09),g2
6ab6fb9df3ad31ef11df0dc3,"Mega live phù hợp shop chịu chi có nền tảng vận hành sẵn; ngày sale lớn seller nhỏ nên tiếp tục bán, không ""trốn""",marketing.quang-cao-tra-phi,insight,nguon-ben-ngoai|the-hoang-work|mega-live|booking-koc|ngay-sale,2.5.5.2,Xây đội & vận hành phiên live,,dieu-hanh,insight,vcpart,qt.san-tmdt.b,nguon-ben-ngoai|nguon-the-hoang-work|mega-live|affiliate-koc|ngay-sale,cao,Tầng 4 (26/09),g1
6ab6fbacf3ad31ef11df0dc9,"Live 1 tháng không có đơn: đừng đếm thời gian đã làm, hãy xem chất lượng từng phiên (bối cảnh, góc quay, tập trung khung hình)",ban-hang-cskh.kenh-phan-phoi|ban-hang-cskh.ky-nang-ban-hang,lesson,nguon-ben-ngoai|the-hoang-work|livestream-tiktok|chat-luong-noi-dung|ky-nang-ban-hang,2.5.5.2,Xây đội & vận hành phiên live,,thuc-thi,lesson,vcpart,qt.san-tmdt.b,nguon-ben-ngoai|nguon-the-hoang-work|livestream|chat-luong-noi-dung,cao,Tầng 4 (26/09),g2
6ab6fbe9f3ad31ef11df0dd2,Không có khung giờ vàng cố định cho livestream: tự test 1 tuần đủ khung giờ để tìm giờ ra đơn tốt nhất cho ngành hàng của mình,ban-hang-cskh.ky-nang-ban-hang,framework,nguon-ben-ngoai|the-hoang-work|livestream-tiktok|khung-gio-live|van-hanh-livestream,2.5.5.2,Xây đội & vận hành phiên live,,thuc-thi,framework,vcpart,qt.san-tmdt.b,nguon-ben-ngoai|nguon-the-hoang-work|livestream|khung-gio-live|van-hanh-livestream,cao,Tầng 4 (26/09),g2
6ab6fc38f3ad31ef11df0de0,"Kỷ luật live/đăng bài đều đặn kể cả khi ít view, tính hiệu quả theo tháng-năm chứ không theo từng ngày",ban-hang-cskh.kenh-phan-phoi|ban-hang-cskh.ky-nang-ban-hang,lesson,nguon-ben-ngoai|the-hoang-work|livestream-tiktok|ky-luat-ban-hang|thuat-toan-tiktok,2.5.5.2,Xây đội & vận hành phiên live,1.3.4,dieu-hanh,lesson,vcpart,qt.san-tmdt.b,nguon-ben-ngoai|nguon-the-hoang-work|livestream|ky-luat-ban-hang|thuat-toan-tiktok,cao,Tầng 4 (26/09),g2
6ab6fc5cf3ad31ef11df0de7,"Cảnh giác bình luận giả mạo ""TikTok yêu cầu tắt live ngay"" trong lúc đang livestream — không tắt, chặn nick spam luôn",ban-hang-cskh.kenh-phan-phoi,lesson,nguon-ben-ngoai|the-hoang-work|spam-gia-mao|livestream-tiktok|an-toan-tiktok-shop,2.5.5.2,Xây đội & vận hành phiên live,,thuc-thi,lesson,vcpart,qt.san-tmdt.b,nguon-ben-ngoai|nguon-the-hoang-work|spam-gia-mao|livestream|an-toan-tiktok-shop,cao,Tầng 4 (26/09),g2
6ab6fc7ff3ad31ef11df0deb,"Không ám ảnh số mắt xem/view: đừng dán mắt theo dõi real-time, đừng để cảm xúc doanh số chi phối công việc",ban-hang-cskh.ky-nang-ban-hang,lesson,nguon-ben-ngoai|the-hoang-work|livestream-tiktok|tam-ly-ban-hang|ky-nang-ban-hang,2.5.5.2,Xây đội & vận hành phiên live,,thuc-thi,lesson,vcpart,qt.san-tmdt.b,nguon-ben-ngoai|nguon-the-hoang-work|livestream|tam-ly-ban-hang,cao,Tâm lý người live → 2.5.5 | Tầng 4 (26/09),g2
6ab6fca0f3ad31ef11df0dee,TikTok đề xuất thêm mắt xem live dựa trên 2 chỉ số: tỷ lệ giữ chân người xem và GPM (doanh số/1.000 view),ban-hang-cskh.ky-nang-ban-hang|ban-hang-cskh.kenh-phan-phoi,concept,nguon-ben-ngoai|the-hoang-work|chi-so-livestream|giu-chan-nguoi-xem|gpm|livestream-tiktok-shop,2.5.5.2,Xây đội & vận hành phiên live,1.3.4,nhap-mon,concept,vcpart,qt.san-tmdt.b,nguon-ben-ngoai|nguon-the-hoang-work|chi-so-livestream|giu-chan-nguoi-xem|gpm|livestream,cao,Tầng 4 (26/09),g2
6ab6fca8f3ad31ef11df0df3,"""Bị flop"" thường là tâm lý tự nghĩ ra, không phải thực tế — ít mắt xem vẫn ra đơn không phải là flop",ban-hang-cskh.ky-nang-ban-hang,concept,nguon-ben-ngoai|the-hoang-work|tam-ly-flop|livestream-ban-hang|kien-tri-ban-hang,2.5.5.2,Xây đội & vận hành phiên live,,nhap-mon,concept,vcpart,,nguon-ben-ngoai|nguon-the-hoang-work|tam-ly-flop|livestream|kien-tri-ban-hang,cao,Tâm lý 'flop' khi live → 2.5.5 | Tầng 4 (26/09),g2
6ab6fd0cf3ad31ef11df0dff,"""Mắt ảo"" trên live TikTok là có thật: nền tảng bơm thêm view khi kênh đuối để tạo động lực, không phản ánh khách hàng thật",marketing.video-ngan-tiktok|cong-nghe-chuyen-doi-so.phan-mem-quan-tri|ban-hang-cskh.ky-nang-ban-hang,insight,nguon-ben-ngoai|the-hoang-work|mat-ao|chi-so-livestream|livestream-tiktok-shop,2.5.5.2,Xây đội & vận hành phiên live,1.3.4,thuc-thi,insight,vcpart,qt.san-tmdt.b,nguon-ben-ngoai|nguon-the-hoang-work|mat-ao|chi-so-livestream|livestream,cao,Tầng 4 (26/09),g1
6ab6fd4af3ad31ef11df0e01,"Kênh mới live vài mắt xem là bình thường: đừng chăm chăm nhìn số mắt xem, hãy tập trung kêu gọi tương tác và luyện kỹ năng bán hàng",ban-hang-cskh.kenh-phan-phoi|ban-hang-cskh.ky-nang-ban-hang,insight,nguon-ben-ngoai|the-hoang-work|kenh-moi|mo-dau-livestream|livestream-tiktok-shop,2.5.5.2,Xây đội & vận hành phiên live,,thuc-thi,insight,vcpart,qt.san-tmdt.b,nguon-ben-ngoai|nguon-the-hoang-work|kenh-moi|mo-dau-livestream|livestream,cao,Tầng 4 (26/09),g2
6ab7313de8a762a4385a5386,"Công thức tăng mắt xem livestream TikTok: kênh chuẩn chính sách, nội dung đan xen, kỹ năng luyện tập, và quảng cáo tăng dần",marketing.video-ngan-tiktok,framework,nguon-ben-ngoai|dam-van-tuan|livestream-ban-hang|mat-xem-livestream|video-ngan-tiktok,2.5.5.2,Xây đội & vận hành phiên live,1.3.4,thuc-thi,framework,vcpart,qt.san-tmdt.b,nguon-ben-ngoai|nguon-dam-van-tuan|livestream|mat-xem-livestream,cao,Tầng 4 (26/09),g1
6ab73191e8a762a4385a5395,"Chẩn đoán livestream TikTok tụt mắt xem, ít đơn: vận hành shop, sản phẩm, nội dung/bối cảnh, tần suất, và mắt xem ""ảo"" không đáng lo",ban-hang-cskh.kenh-phan-phoi|marketing.video-ngan-tiktok,framework,nguon-ben-ngoai|dam-van-tuan|livestream-ban-hang|mat-xem-livestream|diem-van-hanh-shop,2.5.5.2,Xây đội & vận hành phiên live,2.5.2,van-hanh,framework,vcpart,qt.san-tmdt.b,nguon-ben-ngoai|nguon-dam-van-tuan|livestream|mat-xem-livestream|diem-van-hanh-shop,cao,Tầng 4 (26/09),g2
6ab69a3bf3ad31ef11df0b58,Affiliate marketing (áp-lét): 6 mô hình trả hoa hồng và cách chọn hình thức kiếm tiền trên TikTok,marketing.video-ngan-tiktok|marketing.noi-dung-mang-xa-hoi,framework,nguon-ben-ngoai|duy-muoi|affiliate-marketing|thuat-toan-phan-phoi|koc-kol,2.5.5.3,"Affiliate, KOC & booking",1.3.4,nhap-mon,framework,tap-doan,,nguon-ben-ngoai|nguon-duy-muoi|affiliate-koc|thuat-toan-phan-phoi,cao,Tầng 4 (26/09),g1
6ab6aa35f3ad31ef11df0c93,"Booking KOC chỉ hiệu quả khi đã có nền tảng: lượt bán, đánh giá, kiểm soát hàng mẫu và tiêu chí chọn KOC rõ ràng",ban-hang-cskh.kenh-phan-phoi|marketing.video-ngan-tiktok,framework,nguon-ben-ngoai|hoang-comme|koc|gmv-max|affiliate-marketing,2.5.5.3,"Affiliate, KOC & booking",,thiet-ke,framework,vcpart,qt.san-tmdt.b,nguon-ben-ngoai|nguon-hoang-comme|affiliate-koc|gmv-max,cao,Tầng 4 (26/09),g2
6ab6aa8bf3ad31ef11df0c9d,"Tỷ lệ hoàn/huỷ đơn cao do KOC/KOL: cách truy nguyên nhân, lọc KOC và giảm mất hoa hồng affiliate",ban-hang-cskh.cham-soc-khach-hang|ban-hang-cskh.kenh-phan-phoi,framework,nguon-ben-ngoai|hoang-comme|koc|gmv-max|hoan-huy-don,2.5.5.3,"Affiliate, KOC & booking",2.6.3,van-hanh,framework,vcpart,qt.san-tmdt.b,nguon-ben-ngoai|nguon-hoang-comme|affiliate-koc|gmv-max|hoan-huy-don,cao,Nhánh cham-soc nhưng gốc là lọc KOC gây hoàn đơn → 2.5.5 | Tầng 4 (26/09),g2
6ab6aaf1f3ad31ef11df0caf,Loại bỏ kênh affiliate làm nội dung phóng đại/sai sự thật để tránh mất điểm shop,ban-hang-cskh.kenh-phan-phoi|marketing.tam-ly-khach-hang,lesson,nguon-ben-ngoai|dam-van-tuan|tiktok-shop|affiliate-koc|quan-tri-danh-gia,2.5.5.3,"Affiliate, KOC & booking",2.6.2,van-hanh,lesson,vcpart,qt.san-tmdt.b,nguon-ben-ngoai|nguon-dam-van-tuan|tiktok-shop|affiliate-koc|quan-tri-danh-gia,cao,Tầng 4 (26/09),g2
6ab6ab28f3ad31ef11df0cb8,"Từ 1/7, KOC làm video sản phẩm sức khỏe/thực phẩm phải xác minh thông tin, nhiều KOC ngại nhận khiến nguồn video mới giảm",ban-hang-cskh.kenh-phan-phoi|phap-ly.quy-dinh-nganh,regulation,nguon-ben-ngoai|hoang-comme|koc|chinh-sach-san|video-ai,2.5.5.3,"Affiliate, KOC & booking",2.5.3,van-hanh,regulation,vcpart,qt.san-tmdt.b,nguon-ben-ngoai|nguon-hoang-comme|affiliate-koc|chinh-sach-san|video-ai,cao,Tầng 4 (26/09),g2
6ab6f8aaf3ad31ef11df0d21,"Benchmark hoa hồng KOC/affiliate hợp lý: 10-15% đơn tự nhiên, 3-5% đơn quảng cáo",ban-hang-cskh.dam-phan,insight,nguon-ben-ngoai|the-hoang-work|koc-affiliate|hoa-hong|tiktok-shop|dam-phan,2.5.5.3,"Affiliate, KOC & booking",2.3.3,thiet-ke,insight,vcpart,qt.san-tmdt.b,nguon-ben-ngoai|nguon-the-hoang-work|affiliate-koc|hoa-hong|tiktok-shop,cao,Nhánh dam-phan nhưng là benchmark hoa hồng KOC → 2.5.5 | Tầng 4 (26/09),g2
6ab6f8acf3ad31ef11df0d22,"Bắt đầu làm affiliate TikTok: lập kênh 1.000 follow, học theo mẫu, quay số lượng lớn",ban-hang-cskh.kenh-phan-phoi,framework,nguon-ben-ngoai|the-hoang-work|affiliate-marketing|video-affiliate|booking-koc,2.5.5.3,"Affiliate, KOC & booking",1.3.4,thuc-thi,framework,vcpart,,nguon-ben-ngoai|nguon-the-hoang-work|affiliate-koc|video-affiliate,thap,Góc nhìn người làm affiliate; có thể 1.3.4 (xây kênh) | Tầng 4 (26/09),g2
6ab6f8f2f3ad31ef11df0d32,Không trả hoa hồng affiliate kiểu 1%: cần win-win để KOC gắn bó lâu dài,ban-hang-cskh.kenh-phan-phoi,lesson,nguon-ben-ngoai|the-hoang-work|koc-affiliate|hoa-hong|tiktok-shop|quan-he-doi-tac,2.5.5.3,"Affiliate, KOC & booking",,thiet-ke,lesson,vcpart,qt.san-tmdt.b,nguon-ben-ngoai|nguon-the-hoang-work|affiliate-koc|hoa-hong|tiktok-shop|quan-he-doi-tac,cao,Tầng 4 (26/09),g2
6ab6f8f7f3ad31ef11df0d33,"Làm affiliate vẫn phải đầu tư tiền, thiết bị, chất xám — không phải ""cầm điện thoại quay là ra tiền""",ban-hang-cskh.kenh-phan-phoi,lesson,nguon-ben-ngoai|the-hoang-work|affiliate-marketing|dau-tu-thiet-bi|booking-koc,2.5.5.3,"Affiliate, KOC & booking",,dieu-hanh,lesson,vcpart,,nguon-ben-ngoai|nguon-the-hoang-work|affiliate-koc|dau-tu-thiet-bi,thap,"Góc nhìn người làm affiliate (KOC), ít liên quan trực tiếp VCPV; có thể 0.4 hoặc 5.1.4 | Tầng 4 (26/09)",g2
6ab6f92ff3ad31ef11df0d3f,"Phí sàn và giá nhập tăng buộc shop giảm hoa hồng KOC, khiến đơn tụt tạm thời",ban-hang-cskh.kenh-phan-phoi,insight,nguon-ben-ngoai|the-hoang-work|koc-affiliate|hoa-hong|tiktok-shop|chi-phi-san,2.5.5.3,"Affiliate, KOC & booking",2.5.3,dieu-hanh,insight,vcpart,,nguon-ben-ngoai|nguon-the-hoang-work|affiliate-koc|hoa-hong|tiktok-shop|chi-phi-san,cao,Tầng 4 (26/09),g2
6ab6f949f3ad31ef11df0d45,Xu hướng 2025-2026: seller phải nhờ KOC/affiliate bán hộ vì tự livestream không còn hiệu quả,ban-hang-cskh.kenh-phan-phoi,insight,nguon-ben-ngoai|the-hoang-work|xu-huong-tiktok-shop|booking-koc|affiliate-marketing,2.5.5.3,"Affiliate, KOC & booking",2.5.4,dieu-hanh,insight,vcpart,qt.san-tmdt.b,nguon-ben-ngoai|nguon-the-hoang-work|xu-huong-tiktok-shop|affiliate-koc,cao,Tầng 4 (26/09),g2
6ab6f978f3ad31ef11df0d4e,"Hạ hoa hồng KOC đột ngột và sâu: hậu quả mất niềm tin, cách KOC tự vệ",ban-hang-cskh.kenh-phan-phoi,lesson,nguon-ben-ngoai|the-hoang-work|koc-affiliate|hoa-hong|tiktok-shop|quan-he-doi-tac,2.5.5.3,"Affiliate, KOC & booking",,dieu-hanh,lesson,vcpart,qt.san-tmdt.b,nguon-ben-ngoai|nguon-the-hoang-work|affiliate-koc|hoa-hong|tiktok-shop|quan-he-doi-tac,cao,Tầng 4 (26/09),g2
6ab6f99bf3ad31ef11df0d57,Không tự quay/livestream vẫn bán được: booking KOC quay video rồi tự chạy quảng cáo,marketing.quang-cao-tra-phi|ban-hang-cskh.kenh-phan-phoi,framework,nguon-ben-ngoai|the-hoang-work|booking-koc|quang-cao-gmv-max|affiliate-marketing,2.5.5.3,"Affiliate, KOC & booking",2.5.4,thiet-ke,framework,vcpart,qt.san-tmdt.b,nguon-ben-ngoai|nguon-the-hoang-work|affiliate-koc|gmv-max,cao,Tầng 4 (26/09),g1
6ab6fa16f3ad31ef11df0d70,"Rủi ro gửi mẫu cho KOC: nhận hàng không lên clip, hoặc mua rồi hoàn trả gây hại shop",ban-hang-cskh.dam-phan|ban-hang-cskh.kenh-phan-phoi,lesson,nguon-ben-ngoai|the-hoang-work|koc-affiliate|hang-mau|rui-ro-gian-lan|tiktok-shop,2.5.5.3,"Affiliate, KOC & booking",,van-hanh,lesson,vcpart,qt.san-tmdt.b,nguon-ben-ngoai|nguon-the-hoang-work|affiliate-koc|hang-mau|rui-ro-gian-lan|tiktok-shop,cao,Nhánh dam-phan nhưng thực chất rủi ro gửi mẫu KOC → 2.5.5 | Tầng 4 (26/09),g2
6ab6fa45f3ad31ef11df0d7d,"Chi phí booking KOC/KOL: 2 loại phí cố định và % hoa hồng trên đơn, phải gắn với mục tiêu chiến dịch",ban-hang-cskh.kenh-phan-phoi,insight,nguon-ben-ngoai|the-hoang-work|booking-koc|chi-phi-quang-cao|bien-loi-nhuan,2.5.5.3,"Affiliate, KOC & booking",,thiet-ke,insight,vcpart,qt.san-tmdt.b,nguon-ben-ngoai|nguon-the-hoang-work|affiliate-koc|chi-phi-quang-cao|bien-loi-nhuan,cao,Tầng 4 (26/09),g2
6ab6fa5bf3ad31ef11df0d81,Phụ thuộc vào ít KOC là rủi ro lớn nhất: cần liên tục bổ sung KOC mới,ban-hang-cskh.kenh-phan-phoi,insight,nguon-ben-ngoai|the-hoang-work|koc-affiliate|tiktok-shop|quan-tri-rui-ro,2.5.5.3,"Affiliate, KOC & booking",,dieu-hanh,insight,vcpart,qt.san-tmdt.b,nguon-ben-ngoai|nguon-the-hoang-work|affiliate-koc|tiktok-shop|quan-tri-rui-ro,cao,Tầng 4 (26/09),g2
6ab6faa4f3ad31ef11df0d93,Tiêu chí chọn KOC để booking: ưu tiên lịch sử bán hàng thực tế và đúng tệp ngành hàng,ban-hang-cskh.kenh-phan-phoi,framework,nguon-ben-ngoai|the-hoang-work|koc-affiliate|booking-koc|tiktok-shop,2.5.5.3,"Affiliate, KOC & booking",,thuc-thi,framework,vcpart,qt.san-tmdt.b,nguon-ben-ngoai|nguon-the-hoang-work|affiliate-koc|tiktok-shop,cao,Tầng 4 (26/09),g2
6ab6faf1f3ad31ef11df0da0,Booking ít KOC chất lượng hiệu quả hơn hàng nghìn KOC miễn phí dàn trải,ban-hang-cskh.kenh-phan-phoi,lesson,nguon-ben-ngoai|the-hoang-work|koc-affiliate|booking-koc|tiktok-shop,2.5.5.3,"Affiliate, KOC & booking",,dieu-hanh,lesson,vcpart,qt.san-tmdt.b,nguon-ben-ngoai|nguon-the-hoang-work|affiliate-koc|tiktok-shop,cao,Tầng 4 (26/09),g2
6ab6fb41f3ad31ef11df0daf,Quy trình gửi mẫu miễn phí cho KOC và tiêu chí để được duyệt nhận mẫu,ban-hang-cskh.kenh-phan-phoi,framework,nguon-ben-ngoai|the-hoang-work|koc-affiliate|hang-mau|tiktok-shop|quy-trinh-van-hanh,2.5.5.3,"Affiliate, KOC & booking",,thuc-thi,sop,vcpart,qt.san-tmdt.b,nguon-ben-ngoai|nguon-the-hoang-work|affiliate-koc|hang-mau|tiktok-shop|quy-trinh-van-hanh,cao,Quy trình gửi mẫu KOC → sop | Tầng 4 (26/09),g2
6ab6fb41f3ad31ef11df0db0,"Mega live của KOL lớn: nguồn thu từ hoa hồng + phí booking nhãn hàng, doanh số cần đối chiếu với view ảo",marketing.quang-cao-tra-phi|marketing.nghien-cuu-thi-truong-doi-thu,insight,nguon-ben-ngoai|the-hoang-work|mega-live|booking-koc|livestream-tiktok,2.5.5.3,"Affiliate, KOC & booking",1.2.4,dieu-hanh,insight,vcpart,,nguon-ben-ngoai|nguon-the-hoang-work|mega-live|affiliate-koc|livestream,cao,Tầng 4 (26/09),g1
6ab6fb93f3ad31ef11df0dc1,"Thao tác quản lý affiliate trên Seller Center: đặt hoa hồng, kiểm tra doanh thu KOC, giá riêng",ban-hang-cskh.kenh-phan-phoi,framework,nguon-ben-ngoai|the-hoang-work|koc-affiliate|seller-center|tiktok-shop|huong-dan-thao-tac,2.5.5.3,"Affiliate, KOC & booking",,thuc-thi,framework,vcpart,qt.san-tmdt.b,nguon-ben-ngoai|nguon-the-hoang-work|affiliate-koc|seller-center|tiktok-shop|huong-dan-thao-tac,cao,Tầng 4 (26/09),g2
6ab6fbdef3ad31ef11df0dd0,Booking KOC livestream trả theo đơn: rẻ và hiệu quả hơn thuê nhân viên live cố định,ban-hang-cskh.kenh-phan-phoi,insight,nguon-ben-ngoai|the-hoang-work|koc-affiliate|livestream|tiktok-shop|chi-phi-van-hanh,2.5.5.3,"Affiliate, KOC & booking",2.1.2,dieu-hanh,insight,vcpart,qt.san-tmdt.b,nguon-ben-ngoai|nguon-the-hoang-work|affiliate-koc|livestream|tiktok-shop|chi-phi-van-hanh,cao,Tầng 4 (26/09),g2
6ab6fc3df3ad31ef11df0de1,"Doanh số ""trăm tỷ"" của mega live có phần bị thổi phồng do cơ chế tính cả đơn đã huỷ",marketing.video-ngan-tiktok|ban-hang-cskh.kenh-phan-phoi,insight,nguon-ben-ngoai|the-hoang-work|mega-live|doanh-so-ao|livestream-tiktok,2.5.5.3,"Affiliate, KOC & booking",1.2.4,dieu-hanh,insight,vcpart,,nguon-ben-ngoai|nguon-the-hoang-work|mega-live|doanh-so-ao|livestream,cao,Tầng 4 (26/09),g1
6ab6fc9df3ad31ef11df0ded,"Case chiến dịch marketing của KOL/nhãn hàng lớn trên TikTok Shop: bài học từ trend, quà tặng và uy tín",marketing.nghien-cuu-thi-truong-doi-thu|ban-hang-cskh.kenh-phan-phoi,case_study,nguon-ben-ngoai|the-hoang-work|chien-dich-marketing|booking-koc|livestream-tiktok,2.5.5.3,"Affiliate, KOC & booking",1.2.4,dieu-hanh,case_study,vcpart,,nguon-ben-ngoai|nguon-the-hoang-work|chien-dich-marketing|affiliate-koc|livestream,thap,Tổng hợp case chiến dịch KOL trên sàn; có thể 1.2.4 nếu xem là quan sát thị trường | Tầng 4 (26/09),g1
6ab6fcf9f3ad31ef11df0dfb,"Video gắn giỏ hàng bị nền tảng hạn chế view do là nội dung thương mại; đánh giá KOC/kênh phải xem doanh số, không chỉ nhìn view",marketing.video-ngan-tiktok|ban-hang-cskh.kenh-phan-phoi,insight,nguon-ben-ngoai|the-hoang-work|chinh-sach-tiktok|booking-koc|video-ngan-tiktok,2.5.5.3,"Affiliate, KOC & booking",1.3.4,thuc-thi,insight,vcpart,qt.san-tmdt.b,nguon-ben-ngoai|nguon-the-hoang-work|chinh-sach-san|affiliate-koc,cao,Tầng 4 (26/09),g1
6ab7300de8a762a4385a5353,"Kiểm tra chỉ số KOL/KOC trước khi mời, quản lý sau khi hợp tác",ban-hang-cskh.kenh-phan-phoi,framework,nguon-ben-ngoai|dam-van-tuan|tiktok-shop|tiep-thi-lien-ket|quan-ly-koc,2.5.5.3,"Affiliate, KOC & booking",,thuc-thi,framework,vcpart,qt.san-tmdt.b,nguon-ben-ngoai|nguon-dam-van-tuan|tiktok-shop|affiliate-koc|quan-ly-koc,cao,Tầng 4 (26/09),g2
6ab7303de8a762a4385a535b,Cài hoa hồng riêng cho từng affiliate và hoa hồng đơn quảng cáo,ban-hang-cskh.kenh-phan-phoi,concept,nguon-ben-ngoai|dam-van-tuan|tiktok-shop|tiep-thi-lien-ket|hoa-hong-affiliate,2.5.5.3,"Affiliate, KOC & booking",,thuc-thi,concept,vcpart,qt.san-tmdt.b,nguon-ben-ngoai|nguon-dam-van-tuan|tiktok-shop|affiliate-koc|hoa-hong-affiliate,cao,Tầng 4 (26/09),g2
6ab73074e8a762a4385a5361,Tạo voucher và flash sale độc quyền riêng cho KOL/KOC,ban-hang-cskh.kenh-phan-phoi,framework,nguon-ben-ngoai|dam-van-tuan|tiktok-shop|tiep-thi-lien-ket|flash-sale,2.5.5.3,"Affiliate, KOC & booking",,thuc-thi,framework,vcpart,qt.san-tmdt.b,nguon-ben-ngoai|nguon-dam-van-tuan|tiktok-shop|affiliate-koc|flash-sale,cao,Tầng 4 (26/09),g2
6ab730b8e8a762a4385a536d,Vừa bán sản phẩm riêng vừa bán affiliate: lợi ích và cách chuyển đổi kênh,ban-hang-cskh.kenh-phan-phoi,insight,nguon-ben-ngoai|dam-van-tuan|tiktok-shop|tiep-thi-lien-ket|xay-kenh-tiktok,2.5.5.3,"Affiliate, KOC & booking",1.3.4,thiet-ke,insight,vcpart,,nguon-ben-ngoai|nguon-dam-van-tuan|tiktok-shop|affiliate-koc|xay-kenh-tiktok,cao,Tầng 4 (26/09),g2
6ab6f925f3ad31ef11df0d3b,Livestream cơ bản cho người mới: không gian – ánh sáng – cách cầm sản phẩm – tư thế tự nhiên thay vì ngồi cứng nhắc,ban-hang-cskh.kenh-phan-phoi|ban-hang-cskh.ky-nang-ban-hang,framework,nguon-ben-ngoai|the-hoang-work|livestream-tiktok|ky-nang-ban-hang|quay-video-ban-hang,2.5.5.4,Setup phòng live & kỹ thuật,,nhap-mon,framework,vcpart,qt.san-tmdt.b,nguon-ben-ngoai|nguon-the-hoang-work|livestream|quay-video-ban-hang,cao,Tầng 4 (26/09),g2
6ab6f968f3ad31ef11df0d4a,"Nội dung quan trọng hơn thiết bị xịn: phiên live trăm triệu, tiền tỷ vẫn có thể chạy trên thiết bị bình dân",marketing.video-ngan-tiktok|ban-hang-cskh.ky-nang-ban-hang,insight,nguon-ben-ngoai|the-hoang-work|livestream-tiktok|quay-video-ban-hang|ky-nang-ban-hang,2.5.5.4,Setup phòng live & kỹ thuật,1.4.3,thuc-thi,insight,vcpart,qt.san-tmdt.b,nguon-ben-ngoai|nguon-the-hoang-work|livestream|quay-video-ban-hang,cao,Tầng 4 (26/09),g1
6ab6f986f3ad31ef11df0d50,"Trend livestream làm mờ hình ảnh để câu view chỉ tăng lượt xem chứ không tăng đơn, còn gây khó chịu cho khách",marketing.video-ngan-tiktok,insight,nguon-ben-ngoai|the-hoang-work|livestream-ban-hang|ty-le-chuyen-doi|trend-tiktok,2.5.5.4,Setup phòng live & kỹ thuật,,thuc-thi,insight,vcpart,qt.san-tmdt.b,nguon-ben-ngoai|nguon-the-hoang-work|livestream|ty-le-chuyen-doi|trend-tiktok,cao,Tầng 4 (26/09),g1
6ab6f9acf3ad31ef11df0d59,Livestream cùng lúc bằng 2 điện thoại không vi phạm chính sách TikTok: khác góc hình và khác nguồn âm thanh,marketing.video-ngan-tiktok,framework,nguon-ben-ngoai|the-hoang-work|livestream-tiktok|chinh-sach-tiktok-shop|van-hanh-shop,2.5.5.4,Setup phòng live & kỹ thuật,2.5.3,thuc-thi,framework,vcpart,qt.san-tmdt.b,nguon-ben-ngoai|nguon-the-hoang-work|livestream|chinh-sach-san|van-hanh-shop,cao,Tầng 4 (26/09),g1
6ab6fa86f3ad31ef11df0d89,Cài đặt trước phiên live TikTok để tránh bị giới hạn 10 phút và hạn chế hiển thị theo độ tuổi,ban-hang-cskh.kenh-phan-phoi|marketing.video-ngan-tiktok,framework,nguon-ben-ngoai|the-hoang-work|livestream-tiktok|chinh-sach-tiktok-shop|van-hanh-shop,2.5.5.4,Setup phòng live & kỹ thuật,2.5.3,thuc-thi,framework,vcpart,qt.san-tmdt.b,nguon-ben-ngoai|nguon-the-hoang-work|livestream|chinh-sach-san|van-hanh-shop,cao,Tầng 4 (26/09),g2
6ab6fb53f3ad31ef11df0db3,"Cách livestream/quay video bán hàng giấu mặt vẫn chuyển đổi tốt: live cam sau, quay tay và cận cảnh sản phẩm",marketing.video-ngan-tiktok,framework,nguon-ben-ngoai|the-hoang-work|tiktok-shop|livestream|quay-video,2.5.5.4,Setup phòng live & kỹ thuật,1.4.3,thuc-thi,framework,vcpart,qt.san-tmdt.b,nguon-ben-ngoai|nguon-the-hoang-work|tiktok-shop|livestream|quay-video,cao,Tầng 4 (26/09),g1
6ab6fb96f3ad31ef11df0dc2,"Dùng dòng chữ giới thiệu/nhắc lại khuyến mại trên màn hình live, và không để sản phẩm bị che khuất",ban-hang-cskh.kenh-phan-phoi|marketing.video-ngan-tiktok,framework,nguon-ben-ngoai|the-hoang-work|giao-dien-livestream|nhac-lai-thong-tin|livestream-tiktok-shop,2.5.5.4,Setup phòng live & kỹ thuật,,thuc-thi,framework,vcpart,qt.san-tmdt.b,nguon-ben-ngoai|nguon-the-hoang-work|giao-dien-livestream|nhac-lai-thong-tin|livestream,cao,Tầng 4 (26/09),g2
6ab731d6e8a762a4385a539f,"Thiết lập kỹ thuật và kỹ năng dẫn livestream bán hàng TikTok: cài đặt phiên live, không bí ý tưởng, chèn hình minh hoạ, luyện tự nhiên trước ống kính",ban-hang-cskh.kenh-phan-phoi|marketing.video-ngan-tiktok,framework,nguon-ben-ngoai|dam-van-tuan|livestream-ban-hang|ky-nang-live|video-ngan-tiktok,2.5.5.4,Setup phòng live & kỹ thuật,,thuc-thi,framework,vcpart,qt.san-tmdt.b,nguon-ben-ngoai|nguon-dam-van-tuan|livestream|ky-nang-live,cao,Tầng 4 (26/09),g2
6ab6aad6f3ad31ef11df0caa,"Ba công cụ dữ liệu TikTok Shop cần dùng: Bảng dữ liệu doanh thu, Video Cost Report và Market Scope",cong-nghe-chuyen-doi-so.du-lieu-phan-tich,concept,nguon-ben-ngoai|hoang-comme|tiktok-market-scope|bao-cao-doanh-thu|roi-quang-cao,2.5.6,Đối soát & báo cáo sàn,2.5.4|5.7.2,thuc-thi,concept,vcpart,qt.san-tmdt.d,nguon-ben-ngoai|nguon-hoang-comme|tiktok-market-scope|bao-cao-doanh-thu|roi-quang-cao,cao,Map mặc định du-lieu-phan-tich → 5.7.2 nhưng đây là công cụ báo cáo của sàn nên để 2.5.6,g4
6ab6fbf0f3ad31ef11df0dd3,Cách tra cứu đơn hàng bị phạt cân nặng trong báo cáo quyết toán TikTok Shop,ke-toan.ke-toan-quan-tri|tai-chinh.quan-tri-dong-tien,framework,nguon-ben-ngoai|the-hoang-work|phi-van-chuyen|chinh-sach-tiktok-shop|dong-goi,2.5.6,Đối soát & báo cáo sàn,6.4.3,thuc-thi,sop,vcpart,qt.san-tmdt.d,nguon-ben-ngoai|nguon-the-hoang-work|phi-van-chuyen|chinh-sach-san|dong-goi,cao,Ngoài mảng 3: thao tác đối soát trên sàn; đổi type sang sop vì là hướng dẫn từng bước.,g3
6ab6fff5f3ad31ef11df0e19,Quy trình đối chiếu mã vận đơn hoàn giữa file xuất từ Seller Center và thực tế nhận từ shipper để phát hiện đơn thất lạc,ke-toan.chung-tu-quy-trinh,framework,nguon-ben-ngoai|the-hoang-work|don-hang-hoan|doi-chieu-van-don|kiem-soat-that-thoat,2.5.6,Đối soát & báo cáo sàn,3.7.4,thuc-thi,sop,vcpart,qt.san-tmdt.d,nguon-ben-ngoai|nguon-the-hoang-work|don-hang-hoan|doi-chieu-van-don|kiem-soat-that-thoat,cao,Ngoài mảng 3: đối soát vận hành sàn; đổi type sang sop.,g3
6ab69c53f3ad31ef11df0b9d,"Không tự ý từ chối khách: báo trưởng ca, đáp ứng vượt mong đợi và giữ bình tĩnh khi khách sai",ban-hang-cskh.cham-soc-khach-hang,lesson,nguon-ben-ngoai|anh-anh-tudo|cham-soc-khach-hang|quan-tri-cam-xuc|quan-ly-cong-viec,2.6.1,Quy trình CSKH & kênh hỗ trợ,,thuc-thi,lesson,tap-doan,,nguon-ben-ngoai|nguon-anh-anh-tudo|quan-tri-cam-xuc|quan-ly-cong-viec,cao,,g2
6ab6a9eff3ad31ef11df0c87,Bị giảm hiển thị 3 tuần vì đánh giá xấu: quy trình xử lý phản hồi tiêu cực và SLA CSKH trên TikTok Shop,ban-hang-cskh.cham-soc-khach-hang,framework,nguon-ben-ngoai|hoang-comme|tiktok-shop|danh-gia-khach-hang|sla-cskh,2.6.1,Quy trình CSKH & kênh hỗ trợ,2.6.2,thiet-ke,framework,vcpart,qt.san-tmdt.c,nguon-ben-ngoai|nguon-hoang-comme|tiktok-shop|danh-gia-khach-hang|sla-cskh,cao,,g2
6ab6fc12f3ad31ef11df0dd9,Không xin thông tin khách qua chat TikTok Shop; tính năng xem SĐT có thể bị hạn chế khi bị 1 sao,ban-hang-cskh.cham-soc-khach-hang,regulation,nguon-ben-ngoai|the-hoang-work|chinh-sach-tiktok|cham-soc-khach-hang|vi-pham-chinh-sach,2.6.1,Quy trình CSKH & kênh hỗ trợ,2.5.3,thuc-thi,regulation,vcpart,qt.san-tmdt.c,nguon-ben-ngoai|nguon-the-hoang-work|chinh-sach-san|vi-pham-chinh-sach,cao,,g2
6ab4b928b1c921b0a784dbda,"Xử lý khiếu nại ở gara: gara nhận lỗi như một tổ chức, phân định trách nhiệm nội bộ sau, từ chối khéo khách ăn vạ",ban-hang-cskh.cham-soc-khach-hang|nganh-o-to.dich-vu-garage,framework,xu-ly-khieu-nai|trai-nghiem-khach-hang|thai-do-phuc-vu|nguon-ben-ngoai|goc-gara,2.6.2,Xử lý khiếu nại & đánh giá xấu,0.3.2,van-hanh,framework,vcservice,qt.dich-vu-xuong.d,nguon-ben-ngoai|nguon-goc-gara|xu-ly-khieu-nai|trai-nghiem-khach-hang|thai-do-phuc-vu,cao,,g2
6ab69cb4f3ad31ef11df0bb2,Khách giàu thật thường lịch sự nhất; thiếu tôn trọng nhân viên nhiều nhất lại đến từ người đi xin việc,ban-hang-cskh.cham-soc-khach-hang,insight,nguon-ben-ngoai|anh-anh-tudo|cham-soc-khach-hang|van-hoa-doanh-nghiep|tuyen-dung,2.6.2,Xử lý khiếu nại & đánh giá xấu,1.2.3,dieu-hanh,insight,tap-doan,,nguon-ben-ngoai|nguon-anh-anh-tudo|ung-xu-khach-hang,thap,Nhận xét về thái độ khách + cách xử lý khách bùng tiền; có thể 1.2.3,g2
6ab6a233f3ad31ef11df0c5f,"Xử lý khách hàng nổi giận: xin lỗi ngay và hành động cụ thể, đừng biện minh trước khi khách hạ nhiệt",ban-hang-cskh.cham-soc-khach-hang,case_study,nguon-ben-ngoai|goc-ghe-hang-a|xu-ly-khieu-nai|cskh|tri-tue-cam-xuc,2.6.2,Xử lý khiếu nại & đánh giá xấu,,thuc-thi,case_study,tap-doan,,nguon-ben-ngoai|nguon-goc-ghe-hang-a|xu-ly-khieu-nai|cskh|tri-tue-cam-xuc,cao,,g2
6ab6ab1ff3ad31ef11df0cb7,Bị nghi ngờ hàng giả do đánh giá tiêu cực: đàm phán hoàn tiền một phần và chuẩn bị giấy tờ kháng nghị trong 30 ngày,phap-ly.quy-dinh-nganh,lesson,nguon-ben-ngoai|hoang-comme|tiktok-shop|hang-gia|hoan-tra-hang,2.6.2,Xử lý khiếu nại & đánh giá xấu,2.5.3,thuc-thi,lesson,vcpart,qt.san-tmdt.c,nguon-ben-ngoai|nguon-hoang-comme|tiktok-shop|hang-gia|hoan-tra-hang,cao,,g4
6ab6f7e8f3ad31ef11df0cf4,"Quy trình xử lý đánh giá 1 sao: gọi điện xin lỗi khách trước, xin sửa lại rồi mới kháng nghị TikTok",ban-hang-cskh.cham-soc-khach-hang,framework,nguon-ben-ngoai|the-hoang-work|danh-gia-1-sao|cham-soc-khach-hang|tiktok-shop,2.6.2,Xử lý khiếu nại & đánh giá xấu,,thuc-thi,sop,vcpart,qt.san-tmdt.c,nguon-ben-ngoai|nguon-the-hoang-work|danh-gia-1-sao|tiktok-shop,cao,Quy trình xử lý 1 sao theo bước → sop,g2
6ab6f826f3ad31ef11df0d04,"TikTok Shop cho phép khách sửa đánh giá 1 sao lên 5 sao, thời hạn sửa thực tế dài hơn 24h",phap-ly.quy-dinh-nganh,regulation,nguon-ben-ngoai|the-hoang-work|danh-gia-1-sao|tiktok-shop|chinh-sach-san,2.6.2,Xử lý khiếu nại & đánh giá xấu,2.5.3,thuc-thi,regulation,vcpart,qt.san-tmdt.c,nguon-ben-ngoai|nguon-the-hoang-work|danh-gia-1-sao|tiktok-shop|chinh-sach-san,cao,,g4
6ab6f860f3ad31ef11df0d0e,Xử lý 1 sao và hoàn hàng từ gốc: kiểm tra chất lượng sản phẩm và loại KOC quảng cáo sai sự thật,ban-hang-cskh.cham-soc-khach-hang,insight,nguon-ben-ngoai|the-hoang-work|danh-gia-1-sao|hoan-hang|koc,2.6.2,Xử lý khiếu nại & đánh giá xấu,,dieu-hanh,insight,vcpart,,nguon-ben-ngoai|nguon-the-hoang-work|danh-gia-1-sao|hoan-hang|affiliate-koc,cao,,g2
6ab6f89af3ad31ef11df0d1d,"Kháng nghị tỷ lệ đánh giá tiêu cực cao 3 bước: bồi thường khách, xin đánh giá lại, nộp bằng chứng cho sàn",phap-ly.quy-dinh-nganh|ban-hang-cskh.cham-soc-khach-hang,framework,nguon-ben-ngoai|the-hoang-work|khang-nghi|danh-gia-1-sao|tiktok-shop,2.6.2,Xử lý khiếu nại & đánh giá xấu,2.5.3,thuc-thi,sop,vcpart,qt.san-tmdt.c,nguon-ben-ngoai|nguon-the-hoang-work|khang-nghi|danh-gia-1-sao|tiktok-shop,cao,Đổi type framework → sop vì là quy trình 3 bước,g4
6ab6f8e6f3ad31ef11df0d2e,"Kháng nghị đánh giá 1 sao khi khách xác nhận đánh giá nhầm, im lặng không phản hồi, hoặc đánh giá sai sự thật",ban-hang-cskh.cham-soc-khach-hang,framework,nguon-ben-ngoai|the-hoang-work|khang-nghi|danh-gia-1-sao|bao-cao-danh-gia,2.6.2,Xử lý khiếu nại & đánh giá xấu,,thuc-thi,framework,vcpart,qt.san-tmdt.c,nguon-ben-ngoai|nguon-the-hoang-work|khang-nghi|danh-gia-1-sao|bao-cao-danh-gia,cao,,g2
6ab6f92ff3ad31ef11df0d3e,Kèm tờ giấy xin đánh giá 5 sao và ghi to số điện thoại trong đơn để giảm 1 sao oan do hiểu lầm,ban-hang-cskh.cham-soc-khach-hang,framework,nguon-ben-ngoai|the-hoang-work|danh-gia-1-sao|xin-danh-gia|cham-soc-khach-hang,2.6.2,Xử lý khiếu nại & đánh giá xấu,6.4.3,thuc-thi,framework,vcpart,qt.san-tmdt.c,nguon-ben-ngoai|nguon-the-hoang-work|danh-gia-1-sao|xin-danh-gia,cao,,g2
6ab6fa34f3ad31ef11df0d76,"Không cãi tay đôi với khách dù bị chê trách, vì khách bức xúc có thể trả thù bằng nhiều đơn đánh giá xấu",ban-hang-cskh.cham-soc-khach-hang,lesson,nguon-ben-ngoai|the-hoang-work|cham-soc-khach-hang|danh-gia-1-sao|ung-xu-khach-hang,2.6.2,Xử lý khiếu nại & đánh giá xấu,,thuc-thi,lesson,vcpart,qt.san-tmdt.c,nguon-ben-ngoai|nguon-the-hoang-work|danh-gia-1-sao|ung-xu-khach-hang,cao,,g2
6ab6fa91f3ad31ef11df0d8c,"Khách dùng gần hết hàng vẫn đòi đổi, dọa 1 sao: chấp nhận buông khách khó tính, coi là rủi ro nghề",ban-hang-cskh.cham-soc-khach-hang,lesson,nguon-ben-ngoai|the-hoang-work|khach-hang-kho-tinh|danh-gia-1-sao|cham-soc-khach-hang,2.6.2,Xử lý khiếu nại & đánh giá xấu,,van-hanh,lesson,vcpart,qt.san-tmdt.c,nguon-ben-ngoai|nguon-the-hoang-work|khach-hang-kho-tinh|danh-gia-1-sao,cao,,g2
6ab6fae8f3ad31ef11df0d9b,"Thủ đoạn khách chơi xấu: báo thiếu hàng giả, bom hàng, xù kèo đền bù sau khi đã nhận tiền",ban-hang-cskh.cham-soc-khach-hang,insight,nguon-ben-ngoai|the-hoang-work|gian-lan-khach-hang|bom-hang|hoan-hang,2.6.2,Xử lý khiếu nại & đánh giá xấu,2.6.3,van-hanh,insight,vcpart,qt.san-tmdt.c,nguon-ben-ngoai|nguon-the-hoang-work|gian-lan-khach-hang|bom-hang|hoan-hang,cao,,g2
6ab6fbd5f3ad31ef11df0dce,"KOC tâng bốc, phóng đại combo là nguồn gốc chính gây đánh giá 1 sao và huỷ đơn",ban-hang-cskh.cham-soc-khach-hang|ban-hang-cskh.kenh-phan-phoi,insight,nguon-ben-ngoai|the-hoang-work|koc|danh-gia-1-sao|affiliate-marketing,2.6.2,Xử lý khiếu nại & đánh giá xấu,2.5.5,van-hanh,insight,vcpart,qt.san-tmdt.b,nguon-ben-ngoai|nguon-the-hoang-work|affiliate-koc|danh-gia-1-sao,cao,,g2
6ab6fc5bf3ad31ef11df0de6,"Xử lý khủng hoảng truyền thông: xin lỗi nhanh và dừng ngay, không nên biện minh kéo dài hoặc phóng đại sản phẩm",ban-hang-cskh.cham-soc-khach-hang,lesson,nguon-ben-ngoai|the-hoang-work|khung-hoang-truyen-thong|livestream|uy-tin-thuong-hieu,2.6.2,Xử lý khiếu nại & đánh giá xấu,1.1.3,dieu-hanh,lesson,tap-doan,,nguon-ben-ngoai|nguon-the-hoang-work|khung-hoang-truyen-thong|livestream|uy-tin-thuong-hieu,cao,,g2
6ab6aa78f3ad31ef11df0c9a,Khiếu nại thành công đơn trả hàng hoàn tiền: quay video đóng gói/mở hàng làm bằng chứng bắt buộc,ban-hang-cskh.cham-soc-khach-hang,lesson,nguon-ben-ngoai|dam-van-tuan|tiktok-shop|khieu-nai-tra-hang|cham-soc-khach-hang,2.6.3,Bảo hành & đổi trả cho khách,6.4.3,thuc-thi,lesson,vcpart,qt.san-tmdt.c,nguon-ben-ngoai|nguon-dam-van-tuan|tiktok-shop|khieu-nai-tra-hang,cao,,g2
6ab6f86bf3ad31ef11df0d11,"TikTok Shop bỏ cho kiểm tra hàng trước thanh toán làm tăng hoàn hàng, cần chủ động nhắc khách",ban-hang-cskh.kenh-phan-phoi|ban-hang-cskh.cham-soc-khach-hang,insight,nguon-ben-ngoai|the-hoang-work|tiktok-shop|hoan-hang|livestream|cham-soc-khach-hang,2.6.3,Bảo hành & đổi trả cho khách,2.5.3,thuc-thi,insight,vcpart,qt.san-tmdt.c,nguon-ben-ngoai|nguon-the-hoang-work|tiktok-shop|hoan-hang|livestream,cao,,g2
6ab4b962b1c921b0a784dbe1,"Chăm sóc khách bằng kết nối tình cảm cá nhân, không chỉ gọi báo khuyến mại",ban-hang-cskh.cham-soc-khach-hang|marketing.tam-ly-khach-hang,lesson,cham-soc-sau-ban|ket-noi-cam-xuc|giu-chan-khach|nguon-ben-ngoai|do-xuan-tung,2.6.4,Khách hàng thân thiết & tái mua,,thuc-thi,lesson,tap-doan,,nguon-ben-ngoai|nguon-do-xuan-tung|cham-soc-sau-ban|ket-noi-cam-xuc|giu-chan-khach,cao,,g2
6ab4b963b1c921b0a784dbe3,"Chăm sóc khách lớn: đừng đua quà vật chất, hãy tạo dấu ấn cá nhân bằng giá trị tinh thần, kiến thức, kết nối",ban-hang-cskh.cham-soc-khach-hang|marketing.tam-ly-khach-hang,lesson,cham-soc-khach-vip|qua-tang|dau-an-ca-nhan|nguon-ben-ngoai|do-xuan-tung,2.6.4,Khách hàng thân thiết & tái mua,,thuc-thi,lesson,tap-doan,,nguon-ben-ngoai|nguon-do-xuan-tung|cham-soc-khach-vip|qua-tang|dau-an-ca-nhan,cao,,g2
6ab4ba06b1c921b0a784dc0b,"Tăng giá trị cho khách B2B để không phải giảm giá: tình thân, thông tin thị trường, hướng dẫn bán ra và chiều khách có giới hạn",ban-hang-cskh.cham-soc-khach-hang|ban-hang-cskh.kenh-phan-phoi|ban-hang-cskh.ky-nang-ban-hang,framework,b2b|cham-soc-dai-ly|tang-gia-tri|khong-giam-gia|nguon-ben-ngoai|do-xuan-tung,2.6.4,Khách hàng thân thiết & tái mua,2.4.3,thuc-thi,framework,tap-doan,qt.ban-hang-b2b.d,nguon-ben-ngoai|nguon-do-xuan-tung|b2b|cham-soc-dai-ly|tang-gia-tri|khong-giam-gia,cao,,g2
6ab69f79f3ad31ef11df0c33,"P3 quản trị bán hàng là làm cho mọi bước mua trở nên thuận tiện hơn, từ nhớ mặt khách đến bán theo gói",ban-hang-cskh.cham-soc-khach-hang,concept,nguon-ben-ngoai|tran-manh-hung|quan-tri-ban-hang|trai-nghiem-khach-hang,2.6.4,Khách hàng thân thiết & tái mua,1.2.2,thiet-ke,concept,tap-doan,,nguon-ben-ngoai|nguon-tran-manh-hung|quan-tri-ban-hang|trai-nghiem-khach-hang,thap,P3 quản trị bán hàng = làm thuận tiện việc mua; có thể 1.2.2 (điểm chạm) hoặc 2.1.1,g2
6ab6a269f3ad31ef11df0c64,"Chăm sóc khách bằng giá trị cảm xúc thật lòng, không đánh giá khách qua vẻ ngoài",ban-hang-cskh.cham-soc-khach-hang,lesson,nguon-ben-ngoai|goc-ghe-hang-a|cham-soc-khach-hang|xay-dung-long-tin|ban-hang,2.6.4,Khách hàng thân thiết & tái mua,,thuc-thi,lesson,tap-doan,,nguon-ben-ngoai|nguon-goc-ghe-hang-a|xay-dung-long-tin|ban-hang,cao,,g2
6ab6f7e8f3ad31ef11df0cf5,Giữ khách quay lại mua tiếp quan trọng hơn chạy theo từng đơn lẻ trên TikTok Shop,ban-hang-cskh.cham-soc-khach-hang,insight,nguon-ben-ngoai|the-hoang-work|tiktok-shop|cham-soc-khach-hang|remarketing|khach-hang-quay-lai,2.6.4,Khách hàng thân thiết & tái mua,,dieu-hanh,insight,vcpart,,nguon-ben-ngoai|nguon-the-hoang-work|tiktok-shop|remarketing|khach-hang-quay-lai,cao,,g2
6ab4b97eb1c921b0a784dbeb,"Gọi hỏi ""anh chị có hài lòng không"" sau bán cho số liệu sai; hỏi ""vì sao anh chị mua"" sau chốt mới ra sự thật",ban-hang-cskh.cham-soc-khach-hang|marketing.tam-ly-khach-hang,insight,khao-sat-hai-long|cham-soc-sau-ban|tam-ly-khach-hang|nguon-ben-ngoai|do-xuan-tung,2.6.5,"Đo lường (NPS, tỷ lệ giữ chân)",1.2.5,thiet-ke,insight,tap-doan,,nguon-ben-ngoai|nguon-do-xuan-tung|khao-sat-hai-long|cham-soc-sau-ban,cao,,g2
6ab73db4b43e7b02a2eab68a,"Nếu doanh thu hàng tháng từ khách cũ dưới 40%, mô hình kinh doanh đang nguy hiểm vì chi phí tìm khách mới rất cao",ban-hang-cskh.cham-soc-khach-hang,insight,nguon-ben-ngoai|tran-manh-hung|giu-chan-khach-hang|quan-ly-khung-hoang|uy-tin-thuong-hieu,2.6.5,"Đo lường (NPS, tỷ lệ giữ chân)",2.6.4,dieu-hanh,insight,tap-doan,,nguon-ben-ngoai|nguon-tran-manh-hung|giu-chan-khach-hang|quan-ly-khung-hoang|uy-tin-thuong-hieu,cao,,g2
6ab4b9c4b1c921b0a784dbfc,"Lập kế hoạch kinh doanh gara: từ số xe và giá trị bình quân mỗi nhóm dịch vụ đến định biên, quỹ lương và lợi nhuận, đối chiếu nhiều chiều",tai-chinh.ngan-sach-ke-hoach|nganh-o-to.dich-vu-garage,framework,ke-hoach-kinh-doanh|mo-gara|quy-luong|dinh-bien|nguon-ben-ngoai|goc-gara,3.1.1,Kế hoạch KD & ngân sách năm/tháng,0.3.4,thiet-ke,framework,vcservice,,nguon-ben-ngoai|nguon-goc-gara|ke-hoach-kinh-doanh|mo-gara|quy-luong|dinh-bien,cao,,g3
6ab69287f3ad31ef11df0aa6,"Mô hình tài chính quán ăn: từ vốn đầu tư, giá vốn nguyên liệu đến lợi nhuận theo công suất bán",tai-chinh.ngan-sach-ke-hoach,case_study,nguon-ben-ngoai|co-chinh-qttc|mo-hinh-tai-chinh-fnb|gia-von|diem-hoa-von,3.1.1,Kế hoạch KD & ngân sách năm/tháng,5.1.2,thiet-ke,case_study,tap-doan,,nguon-ben-ngoai|nguon-co-chinh-qttc|mo-hinh-tai-chinh-fnb|gia-von|diem-hoa-von,cao,Case mô hình tài chính ngành khác (F&B); có thể 5.1.2.,g3
6ab692d3f3ad31ef11df0ab4,7 bước lập kế hoạch lợi nhuận: từ thống kê định phí/biến phí đến chốt kịch bản doanh thu-chi phí,tai-chinh.ngan-sach-ke-hoach,framework,nguon-ben-ngoai|co-chinh-qttc|ke-hoach-loi-nhuan|dinh-phi-bien-phi|ngan-sach-ke-hoach,3.1.1,Kế hoạch KD & ngân sách năm/tháng,,thiet-ke,sop,tap-doan,,nguon-ben-ngoai|nguon-co-chinh-qttc|ke-hoach-loi-nhuan|dinh-phi-bien-phi,cao,Đổi type sang sop vì là quy trình 7 bước.,g3
6ab692d7f3ad31ef11df0ab7,Mô hình F&B vốn nhỏ: dùng thẻ hội viên/trả trước để tăng lợi nhuận ổn định ngoài bán lẻ,tai-chinh.ngan-sach-ke-hoach,case_study,nguon-ben-ngoai|co-chinh-qttc|mo-hinh-tai-chinh-fnb|khoi-nghiep-von-nho|chinh-sach-khach-hang,3.1.1,Kế hoạch KD & ngân sách năm/tháng,5.1.2,thiet-ke,case_study,tap-doan,,nguon-ben-ngoai|nguon-co-chinh-qttc|mo-hinh-tai-chinh-fnb|khoi-nghiep-von-nho|chinh-sach-khach-hang,cao,Case mô hình tài chính ngành khác (F&B); có thể 5.1.2 nếu coi là đơn vị kinh tế.,g3
6ab69321f3ad31ef11df0ac4,"Kế hoạch lợi nhuận: đặt mục tiêu số tiền thực nhận, không phải mục tiêu doanh số",tai-chinh.ngan-sach-ke-hoach,concept,nguon-ben-ngoai|co-chinh-qttc|ke-hoach-loi-nhuan|muc-tieu-tai-chinh|kiem-soat-chi-phi,3.1.1,Kế hoạch KD & ngân sách năm/tháng,,nhap-mon,concept,tap-doan,,nguon-ben-ngoai|nguon-co-chinh-qttc|ke-hoach-loi-nhuan|muc-tieu-tai-chinh|kiem-soat-chi-phi,cao,,g3
6ab693d8f3ad31ef11df0af1,"Mô hình tài chính: thiết kế trước khi vận hành, giống thiết kế nhà trước khi thi công",tai-chinh.ngan-sach-ke-hoach|tai-chinh.quan-tri-dong-tien,framework,nguon-ben-ngoai|co-chinh-qttc|mo-hinh-tai-chinh|diem-hoa-von|quan-tri-truoc-trong-sau,3.1.1,Kế hoạch KD & ngân sách năm/tháng,5.1.2,thiet-ke,framework,tap-doan,,nguon-ben-ngoai|nguon-co-chinh-qttc|mo-hinh-tai-chinh|diem-hoa-von|quan-tri-truoc-trong-sau,cao,,g3
6ab693f4f3ad31ef11df0af7,"Quy trình lập kế hoạch tài chính năm: từ doanh thu, nhân sự, chi phí đến dòng tiền, và rà soát giữa năm",tai-chinh.ngan-sach-ke-hoach|tai-chinh.phan-tich-tai-chinh,framework,nguon-ben-ngoai|chi-gai-ke-toan|ke-hoach-tai-chinh|dong-tien,3.1.1,Kế hoạch KD & ngân sách năm/tháng,,thiet-ke,sop,tap-doan,,nguon-ben-ngoai|nguon-chi-gai-ke-toan|ke-hoach-tai-chinh|dong-tien,cao,Đổi type sang sop vì là trình tự lập kế hoạch từng bước.,g3
6ab69470f3ad31ef11df0b17,"CFO hợp nhất kế hoạch phòng ban thành kế hoạch tài chính, làm ngắn hạn trước dài hạn",tai-chinh.ngan-sach-ke-hoach,framework,nguon-ben-ngoai|co-chinh-qttc|ke-hoach-tai-chinh|bao-cao-tai-chinh|cfo,3.1.1,Kế hoạch KD & ngân sách năm/tháng,,thiet-ke,framework,tap-doan,,nguon-ben-ngoai|nguon-co-chinh-qttc|ke-hoach-tai-chinh|bao-cao-tai-chinh|cfo,cao,,g3
6ab69c80f3ad31ef11df0ba6,"Tăng trưởng phải theo năng lực thực của bộ máy, không theo mơ ước — scale sai tốc độ làm giảm lợi nhuận",tai-chinh.ngan-sach-ke-hoach|nhan-su-quan-tri.lanh-dao-quan-ly-doi-ngu,lesson,nguon-ben-ngoai|tran-manh-hung|tang-truong|ke-hoach-kinh-doanh|quan-tri-nguon-luc,3.1.1,Kế hoạch KD & ngân sách năm/tháng,5.1.3,dieu-hanh,lesson,tap-doan,,nguon-ben-ngoai|nguon-tran-manh-hung|tang-truong|ke-hoach-kinh-doanh|quan-tri-nguon-luc,cao,,g3
6ab69ef7f3ad31ef11df0c20,"Đặt mục tiêu kế hoạch: suy ngược từ lợi nhuận, 3 phương án Maximum-Minimum-Mong muốn, mục tiêu phải cụ thể bằng số và toàn diện",tai-chinh.ngan-sach-ke-hoach,framework,nguon-ben-ngoai|tran-manh-hung|ke-hoach-kinh-doanh|quan-tri-loi-nhuan|dat-muc-tieu,3.1.1,Kế hoạch KD & ngân sách năm/tháng,,thiet-ke,framework,tap-doan,,nguon-ben-ngoai|nguon-tran-manh-hung|ke-hoach-kinh-doanh|quan-tri-loi-nhuan|dat-muc-tieu,cao,,g3
6ab69f55f3ad31ef11df0c30,"Xác định nguồn lực bằng số cụ thể (tiền, người, công nghệ, thời gian) trước khi lập kế hoạch — không nghĩ cách làm khi chưa rõ nguồn lực",tai-chinh.ngan-sach-ke-hoach,framework,nguon-ben-ngoai|tran-manh-hung|quan-tri-nguon-luc|ngan-sach-marketing|ke-hoach-kinh-doanh,3.1.1,Kế hoạch KD & ngân sách năm/tháng,5.1.3,thiet-ke,framework,tap-doan,,nguon-ben-ngoai|nguon-tran-manh-hung|quan-tri-nguon-luc|ngan-sach-marketing|ke-hoach-kinh-doanh,cao,,g3
6ab73dbab43e7b02a2eab68c,"Đặt mục tiêu tăng trưởng khoa học: chọn giữa ngưỡng khả thi và ngưỡng khát vọng, dựa trên lợi thế cạnh tranh thực và đích đến đo lường được",tai-chinh.ngan-sach-ke-hoach,framework,nguon-ben-ngoai|tran-manh-hung|dat-muc-tieu|ke-hoach-tang-truong|chi-so-do-luong,3.1.1,Kế hoạch KD & ngân sách năm/tháng,5.1.3,dieu-hanh,framework,tap-doan,,nguon-ben-ngoai|nguon-tran-manh-hung|dat-muc-tieu|ke-hoach-tang-truong|chi-so-do-luong,cao,,g3
6ab6935bf3ad31ef11df0acf,Vì sao kinh doanh cảm tính thất bại: cần trải nghiệm mô hình tài chính trên giấy trước khi bỏ vốn thật,tai-chinh.quan-tri-dong-tien,insight,nguon-ben-ngoai|co-chinh-qttc|mo-hinh-tai-chinh|khoi-nghiep|quan-tri-rui-ro,3.1.2,Dự báo doanh thu – chi phí,3.4.2,dieu-hanh,insight,tap-doan,,nguon-ben-ngoai|nguon-co-chinh-qttc|mo-hinh-tai-chinh|khoi-nghiep|quan-tri-rui-ro,cao,,g3
6ab69380f3ad31ef11df0adb,Kế hoạch tài chính là kịch bản mô phỏng thử sai trước khi chi tiền thật,tai-chinh.ngan-sach-ke-hoach,framework,nguon-ben-ngoai|co-chinh-qttc|mo-hinh-tai-chinh|ke-hoach-tai-chinh|quan-tri-rui-ro,3.1.2,Dự báo doanh thu – chi phí,3.1.1,thiet-ke,framework,tap-doan,,nguon-ben-ngoai|nguon-co-chinh-qttc|mo-hinh-tai-chinh|ke-hoach-tai-chinh|quan-tri-rui-ro,cao,,g3
6ab691b5f3ad31ef11df0a81,Đặt hạn mức chi phí theo % doanh thu cho từng khoản mục để kiểm soát lợi nhuận,tai-chinh.ngan-sach-ke-hoach,framework,nguon-ben-ngoai|co-chinh-qttc|han-muc-chi-phi|quan-tri-chi-phi|loi-nhuan,3.1.3,Kiểm soát chi phí & phê duyệt chi,,thiet-ke,framework,tap-doan,,nguon-ben-ngoai|nguon-co-chinh-qttc|han-muc-chi-phi|quan-tri-chi-phi|loi-nhuan,cao,,g3
6ab691bbf3ad31ef11df0a82,Doanh thu tăng nhưng vẫn thiếu tiền: khi không bóc tách lợi nhuận theo kênh và không kiểm soát quỹ lương,tai-chinh.quan-tri-dong-tien,case_study,nguon-ben-ngoai|co-chinh-qttc|quan-tri-chi-phi|dong-tien|quy-luong|loi-nhuan-thuc,3.1.3,Kiểm soát chi phí & phê duyệt chi,3.3.4,dieu-hanh,case_study,tap-doan,,nguon-ben-ngoai|nguon-co-chinh-qttc|quan-tri-chi-phi|dong-tien|quy-luong|loi-nhuan-thuc,cao,,g3
6ab691caf3ad31ef11df0a83,"Luật chơi tài chính: chia doanh thu 100% thành các biên (nhân sự, giá vốn, chi phí, lợi nhuận) trước khi bung ra bán",tai-chinh.phan-tich-tai-chinh,framework,nguon-ben-ngoai|co-chinh-qttc|phan-bo-doanh-thu|quan-tri-tai-chinh|chinh-sach-gia,3.1.3,Kiểm soát chi phí & phê duyệt chi,3.3.5,thiet-ke,framework,tap-doan,,nguon-ben-ngoai|nguon-co-chinh-qttc|phan-bo-doanh-thu|chinh-sach-gia,cao,,g3
6ab692cdf3ad31ef11df0ab2,"Quản trị tài chính là gì: kiểm soát chi phí theo hạn mức/định mức trên giá bán để giữ lợi nhuận, không chỉ là ""chi tiêu tiết kiệm""",tai-chinh.quan-tri-dong-tien,concept,nguon-ben-ngoai|co-chinh-qttc|quan-tri-tai-chinh|quan-tri-chi-phi|loi-nhuan-thuc,3.1.3,Kiểm soát chi phí & phê duyệt chi,,nhap-mon,concept,tap-doan,,nguon-ben-ngoai|nguon-co-chinh-qttc|quan-tri-chi-phi|loi-nhuan-thuc,cao,,g3
6ab6923ff3ad31ef11df0a96,Tách hạn mức chi phí theo phòng ban/kênh bán/nhóm sản phẩm để tiến tới giao khoán,tai-chinh.ngan-sach-ke-hoach,framework,nguon-ben-ngoai|co-chinh-qttc|han-muc-chi-phi|giao-khoan-chi-phi|mo-hinh-tai-chinh,3.1.4,Ngân sách theo division & dự án,3.1.3,thiet-ke,framework,tap-doan,,nguon-ben-ngoai|nguon-co-chinh-qttc|han-muc-chi-phi|giao-khoan-chi-phi|mo-hinh-tai-chinh,cao,,g3
6ab73d85b43e7b02a2eab681,"Lợi nhuận công ty không phải tiền cá nhân của chủ: tự trả lương, trích quỹ dự phòng, tách bạch vai trò",tai-chinh.quan-tri-dong-tien|ke-toan.ke-toan-quan-tri,framework,nguon-ben-ngoai|tran-manh-hung|quan-tri-dong-tien|ke-toan-quan-tri|tra-luong-chu-doanh-nghiep,3.2,"Dòng tiền, công nợ & vốn lưu động",5.2.3,dieu-hanh,framework,tap-doan,,nguon-ben-ngoai|nguon-tran-manh-hung|tra-luong-chu-doanh-nghiep,thap,Không có node tầng 3 khớp hẳn; có thể 3.2.5 (quỹ dự phòng) hoặc 5.2.3 (tách vai trò cổ đông – điều hành).,g3
6ab4ba5cb1c921b0a784dc24,"Gara lãi trên sổ vẫn có thể chết vì dòng tiền: công nợ bảo hiểm 30–45 ngày, tồn kho và tiền thuê trả trước",tai-chinh.quan-tri-dong-tien|nganh-o-to.dich-vu-garage,case_study,dong-tien|cong-no|bao-hiem-xe|von-luu-dong|nguon-ben-ngoai|goc-gara,3.2.1,Kế hoạch & theo dõi dòng tiền,0.3.1,dieu-hanh,case_study,vcservice,,nguon-ben-ngoai|nguon-goc-gara|dong-tien|cong-no|bao-hiem-xe|von-luu-dong,cao,,g3
6ab69230f3ad31ef11df0a93,"Lợi nhuận khác dòng tiền vì luôn tồn tại công nợ phải thu, phải trả; dòng tiền âm dù có lãi không phải lúc nào cũng xấu",tai-chinh.quan-tri-dong-tien,concept,nguon-ben-ngoai|chi-gai-ke-toan|dong-tien|loi-nhuan|cong-no,3.2.1,Kế hoạch & theo dõi dòng tiền,,nhap-mon,concept,tap-doan,,nguon-ben-ngoai|nguon-chi-gai-ke-toan|dong-tien|loi-nhuan|cong-no,cao,,g3
6ab69437f3ad31ef11df0b0a,"Lợi nhuận ≠ dòng tiền: vì sao ""có lãi"" mà vẫn cạn tiền, và vì sao ""có tiền"" mà vẫn lỗ",tai-chinh.quan-tri-dong-tien|ke-toan.ke-toan-tai-chinh,concept,nguon-ben-ngoai|co-chinh-qttc|loi-nhuan-vs-dong-tien|cong-no|ton-kho,3.2.1,Kế hoạch & theo dõi dòng tiền,,nhap-mon,concept,tap-doan,,nguon-ben-ngoai|nguon-co-chinh-qttc|loi-nhuan-vs-dong-tien|cong-no|ton-kho,cao,,g3
6ab69492f3ad31ef11df0b1a,"Dòng tiền là mạch sống doanh nghiệp: kiểm soát độ trễ giữa dòng vào và dòng ra, lập kế hoạch để luôn dương",tai-chinh.quan-tri-dong-tien,framework,nguon-ben-ngoai|co-chinh-qttc|dong-tien|ke-hoach-tai-chinh|chung-tu-ke-toan,3.2.1,Kế hoạch & theo dõi dòng tiền,,thiet-ke,framework,tap-doan,,nguon-ben-ngoai|nguon-co-chinh-qttc|dong-tien|ke-hoach-tai-chinh|chung-tu-ke-toan,cao,,g3
6ab694c3f3ad31ef11df0b23,Dự trữ tiền mặt tối thiểu 10-20% tổng chi hàng tháng để tránh mất uy tín và gãy vận hành,tai-chinh.quan-tri-dong-tien,lesson,nguon-ben-ngoai|co-chinh-qttc|du-tru-tien-mat|ke-hoach-thu-chi|dong-tien,3.2.1,Kế hoạch & theo dõi dòng tiền,,dieu-hanh,lesson,tap-doan,,nguon-ben-ngoai|nguon-co-chinh-qttc|du-tru-tien-mat|ke-hoach-thu-chi|dong-tien,cao,,g3
6ab69c6ff3ad31ef11df0ba5,"Không có kế hoạch bán hàng và sản xuất thì không thể dự đoán dòng tiền, dẫn đến chi tiêu tùy hứng",tai-chinh.quan-tri-dong-tien,insight,nguon-ben-ngoai|tran-manh-hung|ke-hoach-ban-hang|quan-tri-dong-tien|ke-hoach-san-xuat,3.2.1,Kế hoạch & theo dõi dòng tiền,3.1.2,dieu-hanh,insight,tap-doan,,nguon-ben-ngoai|nguon-tran-manh-hung|ke-hoach-ban-hang|ke-hoach-san-xuat,cao,,g3
6ab69cbff3ad31ef11df0bb5,"""Lãi giả lỗ thật"": dòng tiền dương lớn không có nghĩa doanh nghiệp đang có lãi",tai-chinh.quan-tri-dong-tien|tai-chinh.phan-tich-tai-chinh,concept,nguon-ben-ngoai|tran-manh-hung|lai-gia-lo-that|quan-tri-dong-tien|loi-nhuan-thuc,3.2.1,Kế hoạch & theo dõi dòng tiền,3.3.2,nhap-mon,concept,tap-doan,,nguon-ben-ngoai|nguon-tran-manh-hung|lai-gia-lo-that|loi-nhuan-thuc,cao,,g3
6ab6924df3ad31ef11df0a99,Công nợ khách hàng không đối chiếu định kỳ: vì sao nên giao thu hồi nợ cho kinh doanh chứ không phải kế toán,tai-chinh.quan-tri-dong-tien|ban-hang-cskh.cham-soc-khach-hang,case_study,nguon-ben-ngoai|co-chinh-qttc|quan-tri-cong-no|dong-tien,3.2.2,Công nợ phải thu & thu hồi nợ,,thiet-ke,case_study,tap-doan,qt.ban-hang-b2b.d,nguon-ben-ngoai|nguon-co-chinh-qttc|quan-tri-cong-no|dong-tien,cao,,g3
6ab69201f3ad31ef11df0a8a,"Lỗ thủng dòng tiền từ tồn kho: xác định min-max, phân loại ABC và trích dự phòng theo ngày tồn",tai-chinh.quan-tri-dong-tien|nganh-o-to.phu-tung,insight,nguon-ben-ngoai|co-chinh-qttc|quan-tri-ton-kho|dong-tien|phan-loai-abc,3.2.4,"Vốn lưu động & tồn kho (CCC, DIO)",6.4.2,thiet-ke,insight,tap-doan|vcpart,,nguon-ben-ngoai|nguon-co-chinh-qttc|quan-tri-ton-kho|dong-tien|phan-loai-abc,cao,,g3
6ab6924ef3ad31ef11df0a9a,"Đánh giá rủi ro công nợ và chiếm dụng vốn bằng cách so sánh cặp tài khoản phải thu (131) với phải trả (331), không nhìn riêng lẻ",tai-chinh.quan-tri-dong-tien,framework,nguon-ben-ngoai|chi-gai-ke-toan|cong-no|chiem-dung-von|dong-tien,3.2.4,"Vốn lưu động & tồn kho (CCC, DIO)",3.2.2,dieu-hanh,framework,tap-doan,,nguon-ben-ngoai|nguon-chi-gai-ke-toan|cong-no|chiem-dung-von|dong-tien,cao,,g3
6ab6f93df3ad31ef11df0d40,"Không ôm hàng số lượng lớn chỉ để được chiết khấu khi mới bán, dễ tồn kho hàng trăm triệu",tai-chinh.quan-tri-dong-tien,lesson,nguon-ben-ngoai|the-hoang-work|quan-ly-ton-kho|nhap-hang|chiet-khau,3.2.4,"Vốn lưu động & tồn kho (CCC, DIO)",6.1.1,dieu-hanh,lesson,vcpart,qt.mua-hang.a,nguon-ben-ngoai|nguon-the-hoang-work|quan-ly-ton-kho|nhap-hang|chiet-khau,cao,,g3
6ab6f9a5f3ad31ef11df0d58,"Tính vốn lưu động cho bán hàng trên sàn theo chu kỳ giữ tiền của sàn, và tận dụng công nợ nhà cung cấp",tai-chinh.quan-tri-dong-tien|ke-toan.ke-toan-quan-tri,framework,nguon-ben-ngoai|the-hoang-work|von-luu-dong|dong-tien|cong-no-nha-cung-cap,3.2.4,"Vốn lưu động & tồn kho (CCC, DIO)",2.5.1,thiet-ke,framework,vcpart,,nguon-ben-ngoai|nguon-the-hoang-work|von-luu-dong|dong-tien|cong-no-nha-cung-cap,cao,,g3
6ab69358f3ad31ef11df0acc,"Ngưỡng báo cáo giao dịch cho Ngân hàng Nhà nước: chỉ áp dụng với tổ chức tài chính hoặc ngành đặc thù, không áp dụng giữa 2 cá nhân",phap-ly.quy-dinh-nganh,regulation,nguon-ben-ngoai|chi-gai-ke-toan|ngan-hang-nha-nuoc|giao-dich-dien-tu,3.2.5,"Quỹ, thanh toán & ngân hàng giao dịch",,nhap-mon,regulation,tap-doan,,nguon-ben-ngoai|nguon-chi-gai-ke-toan|ngan-hang-nha-nuoc|giao-dich-dien-tu,cao,,g4
6ab6940cf3ad31ef11df0afe,"7 rủi ro tiền mặt, tiền gửi ngân hàng phổ biến ở doanh nghiệp vừa và nhỏ: nguyên nhân tiền mặt ảo và giải pháp xử lý",tai-chinh.quan-tri-dong-tien|ke-toan.ke-toan-tai-chinh,framework,nguon-ben-ngoai|chi-gai-ke-toan|tien-mat-ao|dong-tien|rui-ro-tai-chinh,3.2.5,"Quỹ, thanh toán & ngân hàng giao dịch",3.7.4,thiet-ke,framework,tap-doan,,nguon-ben-ngoai|nguon-chi-gai-ke-toan|tien-mat-ao|dong-tien|rui-ro-tai-chinh,cao,,g3
6ab69425f3ad31ef11df0b03,"5 tư duy kế toán cần đổi để trở thành tham mưu chiến lược, từ bị động sang chủ động kiểm soát",ke-toan.ke-toan-quan-tri,framework,nguon-ben-ngoai|co-chinh-qttc|ke-toan-quan-tri|tu-duy-tai-chinh|kiem-soat-chi-phi,3.3,Phân tích tài chính & báo cáo quản trị,4.3.3,thiet-ke,framework,tap-doan,,nguon-ben-ngoai|nguon-co-chinh-qttc|tu-duy-tai-chinh|kiem-soat-chi-phi,thap,"Về vai trò/tư duy nghề kế toán quản trị, không có node tầng 3 khớp; có thể 3.3.4 hoặc 4.3.3 (phát triển bản thân).",g3
6ab6946ef3ad31ef11df0b16,"Bốn kiểu tài chính song song trong một doanh nghiệp: kế toán, giám đốc tài chính, kế hoạch và giám đốc điều hành",tai-chinh.phan-tich-tai-chinh,concept,nguon-ben-ngoai|co-chinh-qttc|quan-tri-tai-chinh|dong-tien|phan-tich-tai-chinh,3.3,Phân tích tài chính & báo cáo quản trị,3.1.1,nhap-mon,concept,tap-doan,,nguon-ben-ngoai|nguon-co-chinh-qttc|dong-tien,thap,"Khái niệm tổng quan về chức năng tài chính, không có node tầng 3 khớp; có thể 3.3.4 hoặc 3.1.1.",g3
6ab6920df3ad31ef11df0a8d,Đọc bảng cân đối kế toán: tài sản = nợ phải trả + vốn chủ sở hữu và các tỷ số cảnh báo rủi ro,ke-toan.ke-toan-tai-chinh,concept,nguon-ben-ngoai|co-chinh-qttc|bang-can-doi-ke-toan|ty-so-tai-chinh|quan-tri-dong-tien,3.3.1,Đọc & phân tích BCTC,,nhap-mon,concept,tap-doan,,nguon-ben-ngoai|nguon-co-chinh-qttc|bang-can-doi-ke-toan|ty-so-tai-chinh,cao,,g3
6ab6923bf3ad31ef11df0a95,Báo cáo lưu chuyển tiền tệ trực tiếp và gián tiếp: khi lợi nhuận dương nhưng dòng tiền vẫn âm,ke-toan.ke-toan-tai-chinh,concept,nguon-ben-ngoai|co-chinh-qttc|luu-chuyen-tien-te|dong-tien|bao-cao-tai-chinh,3.3.1,Đọc & phân tích BCTC,3.5.4,nhap-mon,concept,tap-doan,,nguon-ben-ngoai|nguon-co-chinh-qttc|luu-chuyen-tien-te|dong-tien|bao-cao-tai-chinh,cao,,g3
6ab692a2f3ad31ef11df0aac,"Bộ báo cáo tài chính cung cấp thông tin gì và phục vụ ai: 4 báo cáo, 3 nhóm đối tượng",tai-chinh.phan-tich-tai-chinh|ke-toan.ke-toan-tai-chinh,concept,nguon-ben-ngoai|chi-gai-ke-toan|bao-cao-tai-chinh|ke-toan-quan-tri,3.3.1,Đọc & phân tích BCTC,3.5.4,nhap-mon,concept,tap-doan,,nguon-ben-ngoai|nguon-chi-gai-ke-toan|bao-cao-tai-chinh,cao,,g3
6ab69345f3ad31ef11df0acb,Bóc tách 5 lớp lợi nhuận trên báo cáo kết quả hoạt động kinh doanh để đọc đúng sức khỏe tài chính,ke-toan.ke-toan-tai-chinh|ke-toan.ke-toan-quan-tri,concept,nguon-ben-ngoai|co-chinh-qttc|bao-cao-tai-chinh|loi-nhuan|ke-toan-quan-tri,3.3.1,Đọc & phân tích BCTC,,nhap-mon,concept,tap-doan,,nguon-ben-ngoai|nguon-co-chinh-qttc|bao-cao-tai-chinh|loi-nhuan,cao,,g3
6ab69432f3ad31ef11df0b08,"Bốn báo cáo tài chính trả lời bốn câu hỏi cốt lõi, cần đánh giá định kỳ để tránh cạn vốn",ke-toan.ke-toan-tai-chinh,concept,nguon-ben-ngoai|co-chinh-qttc|bao-cao-tai-chinh|dong-tien|ke-toan-tai-chinh,3.3.1,Đọc & phân tích BCTC,,nhap-mon,concept,tap-doan,,nguon-ben-ngoai|nguon-co-chinh-qttc|bao-cao-tai-chinh|dong-tien,cao,,g3
6ab6944ff3ad31ef11df0b0c,"Đọc báo cáo tài chính: vì sao doanh thu tăng 150% mà lợi nhuận không đổi, tài sản tăng do đâu, và hiện tượng lãi giả lỗ thật",tai-chinh.phan-tich-tai-chinh,case_study,nguon-ben-ngoai|chi-gai-ke-toan|phan-tich-bctc|chi-phi-duoc-tru,3.3.1,Đọc & phân tích BCTC,,dieu-hanh,case_study,tap-doan,,nguon-ben-ngoai|nguon-chi-gai-ke-toan|phan-tich-bctc|chi-phi-duoc-tru,cao,,g3
6ab6946df3ad31ef11df0b14,"So sánh 2 doanh nghiệp cùng tài sản ngắn hạn 30 tỷ: cơ cấu tiền, phải thu, tồn kho quyết định khả năng thanh toán tức thời",tai-chinh.phan-tich-tai-chinh,concept,nguon-ben-ngoai|chi-gai-ke-toan|phan-tich-bctc|ke-toan-quan-tri,3.3.1,Đọc & phân tích BCTC,,nhap-mon,concept,tap-doan,,nguon-ben-ngoai|nguon-chi-gai-ke-toan|phan-tich-bctc,cao,,g3
6ab4ba13b1c921b0a784dc10,"10 ngộ nhận khi vận hành gara: doanh thu cao ≠ thành công, lãi gộp ≠ lãi ròng, lãi ≠ tiền được tiêu",tai-chinh.phan-tich-tai-chinh|tai-chinh.quan-tri-dong-tien|nganh-o-to.dich-vu-garage,framework,sai-lam-van-hanh|loi-nhuan-rong|dong-tien|giam-gia|nguon-ben-ngoai|goc-gara,3.3.2,"Chỉ số hiệu quả (biên, ROI, điểm hoà vốn)",0.3.1,dieu-hanh,framework,vcservice,,nguon-ben-ngoai|nguon-goc-gara|sai-lam-van-hanh|loi-nhuan-rong|dong-tien|giam-gia,cao,,g3
6ab4ba22b1c921b0a784dc14,"Biên lợi nhuận gara tăng dần theo năm: thấp những năm đầu, cao sau khi hết khấu hao",tai-chinh.phan-tich-tai-chinh|nganh-o-to.dich-vu-garage|tai-chinh.ngan-sach-ke-hoach,insight,bien-loi-nhuan|khau-hao|dau-tu-gara|nguon-ben-ngoai|goc-gara,3.3.2,"Chỉ số hiệu quả (biên, ROI, điểm hoà vốn)",0.3.4,dieu-hanh,insight,vcservice,,nguon-ben-ngoai|nguon-goc-gara|bien-loi-nhuan|khau-hao|dau-tu-gara,cao,,g3
6ab6920cf3ad31ef11df0a8c,"Điểm hòa vốn là ngưỡng bắt đầu có lãi; doanh thu phụ thuộc số lượng và chất lượng bán ra, không tỷ lệ thuận với vốn điều lệ",tai-chinh.phan-tich-tai-chinh,concept,nguon-ben-ngoai|chi-gai-ke-toan|diem-hoa-von|quan-tri-tai-chinh|von-dieu-le,3.3.2,"Chỉ số hiệu quả (biên, ROI, điểm hoà vốn)",,nhap-mon,concept,tap-doan,,nguon-ben-ngoai|nguon-chi-gai-ke-toan|diem-hoa-von|von-dieu-le,cao,,g3
6ab69217f3ad31ef11df0a8e,"ROE, ROA, ROS: ba chỉ số đo hiệu quả sinh lời — cách tính, mức tín hiệu và bẫy đòn bẩy tài chính",tai-chinh.phan-tich-tai-chinh,concept,nguon-ben-ngoai|co-chinh-qttc|chi-so-tai-chinh|roe-roa-ros|phan-tich-dupont,3.3.2,"Chỉ số hiệu quả (biên, ROI, điểm hoà vốn)",,nhap-mon,concept,tap-doan,,nguon-ben-ngoai|nguon-co-chinh-qttc|chi-so-tai-chinh|roe-roa-ros|phan-tich-dupont,cao,,g3
6ab69242f3ad31ef11df0a97,EPS (lợi nhuận trên mỗi cổ phiếu) và GOS (thặng dư gộp sản xuất): cách tính và các bẫy khi đọc số liệu,tai-chinh.phan-tich-tai-chinh,concept,nguon-ben-ngoai|co-chinh-qttc|chi-so-tai-chinh|eps|gos,3.3.2,"Chỉ số hiệu quả (biên, ROI, điểm hoà vốn)",,nhap-mon,concept,tap-doan,,nguon-ben-ngoai|nguon-co-chinh-qttc|chi-so-tai-chinh|eps|gos,cao,,g3
6ab69328f3ad31ef11df0ac7,"Kinh doanh thời trang và sân cỏ nhân tạo: xác định biến phí, doanh thu hòa vốn trước khi đầu tư",tai-chinh.ngan-sach-ke-hoach|tai-chinh.phan-tich-tai-chinh,case_study,nguon-ben-ngoai|co-chinh-qttc|diem-hoa-von|bien-phi|chi-so-tai-chinh,3.3.2,"Chỉ số hiệu quả (biên, ROI, điểm hoà vốn)",3.4.2,thiet-ke,case_study,tap-doan,,nguon-ben-ngoai|nguon-co-chinh-qttc|diem-hoa-von|bien-phi|chi-so-tai-chinh,cao,,g3
6ab69374f3ad31ef11df0ad7,Điểm hòa vốn: doanh thu hòa vốn và thời gian hòa vốn để đặt mục tiêu lợi nhuận khả thi,tai-chinh.phan-tich-tai-chinh,framework,nguon-ben-ngoai|co-chinh-qttc|diem-hoa-von|doanh-thu-hoa-von|bien-phi,3.3.2,"Chỉ số hiệu quả (biên, ROI, điểm hoà vốn)",3.1.1,thiet-ke,framework,tap-doan,,nguon-ben-ngoai|nguon-co-chinh-qttc|diem-hoa-von|doanh-thu-hoa-von|bien-phi,cao,,g3
6ab693cef3ad31ef11df0aee,"Công thức phễu lợi nhuận: 5 biến số nhân dồn giúp x2, x3 lợi nhuận mà không cần đột phá từng phần",ban-hang-cskh.ky-nang-ban-hang,framework,nguon-ben-ngoai|co-chinh-qttc|pheu-ban-hang|cong-thuc-loi-nhuan|ty-le-chuyen-doi,3.3.2,Chỉ số hiệu quả,2.2.5,thiet-ke,framework,tap-doan,,nguon-ben-ngoai|nguon-co-chinh-qttc|pheu-ban-hang|cong-thuc-loi-nhuan|ty-le-chuyen-doi,thap,Công thức phễu lợi nhuận 5 biến; có thể 5.1.2 (đơn vị kinh tế) hoặc 2.1,g2
6ab69418f3ad31ef11df0b02,"Doanh thu tăng, đơn hàng tăng nhưng lợi nhuận không tương xứng: hậu quả của việc bỏ qua điểm hòa vốn",tai-chinh.phan-tich-tai-chinh|tai-chinh.ngan-sach-ke-hoach,insight,nguon-ben-ngoai|co-chinh-qttc|diem-hoa-von|ke-hoach-loi-nhuan|doanh-thu-vs-loi-nhuan,3.3.2,"Chỉ số hiệu quả (biên, ROI, điểm hoà vốn)",3.1.1,dieu-hanh,insight,tap-doan,,nguon-ben-ngoai|nguon-co-chinh-qttc|diem-hoa-von|ke-hoach-loi-nhuan|doanh-thu-vs-loi-nhuan,cao,,g3
6ab6ac08f3ad31ef11df0cde,"ROI quảng cáo cao không đồng nghĩa có lãi: phải cộng đủ chi phí giá nhập, vận hành và phí sàn",tai-chinh.phan-tich-tai-chinh|ban-hang-cskh.kenh-phan-phoi,insight,nguon-ben-ngoai|hoang-comme|roi-quang-cao|loi-nhuan|tiktok-shop,3.3.2,"Chỉ số hiệu quả (biên, ROI, điểm hoà vốn)",2.5.4,dieu-hanh,insight,vcpart,qt.san-tmdt.b,nguon-ben-ngoai|nguon-hoang-comme|roi-quang-cao|loi-nhuan|tiktok-shop,cao,,g3
6ab6f94ff3ad31ef11df0d46,"Tính CPA và lãi thực tế phải cộng thêm tỷ lệ hoàn/hủy đơn, không chỉ tính chi phí quảng cáo trực tiếp",tai-chinh.quan-tri-dong-tien|ke-toan.ke-toan-quan-tri,framework,nguon-ben-ngoai|the-hoang-work|cpa|hoan-huy-don|dong-tien,3.3.2,"Chỉ số hiệu quả (biên, ROI, điểm hoà vốn)",2.5.4,thuc-thi,framework,vcpart,qt.san-tmdt.b,nguon-ben-ngoai|nguon-the-hoang-work|cpa|hoan-huy-don|dong-tien,cao,,g3
6ab6fb8bf3ad31ef11df0dbd,Ưu tiên lợi nhuận hơn số lượng đơn: bán 300 đơn có lãi tốt hơn 1.000 đơn không lãi,tai-chinh.phan-tich-tai-chinh,insight,nguon-ben-ngoai|the-hoang-work|tiktok-shop|chi-phi-san-tmdt|dinh-gia-ban,3.3.2,"Chỉ số hiệu quả (biên, ROI, điểm hoà vốn)",2.5.1,dieu-hanh,insight,vcpart,,nguon-ben-ngoai|nguon-the-hoang-work|tiktok-shop|phi-san-tmdt|dinh-gia,cao,,g3
6ab6fbdef3ad31ef11df0dd1,"Doanh số hàng tỷ nhưng lợi nhuận thực rất thấp: cẩn trọng với những con số ""lùa gà"" trên TikTok",tai-chinh.phan-tich-tai-chinh,case_study,nguon-ben-ngoai|the-hoang-work|tiktok-shop|chi-phi-san-tmdt,3.3.2,"Chỉ số hiệu quả (biên, ROI, điểm hoà vốn)",,dieu-hanh,case_study,vcpart,,nguon-ben-ngoai|nguon-the-hoang-work|tiktok-shop|phi-san-tmdt,cao,,g3
6ab6fc2ef3ad31ef11df0dde,"Biên lợi nhuận vài nghìn đồng/đơn: khi nào vẫn ổn, khi nào chắc chắn lỗ",tai-chinh.phan-tich-tai-chinh,insight,nguon-ben-ngoai|the-hoang-work|tiktok-shop|dinh-gia-ban|chi-phi-san-tmdt,3.3.2,"Chỉ số hiệu quả (biên, ROI, điểm hoà vốn)",2.5.1,dieu-hanh,insight,vcpart,qt.san-tmdt.a,nguon-ben-ngoai|nguon-the-hoang-work|tiktok-shop|dinh-gia|phi-san-tmdt,cao,,g3
6ab7324be8a762a4385a53ae,"Tính lỗ lãi khi tham gia sale sàn: nhà bán thường chịu một phần chi phí voucher (10-25%), cần tính lại điểm hòa vốn quảng cáo riêng cho ngày sale",tai-chinh.phan-tich-tai-chinh,framework,nguon-ben-ngoai|dam-van-tuan|tiktok-shop-ads|phi-san-tmdt|chien-dich-sale,3.3.2,"Chỉ số hiệu quả (biên, ROI, điểm hoà vốn)",2.5.4,thuc-thi,framework,vcpart,qt.san-tmdt.b,nguon-ben-ngoai|nguon-dam-van-tuan|quang-cao-tiktok|phi-san-tmdt|chien-dich-sale,cao,,g3
6ab73d6bb43e7b02a2eab67a,"Mở rộng doanh thu làm chi phí tăng nhanh hơn tuyến tính, khiến biên lợi nhuận giảm dần theo quy mô",tai-chinh.phan-tich-tai-chinh,concept,nguon-ben-ngoai|tran-manh-hung|bien-loi-nhuan|chi-phi-bien|quy-mo-kinh-doanh,3.3.2,"Chỉ số hiệu quả (biên, ROI, điểm hoà vốn)",,dieu-hanh,concept,tap-doan,,nguon-ben-ngoai|nguon-tran-manh-hung|bien-loi-nhuan|chi-phi-bien|quy-mo-kinh-doanh,cao,,g3
6ab4b9f3b1c921b0a784dc08,"Tính đúng lãi ròng của gara: giá vốn chỉ tính hàng xuất cho xe trong kỳ, trừ đủ chi phí vận hành kể cả các khoản ẩn",tai-chinh.phan-tich-tai-chinh|ke-toan.ke-toan-quan-tri|nganh-o-to.dich-vu-garage,framework,lai-rong|bao-cao-ket-qua-kinh-doanh|chi-phi-an|gia-von|nguon-ben-ngoai|goc-gara,3.3.3,Giá thành & phân tích chi phí,3.3.4,dieu-hanh,framework,vcservice,,nguon-ben-ngoai|nguon-goc-gara|lai-rong|bao-cao-ket-qua-kinh-doanh|chi-phi-an|gia-von,cao,,g3
6ab4ba13b1c921b0a784dc12,"Tách chi phí gara thành cố định và biến đổi để tính doanh thu hòa vốn, giữ chi phí cố định dưới khoảng 20% doanh thu",ke-toan.ke-toan-quan-tri|tai-chinh.ngan-sach-ke-hoach|nganh-o-to.dich-vu-garage,framework,chi-phi-co-dinh|chi-phi-bien-doi|diem-hoa-von|nguon-ben-ngoai|goc-gara,3.3.3,Giá thành & phân tích chi phí,3.3.2,thiet-ke,framework,vcservice,,nguon-ben-ngoai|nguon-goc-gara|chi-phi-co-dinh|chi-phi-bien-doi|diem-hoa-von,cao,,g3
6ab691faf3ad31ef11df0a88,Xưởng nội thất lỗ vì ước sai lượng gỗ: cần dự toán và hạn mức chi phí nguyên liệu theo tỷ lệ %,tai-chinh.ngan-sach-ke-hoach|ke-toan.ke-toan-quan-tri,case_study,nguon-ben-ngoai|co-chinh-qttc|han-muc-chi-phi|du-toan-chi-phi|gia-thanh,3.3.3,Giá thành & phân tích chi phí,3.1.3,thiet-ke,case_study,tap-doan,,nguon-ben-ngoai|nguon-co-chinh-qttc|han-muc-chi-phi|du-toan-chi-phi|gia-thanh,cao,,g3
6ab69251f3ad31ef11df0a9c,"Khấu hao là cách hoàn vốn đầu tư ban đầu, tách biệt với chi phí sử dụng vốn kỳ vọng",ke-toan.ke-toan-tai-chinh,concept,nguon-ben-ngoai|co-chinh-qttc|khau-hao|chi-phi-su-dung-von|hoan-von-dau-tu,3.3.3,Giá thành & phân tích chi phí,3.4.2,nhap-mon,concept,tap-doan,,nguon-ben-ngoai|nguon-co-chinh-qttc|khau-hao|chi-phi-su-dung-von|hoan-von-dau-tu,thap,Khái niệm khấu hao nhìn từ góc tài chính; có thể 3.5.1 nếu coi là nguyên lý kế toán.,g3
6ab6929cf3ad31ef11df0aaa,Phân biệt chi tiêu (dòng tiền ra) và chi phí (giá trị đã sử dụng) trong kinh doanh,ke-toan.ke-toan-quan-tri,concept,nguon-ben-ngoai|co-chinh-qttc|chi-phi-duoc-tru|dong-tien|ke-toan-quan-tri,3.3.3,Giá thành & phân tích chi phí,3.2.1,nhap-mon,concept,tap-doan,,nguon-ben-ngoai|nguon-co-chinh-qttc|chi-phi-duoc-tru|dong-tien,cao,,g3
6ab692d6f3ad31ef11df0ab6,Định phí và biến phí: nền tảng để tính điểm hòa vốn và kiểm soát chi phí,ke-toan.ke-toan-quan-tri|tai-chinh.phan-tich-tai-chinh,concept,nguon-ben-ngoai|co-chinh-qttc|dinh-phi-bien-phi|diem-hoa-von|ke-toan-quan-tri,3.3.3,Giá thành & phân tích chi phí,3.3.2,nhap-mon,concept,tap-doan,,nguon-ben-ngoai|nguon-co-chinh-qttc|dinh-phi-bien-phi|diem-hoa-von,cao,,g3
6ab69312f3ad31ef11df0abf,Lương cứng nhân viên và lương của chủ trực tiếp điều hành đều phải xếp vào định phí,tai-chinh.phan-tich-tai-chinh|tai-chinh.quan-tri-dong-tien,insight,nguon-ben-ngoai|co-chinh-qttc|dinh-phi-bien-phi|quan-tri-luong|phan-tich-tai-chinh,3.3.3,Giá thành & phân tích chi phí,4.4.3,thiet-ke,insight,tap-doan,,nguon-ben-ngoai|nguon-co-chinh-qttc|dinh-phi-bien-phi|quan-tri-luong,cao,,g3
6ab693fcf3ad31ef11df0afa,"Doanh thu tăng mà lợi nhuận giảm: kế toán phân loại chi phí theo chức năng, giám đốc cần phân loại theo hành vi",ke-toan.ke-toan-quan-tri,concept,nguon-ben-ngoai|co-chinh-qttc|dinh-phi-bien-phi|chi-phi-duoc-tru|ke-toan-quan-tri,3.3.3,Giá thành & phân tích chi phí,3.3.2,dieu-hanh,concept,tap-doan,,nguon-ben-ngoai|nguon-co-chinh-qttc|dinh-phi-bien-phi|chi-phi-duoc-tru,cao,,g3
6ab692c9f3ad31ef11df0ab1,Phân biệt báo cáo thuế và báo cáo quản trị nội bộ: mục đích khác nhau khiến lợi nhuận hai bên chênh lệch,ke-toan.ke-toan-quan-tri,concept,nguon-ben-ngoai|chi-gai-ke-toan|ke-toan-quan-tri|bao-cao-tai-chinh,3.3.4,Báo cáo quản trị theo division/dự án/kênh,,nhap-mon,concept,tap-doan,,nguon-ben-ngoai|nguon-chi-gai-ke-toan|bao-cao-quan-tri|bao-cao-tai-chinh,cao,,g3
6ab693a0f3ad31ef11df0ae1,Biết lời lỗ mỗi ngày để ra quyết định kinh doanh bằng số liệu thay vì cảm tính,tai-chinh.quan-tri-dong-tien|tai-chinh.phan-tich-tai-chinh,lesson,nguon-ben-ngoai|co-chinh-qttc|ke-toan-quan-tri|quyet-dinh-bang-so-lieu|loi-lo-hang-ngay,3.3.4,Báo cáo quản trị theo division/dự án/kênh,,dieu-hanh,lesson,tap-doan,,nguon-ben-ngoai|nguon-co-chinh-qttc|quyet-dinh-bang-so-lieu|loi-lo-hang-ngay,cao,,g3
6ab69cfef3ad31ef11df0bc1,Phân tích doanh thu theo sản phẩm/nguồn/kênh và tách bạch chi phí tương ứng thay vì chỉ nhìn tổng doanh thu,tai-chinh.phan-tich-tai-chinh,framework,nguon-ben-ngoai|tran-manh-hung|phan-tich-doanh-thu|chi-phi-quang-cao|chi-phi-ban-hang,3.3.4,Báo cáo quản trị theo division/dự án/kênh,,dieu-hanh,framework,tap-doan,,nguon-ben-ngoai|nguon-tran-manh-hung|phan-tich-doanh-thu|chi-phi-quang-cao|chi-phi-ban-hang,cao,,g3
6ab69d52f3ad31ef11df0bcf,Xây báo cáo quản trị riêng cho chủ doanh nghiệp: nhóm chi phí theo chức năng thay vì cố định/biến đổi như kế toán,ke-toan.ke-toan-tai-chinh,framework,nguon-ben-ngoai|tran-manh-hung|bao-cao-quan-tri|ke-toan-quan-tri|phan-bo-chi-phi,3.3.4,Báo cáo quản trị theo division/dự án/kênh,,thiet-ke,framework,tap-doan,,nguon-ben-ngoai|nguon-tran-manh-hung|bao-cao-quan-tri|phan-bo-chi-phi,cao,,g3
6ab6937ff3ad31ef11df0ada,"Bốn loại giá trong kinh doanh: giá nhập, giá xuất kho, giá vốn và giá bán",ke-toan.ke-toan-quan-tri,concept,nguon-ben-ngoai|co-chinh-qttc|gia-von|chi-phi-duoc-tru|ke-toan-quan-tri,3.3.5,"Lãi gộp & định giá theo mã, theo kênh",6.1.3,nhap-mon,concept,tap-doan,,nguon-ben-ngoai|nguon-co-chinh-qttc|gia-von|chi-phi-duoc-tru,cao,,g3
6ab6945ff3ad31ef11df0b0e,"Giảm giá 10% phải bán thêm khoảng 50%, không phải 10%, mới bù đủ lợi nhuận gộp đã mất",tai-chinh.phan-tich-tai-chinh,insight,nguon-ben-ngoai|co-chinh-qttc|chien-luoc-gia|loi-nhuan-gop|khuyen-mai,3.3.5,"Lãi gộp & định giá theo mã, theo kênh",2.3.2,dieu-hanh,insight,tap-doan,,nguon-ben-ngoai|nguon-co-chinh-qttc|dinh-gia|loi-nhuan-gop|khuyen-mai,cao,,g3
6ab694b5f3ad31ef11df0b20,Định giá bán: phân biệt markup (cộng thêm trên giá vốn) và margin (biên lợi nhuận trên giá bán),tai-chinh.phan-tich-tai-chinh,framework,nguon-ben-ngoai|co-chinh-qttc|dinh-gia-ban|loi-nhuan-gop|markup-margin,3.3.5,"Lãi gộp & định giá theo mã, theo kênh",,thuc-thi,framework,tap-doan,,nguon-ben-ngoai|nguon-co-chinh-qttc|dinh-gia|loi-nhuan-gop|markup-margin,cao,,g3
6ab69507f3ad31ef11df0b28,Lợi nhuận ảo khi chỉ nhìn giá nhập: phải bóc tách chi phí theo % giá bán mới thấy lãi thật,tai-chinh.phan-tich-tai-chinh,case_study,nguon-ben-ngoai|co-chinh-qttc|loi-nhuan-ao|co-cau-chi-phi|diem-hoa-von,3.3.5,"Lãi gộp & định giá theo mã, theo kênh",3.3.2,dieu-hanh,case_study,tap-doan,,nguon-ben-ngoai|nguon-co-chinh-qttc|loi-nhuan-ao|co-cau-chi-phi|diem-hoa-von,cao,,g3
6ab6955cf3ad31ef11df0b2c,Định giá đúng kết hợp hạn mức chi phí giúp lợi nhuận tăng gấp nhiều lần,tai-chinh.phan-tich-tai-chinh|ban-hang-cskh.ky-nang-ban-hang,case_study,nguon-ben-ngoai|co-chinh-qttc|dinh-gia-ban|han-muc-chi-phi|gia-von,3.3.5,"Lãi gộp & định giá theo mã, theo kênh",3.1.3,dieu-hanh,case_study,tap-doan,,nguon-ben-ngoai|nguon-co-chinh-qttc|dinh-gia|han-muc-chi-phi|gia-von,cao,,g3
6ab6f817f3ad31ef11df0cff,"Lập bảng tính lãi lỗ từng đơn hàng sàn TMĐT: trừ đủ phí vận chuyển, phí sàn, quảng cáo, thuế trước khi bán",ke-toan.ke-toan-quan-tri,framework,nguon-ben-ngoai|the-hoang-work|tiktok-shop|dinh-gia-ban|chi-phi-san-tmdt|ke-toan-quan-tri,3.3.5,"Lãi gộp & định giá theo mã, theo kênh",2.5.1,thuc-thi,framework,vcpart,qt.san-tmdt.a,nguon-ben-ngoai|nguon-the-hoang-work|tiktok-shop|dinh-gia|phi-san-tmdt,cao,,g3
6ab6f8a1f3ad31ef11df0d1e,"Biên nhập-bán tưởng lãi dày nhưng lỗ thật sau khi trừ phí sàn, quảng cáo, affiliate",tai-chinh.phan-tich-tai-chinh,case_study,nguon-ben-ngoai|the-hoang-work|tiktok-shop|chi-phi-san-tmdt|dinh-gia-ban,3.3.5,"Lãi gộp & định giá theo mã, theo kênh",2.5.1,dieu-hanh,case_study,vcpart,qt.san-tmdt.a,nguon-ben-ngoai|nguon-the-hoang-work|tiktok-shop|phi-san-tmdt|dinh-gia,cao,,g3
6ab6f8eef3ad31ef11df0d31,"Nhập 50 bán 70 từng có lãi, nay dễ lỗ: biên lợi nhuận thực co lại khi phí sàn tăng",tai-chinh.phan-tich-tai-chinh,case_study,nguon-ben-ngoai|the-hoang-work|tiktok-shop|dinh-gia-ban|chi-phi-san-tmdt,3.3.5,"Lãi gộp & định giá theo mã, theo kênh",2.5.1,dieu-hanh,case_study,vcpart,qt.san-tmdt.a,nguon-ben-ngoai|nguon-the-hoang-work|tiktok-shop|dinh-gia|phi-san-tmdt,cao,,g3
6ab6f906f3ad31ef11df0d35,Doanh thu 100 triệu trên sàn TMĐT thường chỉ thực nhận 70-90 triệu sau hủy/hoàn đơn và các chi phí ngoài thuế,ke-toan.ke-toan-tai-chinh|ke-toan.ke-toan-quan-tri,insight,nguon-ben-ngoai|the-hoang-work|doanh-thu-thuc-nhan|phi-san|hoan-huy-don,3.3.5,"Lãi gộp & định giá theo mã, theo kênh",2.5.6,dieu-hanh,insight,vcpart,qt.san-tmdt.d,nguon-ben-ngoai|nguon-the-hoang-work|doanh-thu-thuc-nhan|phi-san-tmdt|hoan-huy-don,cao,Không phải kế toán tài chính; là doanh thu thực nhận theo kênh sàn.,g3
6ab73034e8a762a4385a5357,Công thức tính lợi nhuận sau phí sàn TikTok Shop để đặt giá bán và ngân sách quảng cáo,ke-toan.ke-toan-quan-tri|tai-chinh.phan-tich-tai-chinh,framework,nguon-ben-ngoai|dam-van-tuan|phi-san-tiktok-shop|gia-ban|chi-phi-quang-cao,3.3.5,"Lãi gộp & định giá theo mã, theo kênh",2.5.1,thuc-thi,framework,vcpart,qt.san-tmdt.a,nguon-ben-ngoai|nguon-dam-van-tuan|phi-san-tmdt|dinh-gia|chi-phi-quang-cao,cao,,g3
6ab73078e8a762a4385a5362,"Case doanh thu 1,149 tỷ nhưng phí sàn + quảng cáo chiếm gần 50%, cần đối soát để tránh lỗ",tai-chinh.phan-tich-tai-chinh,case_study,nguon-ben-ngoai|dam-van-tuan|doi-soat-chi-phi|tiktok-shop|hoa-hong-affiliate,3.3.5,"Lãi gộp & định giá theo mã, theo kênh",2.5.6,dieu-hanh,case_study,vcpart,qt.san-tmdt.d,nguon-ben-ngoai|nguon-dam-van-tuan|doi-soat-chi-phi|tiktok-shop|hoa-hong-affiliate,cao,,g3
6ab4b9ecb1c921b0a784dc05,"Vay vốn mở gara: chỉ vay ngắn hạn cho vốn lưu động gắn với đơn hàng, không vay dài hạn để mua tài sản",tai-chinh.dau-tu-huy-dong-von|tai-chinh.quan-tri-dong-tien|nganh-o-to.dich-vu-garage,lesson,vay-von|von-luu-dong|mo-gara|rui-ro-tai-chinh|nguon-ben-ngoai|goc-gara,3.4.1,Vay ngân hàng & hồ sơ tín dụng,0.3.4,dieu-hanh,lesson,vcservice,,nguon-ben-ngoai|nguon-goc-gara|vay-von|von-luu-dong|mo-gara|rui-ro-tai-chinh,cao,,g3
6ab69280f3ad31ef11df0aa4,Khi nào nên dừng vay: 6 dấu hiệu cảnh báo và 2 cách tính tỷ lệ nợ để đánh giá rủi ro,tai-chinh.quan-tri-dong-tien|tai-chinh.phan-tich-tai-chinh,framework,nguon-ben-ngoai|co-chinh-qttc|quan-tri-no-vay|ty-le-no|dong-tien,3.4.1,Vay ngân hàng & hồ sơ tín dụng,3.3.2,dieu-hanh,framework,tap-doan,,nguon-ben-ngoai|nguon-co-chinh-qttc|quan-tri-no-vay|ty-le-no|dong-tien,cao,,g3
6ab692bef3ad31ef11df0aaf,Thông tư 29/2026/TT-NHNN sửa Thông tư 39/2016: 5 điểm doanh nghiệp cần biết khi vay vốn ngân hàng,tai-chinh.dau-tu-huy-dong-von,regulation,nguon-ben-ngoai|co-chinh-qttc|thong-tu-29-2026|vay-von-ngan-hang|quy-dinh-tin-dung,3.4.1,Vay ngân hàng & hồ sơ tín dụng,,thuc-thi,regulation,tap-doan,,nguon-ben-ngoai|nguon-co-chinh-qttc|thong-tu-29-2026|vay-von-ngan-hang|quy-dinh-tin-dung,cao,,g3
6ab69417f3ad31ef11df0b01,"Những dấu hiệu khiến hồ sơ vay ngân hàng bị đánh giá rủi ro: doanh thu giảm, tồn kho cao, dòng tiền âm, chỉ trả được lãi chưa trả gốc",tai-chinh.phan-tich-tai-chinh,framework,nguon-ben-ngoai|chi-gai-ke-toan|vay-von-ngan-hang|phan-tich-bctc,3.4.1,Vay ngân hàng & hồ sơ tín dụng,3.3.1,dieu-hanh,framework,tap-doan,,nguon-ben-ngoai|nguon-chi-gai-ke-toan|vay-von-ngan-hang|phan-tich-bctc,cao,,g3
6ab4b97ab1c921b0a784dbea,Tính vốn đầu tư gara ngược từ doanh thu tháng kỳ vọng: tổng đầu tư không vượt ~3 lần doanh thu tháng,tai-chinh.ngan-sach-ke-hoach|tai-chinh.dau-tu-huy-dong-von|nganh-o-to.dich-vu-garage,framework,mo-gara|von-dau-tu|doanh-thu-ky-vong|cham-soc-xe|nguon-ben-ngoai|goc-gara,3.4.2,Thẩm định dự án đầu tư,0.3.4,thiet-ke,framework,vcservice,,nguon-ben-ngoai|nguon-goc-gara|mo-gara|von-dau-tu|doanh-thu-ky-vong|cham-soc-xe,cao,,g3
6ab4b9a2b1c921b0a784dbf1,"Phân bổ vốn mở gara: với 2 tỷ chỉ dành ~1–1,1 tỷ cho thiết bị và cải tạo, giữ vốn lưu động dự phòng lỗ 6 tháng và khóa trần phát sinh",tai-chinh.ngan-sach-ke-hoach|tai-chinh.quan-tri-dong-tien|nganh-o-to.dich-vu-garage,framework,mo-gara|co-cau-von|von-luu-dong|du-phong|nguon-ben-ngoai|goc-gara,3.4.2,Thẩm định dự án đầu tư,3.2.4,thiet-ke,framework,vcservice,,nguon-ben-ngoai|nguon-goc-gara|mo-gara|co-cau-von|von-luu-dong|du-phong,cao,,g3
6ab69308f3ad31ef11df0abd,"Đầu tư có lợi nhuận nhưng vẫn ""không hiệu quả"": kiểm tra tỷ suất lợi nhuận/vốn đầu tư và thời gian hoàn vốn",tai-chinh.dau-tu-huy-dong-von,framework,nguon-ben-ngoai|co-chinh-qttc|hieu-qua-dau-tu|thoi-gian-hoan-von|roe,3.4.2,Thẩm định dự án đầu tư,3.3.2,dieu-hanh,framework,tap-doan,,nguon-ben-ngoai|nguon-co-chinh-qttc|hieu-qua-dau-tu|thoi-gian-hoan-von|roe,cao,,g3
6ab73da1b43e7b02a2eab688,"Mở rộng đầu tư theo ngưỡng kết quả từng giai đoạn (đạt % mới rót thêm), tránh quyết định bằng cảm xúc",tai-chinh.dau-tu-huy-dong-von|tai-chinh.quan-tri-dong-tien,framework,nguon-ben-ngoai|tran-manh-hung|chien-luoc-dau-tu|ra-quyet-dinh|khoi-nghiep,3.4.2,Thẩm định dự án đầu tư,,dieu-hanh,framework,tap-doan,,nguon-ben-ngoai|nguon-tran-manh-hung|chien-luoc-dau-tu|ra-quyet-dinh|khoi-nghiep,cao,,g3
6ab4b9a3b1c921b0a784dbf3,"Mở gara chung với thợ: chia lợi nhuận theo vốn góp, trả lương vận hành theo thị trường",tai-chinh.dau-tu-huy-dong-von|nhan-su-quan-tri.lanh-dao-quan-ly-doi-ngu|nganh-o-to.dich-vu-garage,framework,gop-von|co-phan-cho-tho|dinh-gia-gara|nguon-ben-ngoai|goc-gara,3.4.3,Gọi vốn & cơ cấu vốn,5.2.3,thiet-ke,framework,vcservice,,nguon-ben-ngoai|nguon-goc-gara|gop-von|co-phan-cho-tho|dinh-gia-gara,cao,,g3
6ab4b9c6b1c921b0a784dbfd,Vì sao hùn vốn mở gara hay tan rã và cần gì trong biên bản hợp tác,tai-chinh.dau-tu-huy-dong-von|phap-ly.hop-dong|nganh-o-to.dich-vu-garage,lesson,hun-von|bien-ban-hop-tac|minh-bach-chi-phi|nguon-ben-ngoai|goc-gara,3.4.3,Gọi vốn & cơ cấu vốn,5.2.3,thiet-ke,lesson,vcservice,,nguon-ben-ngoai|nguon-goc-gara|hun-von|bien-ban-hop-tac|minh-bach-chi-phi,cao,,g3
6ab69266f3ad31ef11df0aa0,Quỹ đầu tư phát triển: thỏa thuận rõ tỷ lệ chia lợi nhuận với cổ đông trước khi có lãi,ke-toan.ke-toan-quan-tri|tai-chinh.dau-tu-huy-dong-von,framework,nguon-ben-ngoai|co-chinh-qttc|quy-dau-tu-phat-trien|chia-loi-nhuan-co-dong|huy-dong-von,3.4.3,Gọi vốn & cơ cấu vốn,5.2.3,thiet-ke,framework,tap-doan,,nguon-ben-ngoai|nguon-co-chinh-qttc|quy-dau-tu-phat-trien|chia-loi-nhuan-co-dong|huy-dong-von,cao,,g3
6ab6a3f9f3ad31ef11df0c77,"Ba loại vốn của một người: tiền mặt thực có, uy tín tạo dựng, và kỳ vọng thị trường",tai-chinh.dau-tu-huy-dong-von,concept,nguon-ben-ngoai|goc-ghe-hang-a|tai-chinh|huy-dong-von|khoi-nghiep,3.4.3,Gọi vốn & cơ cấu vốn,,nhap-mon,concept,tap-doan,,nguon-ben-ngoai|nguon-goc-ghe-hang-a|huy-dong-von|khoi-nghiep,cao,,g3
6ab6fc00f3ad31ef11df0dd6,"Khởi nghiệp bán hàng online nên tiết kiệm, đầu tư từ từ theo từng bước thay vì dốc hết vốn ngay từ đầu",tai-chinh.quan-tri-dong-tien,lesson,nguon-ben-ngoai|the-hoang-work|tiktok-shop|khoi-nghiep|quan-tri-von,3.4.3,Gọi vốn & cơ cấu vốn,5.1.4,dieu-hanh,lesson,vcpart,,nguon-ben-ngoai|nguon-the-hoang-work|tiktok-shop|khoi-nghiep|quan-tri-von,thap,Nằm giữa 3.4.3 (bỏ vốn từ từ) và 5.1.4 (khởi nghiệp); nhánh cũ dòng tiền không có node tầng 3 khớp.,g3
6ab69017f3ad31ef11df0a60,"Từ 1/7/2026 bỏ điều kiện kinh doanh dịch vụ kế toán, nhưng vẫn chịu trách nhiệm nghề nghiệp; và mức phạt mới 10-50 triệu về phòng chống rửa tiền",ke-toan.thue,regulation,nguon-ben-ngoai|co-chinh-qttc|ke-toan-dich-vu|quy-dinh-moi|phong-chong-rua-tien,3.5,Kế toán tài chính,5.6.4,nhap-mon,regulation,tap-doan,,nguon-ben-ngoai|nguon-co-chinh-qttc|ke-toan-dich-vu|quy-dinh-moi|phong-chong-rua-tien,thap,"Quy định ngành dịch vụ kế toán, ít liên quan VCPV; không có node tầng 3 khớp, có thể 5.6.4 (tuân thủ)",g4
6ab68cf8f3ad31ef11df09cd,"Một giao dịch ngoại tệ có 3 loại tỷ giá khác nhau (hải quan, hóa đơn, kế toán): doanh nghiệp phải ban hành chính sách tỷ giá kế toán riêng theo TT99/2025",ke-toan.ke-toan-tai-chinh,regulation,nguon-ben-ngoai|co-chinh-qttc|ty-gia-ngoai-te|thong-tu-99-2025|ke-toan-tai-chinh|hoa-don-dien-tu,3.5.1,Nguyên lý & hạch toán (TT200/TT133),6.3.1,thiet-ke,regulation,tap-doan|vcpart,qt.mua-hang.c,nguon-ben-ngoai|nguon-co-chinh-qttc|ty-gia-ngoai-te|thong-tu-99-2025|hoa-don-dien-tu,cao,,g3
6ab68e6bf3ad31ef11df0a16,"Một sổ kế toán ghi đúng bản chất mọi khoản chi, nhưng thuế vẫn có quyền loại chi phí không đủ điều kiện",ke-toan.ke-toan-tai-chinh|ke-toan.thue,insight,nguon-ben-ngoai|co-chinh-qttc|chi-phi-duoc-tru|mot-so-ke-toan|ke-toan-quan-tri,3.5.1,Nguyên lý & hạch toán (TT200/TT133),3.6.3,dieu-hanh,insight,tap-doan,,nguon-ben-ngoai|nguon-co-chinh-qttc|chi-phi-duoc-tru|mot-so-ke-toan,cao,Nguyên tắc ghi nhận kế toán khác góc nhìn thuế; phương án khác: 3.6.3.,g3
6ab68f08f3ad31ef11df0a32,Định khoản theo bản chất sự kiện kinh tế: quy trình 7 bước thay vì học thuộc lòng tăng/giảm,ke-toan.chung-tu-quy-trinh,concept,nguon-ben-ngoai|co-chinh-qttc|ke-toan-quan-tri|dinh-khoan|nguyen-ly-ke-toan,3.5.1,Nguyên lý & hạch toán (TT200/TT133),,thuc-thi,sop,tap-doan,,nguon-ben-ngoai|nguon-co-chinh-qttc|dinh-khoan|nguyen-ly-ke-toan,cao,Nhánh cũ chứng từ nhưng nội dung là định khoản → 3.5.1; đổi type sang sop (7 bước).,g3
6ab68f5ff3ad31ef11df0a43,Ghi sổ theo phương pháp kế toán (không theo cảm tính) là điều kiện để thực sự giữ được tiền khi kinh doanh,ke-toan.chung-tu-quy-trinh,insight,nguon-ben-ngoai|co-chinh-qttc|quan-ly-dong-tien|nguyen-ly-ke-toan|ke-toan-quan-tri,3.5.1,Nguyên lý & hạch toán (TT200/TT133),3.2.1,dieu-hanh,insight,tap-doan,,nguon-ben-ngoai|nguon-co-chinh-qttc|quan-ly-dong-tien|nguyen-ly-ke-toan,cao,,g3
6ab68fbcf3ad31ef11df0a54,"Thông tư 58/2026/TT-BTC: chế độ kế toán đơn giản cho DN siêu nhỏ, và phân biệt với chính sách miễn thuế TNDN 3 năm",ke-toan.thue,regulation,nguon-ben-ngoai|co-chinh-qttc|thue-tndn|doanh-nghiep-sieu-nho|quy-dinh-moi,3.5.1,Nguyên lý & hạch toán (TT200/TT133),3.6.3,nhap-mon,regulation,tap-doan,,nguon-ben-ngoai|nguon-co-chinh-qttc|thue-tndn|doanh-nghiep-sieu-nho|quy-dinh-moi,cao,,g4
6ab691d3f3ad31ef11df0a84,"Thông tư 58/2026 quy định chế độ kế toán doanh nghiệp siêu nhỏ, thay Thông tư 132/2018 từ 1/7/2026",ke-toan.ke-toan-tai-chinh,regulation,nguon-ben-ngoai|chi-gai-ke-toan|che-do-ke-toan|doanh-nghiep-sieu-nho|thong-tu-58-2026,3.5.1,Nguyên lý & hạch toán (TT200/TT133),,thiet-ke,regulation,tap-doan,,nguon-ben-ngoai|nguon-chi-gai-ke-toan|che-do-ke-toan|doanh-nghiep-sieu-nho|thong-tu-58-2026,cao,,g3
6ab691f2f3ad31ef11df0a86,"Ba nhánh kế toán tài chính, thuế, quản trị phục vụ ba đối tượng khác nhau trong doanh nghiệp",ke-toan.ke-toan-quan-tri,concept,nguon-ben-ngoai|co-chinh-qttc|ke-toan-tai-chinh|ke-toan-thue|ke-toan-quan-tri,3.5.1,Nguyên lý & hạch toán (TT200/TT133),3.3.4,nhap-mon,concept,tap-doan,,nguon-ben-ngoai|nguon-co-chinh-qttc|ke-toan-thue,cao,,g3
6ab69217f3ad31ef11df0a8f,"Dự thảo thông tư thay Thông tư 133: hệ thống tài khoản rút gọn còn 22, BCTC chỉ còn 3 báo cáo",ke-toan.ke-toan-tai-chinh,regulation,nguon-ben-ngoai|chi-gai-ke-toan|che-do-ke-toan|thong-tu-133|bao-cao-tai-chinh,3.5.1,Nguyên lý & hạch toán (TT200/TT133),,thiet-ke,regulation,tap-doan,,nguon-ben-ngoai|nguon-chi-gai-ke-toan|che-do-ke-toan|thong-tu-133|bao-cao-tai-chinh,cao,,g3
6ab69224f3ad31ef11df0a90,"Cân đối kế toán là tất yếu của bút toán kép, không phải mẹo kế toán viên tạo ra",ke-toan.ke-toan-tai-chinh,concept,nguon-ben-ngoai|co-chinh-qttc|but-toan-kep|doi-soat-cong-no|ke-toan-quan-tri,3.5.1,Nguyên lý & hạch toán (TT200/TT133),,nhap-mon,concept,tap-doan,,nguon-ben-ngoai|nguon-co-chinh-qttc|but-toan-kep|doi-soat-cong-no,cao,,g3
6ab6922cf3ad31ef11df0a92,"Doanh thu ghi nhận khi bàn giao quyền sở hữu hàng hóa, không phải khi thu được tiền",ke-toan.ke-toan-tai-chinh|ke-toan.ke-toan-quan-tri,concept,nguon-ben-ngoai|co-chinh-qttc|ghi-nhan-doanh-thu|dong-tien|ke-toan-tai-chinh,3.5.1,Nguyên lý & hạch toán (TT200/TT133),,nhap-mon,concept,tap-doan,,nguon-ben-ngoai|nguon-co-chinh-qttc|ghi-nhan-doanh-thu|dong-tien,cao,,g3
6ab69265f3ad31ef11df0a9f,"Phân biệt doanh thu, thu nhập khác, các khoản giảm trừ và doanh thu tài chính",ke-toan.ke-toan-tai-chinh|ke-toan.ke-toan-quan-tri,concept,nguon-ben-ngoai|co-chinh-qttc|ghi-nhan-doanh-thu|ke-toan-tai-chinh|ke-toan-quan-tri,3.5.1,Nguyên lý & hạch toán (TT200/TT133),3.5.2,nhap-mon,concept,tap-doan,,nguon-ben-ngoai|nguon-co-chinh-qttc|ghi-nhan-doanh-thu,cao,,g3
6ab69361f3ad31ef11df0ad2,"Phân biệt bản chất giá vốn, chi phí bán hàng, chi phí quản lý, chi phí khác và thu nhập khác để hạch toán đúng tài khoản",ke-toan.ke-toan-tai-chinh,concept,nguon-ben-ngoai|chi-gai-ke-toan|tai-khoan-chi-phi|thu-nhap-khac|ke-toan-quan-tri,3.5.1,Nguyên lý & hạch toán (TT200/TT133),,nhap-mon,concept,tap-doan,,nguon-ben-ngoai|nguon-chi-gai-ke-toan|tai-khoan-chi-phi|thu-nhap-khac,cao,,g3
6ab693aaf3ad31ef11df0ae5,4 nhiệm vụ và 6 yêu cầu của kế toán theo Luật Kế toán 2015: từ ghi chép đến tham mưu quản trị,ke-toan.ke-toan-tai-chinh|nhan-su-quan-tri.dao-tao-phat-trien,concept,nguon-ben-ngoai|chi-gai-ke-toan|luat-ke-toan|nguyen-ly-ke-toan|ke-toan-quan-tri,3.5.1,Nguyên lý & hạch toán (TT200/TT133),,nhap-mon,concept,tap-doan,,nguon-ben-ngoai|nguon-chi-gai-ke-toan|luat-ke-toan|nguyen-ly-ke-toan,cao,,g3
6ab693d3f3ad31ef11df0aef,"Nguyên tắc giá gốc: tài sản ghi nhận theo giá trị ban đầu, chỉ điều chỉnh khi có đủ căn cứ giảm giá trị tại thời điểm lập BCTC",ke-toan.ke-toan-tai-chinh,concept,nguon-ben-ngoai|chi-gai-ke-toan|nguyen-tac-gia-goc|du-phong,3.5.1,Nguyên lý & hạch toán (TT200/TT133),,nhap-mon,concept,tap-doan,,nguon-ben-ngoai|nguon-chi-gai-ke-toan|nguyen-tac-gia-goc|du-phong,cao,,g3
6ab693f0f3ad31ef11df0af5,Ghi nhớ hệ thống tài khoản kế toán theo 9 nhóm bản chất và nguyên tắc hạch toán tăng/giảm,ke-toan.ke-toan-tai-chinh,concept,nguon-ben-ngoai|chi-gai-ke-toan|he-thong-tai-khoan|nguyen-ly-ke-toan|hang-ton-kho,3.5.1,Nguyên lý & hạch toán (TT200/TT133),,nhap-mon,concept,tap-doan,,nguon-ben-ngoai|nguon-chi-gai-ke-toan|he-thong-tai-khoan|nguyen-ly-ke-toan|hang-ton-kho,cao,,g3
6ab6942ef3ad31ef11df0b06,"5 bước định khoản kế toán và nguyên tắc hạch toán từng nghiệp vụ riêng, không bù trừ",ke-toan.ke-toan-tai-chinh,framework,nguon-ben-ngoai|chi-gai-ke-toan|dinh-khoan|nguyen-ly-ke-toan|hach-toan,3.5.1,Nguyên lý & hạch toán (TT200/TT133),,thuc-thi,sop,tap-doan,,nguon-ben-ngoai|nguon-chi-gai-ke-toan|dinh-khoan|nguyen-ly-ke-toan|hach-toan,cao,Đổi type sang sop (5 bước định khoản).,g3
6ab694d8f3ad31ef11df0b26,"Phân biệt TSCĐ và công cụ dụng cụ, và cách công cụ dụng cụ đi qua tài khoản 242 chi phí trả trước",ke-toan.ke-toan-tai-chinh,concept,nguon-ben-ngoai|chi-gai-ke-toan|tscd-ccdc|chi-phi-tra-truoc|he-thong-tai-khoan,3.5.1,Nguyên lý & hạch toán (TT200/TT133),,nhap-mon,concept,tap-doan,,nguon-ben-ngoai|nguon-chi-gai-ke-toan|tscd-ccdc|chi-phi-tra-truoc|he-thong-tai-khoan,cao,,g3
6ab6a9c9f3ad31ef11df0c7f,"Kế toán là quá trình ghi nhận – tổng hợp – truyền tải thông tin tài chính, tuân theo 6 yêu cầu chất lượng và 5 nguyên tắc đạo đức nghề nghiệp",ke-toan.ke-toan-tai-chinh,concept,nguon-ben-ngoai|quang-trung-tv|dao-duc-nghe-nghiep-ke-toan|nguyen-ly-ke-toan|bao-cao-tai-chinh,3.5.1,Nguyên lý & hạch toán (TT200/TT133),,nhap-mon,concept,tap-doan,,nguon-ben-ngoai|nguon-quang-trung-tv|dao-duc-nghe-nghiep-ke-toan|nguyen-ly-ke-toan|bao-cao-tai-chinh,cao,,g3
6ab6a9e8f3ad31ef11df0c83,Phương trình kế toán (Tài sản = Nợ phải trả + Vốn chủ sở hữu) dùng để suy luận tác động giao dịch và tìm chỉ tiêu còn thiếu,ke-toan.ke-toan-tai-chinh,framework,nguon-ben-ngoai|quang-trung-tv|nguyen-ly-ke-toan|phuong-trinh-ke-toan|von-chu-so-huu,3.5.1,Nguyên lý & hạch toán (TT200/TT133),,nhap-mon,framework,tap-doan,,nguon-ben-ngoai|nguon-quang-trung-tv|nguyen-ly-ke-toan|phuong-trinh-ke-toan|von-chu-so-huu,cao,,g3
6ab693a4f3ad31ef11df0ae2,"3 phương pháp tính giá xuất kho (bình quân, FIFO, thực tế đích danh): công thức, ví dụ và ưu nhược điểm để chọn đúng cho từng ngành hàng",ke-toan.ke-toan-tai-chinh,framework,nguon-ben-ngoai|chi-gai-ke-toan|gia-xuat-kho|hang-ton-kho|ke-toan-quan-tri,3.5.2,Kế toán bán hàng – mua hàng – kho,,thuc-thi,framework,tap-doan,,nguon-ben-ngoai|nguon-chi-gai-ke-toan|gia-xuat-kho|hang-ton-kho,cao,,g3
6ab693bff3ad31ef11df0aea,"Lưu ý kế toán công ty thương mại: tính đúng giá nhập-xuất kho, quản lý hàng tồn kho và xử lý tình huống tháo dỡ sản phẩm bán rời linh kiện",ke-toan.ke-toan-tai-chinh|ke-toan.chung-tu-quy-trinh,lesson,nguon-ben-ngoai|chi-gai-ke-toan|hang-ton-kho|cong-ty-thuong-mai|gia-nhap-kho,3.5.2,Kế toán bán hàng – mua hàng – kho,,thuc-thi,lesson,vcpart|tap-doan,,nguon-ben-ngoai|nguon-chi-gai-ke-toan|hang-ton-kho|cong-ty-thuong-mai|gia-nhap-kho,cao,,g3
6ab693c3f3ad31ef11df0aed,"Tính giá vốn phải cộng cả giá trị hàng tồn kho mang ra bán, không chỉ hàng mới nhập",ke-toan.ke-toan-quan-tri,case_study,nguon-ben-ngoai|co-chinh-qttc|gia-von|hoa-don-dien-tu|ke-toan-quan-tri,3.5.2,Kế toán bán hàng – mua hàng – kho,3.3.3,thuc-thi,case_study,tap-doan,,nguon-ben-ngoai|nguon-co-chinh-qttc|gia-von|hoa-don-dien-tu,cao,,g3
6ab6946ef3ad31ef11df0b15,"Tài khoản lưỡng tính 131, 331 và nguyên tắc không bù trừ trong nhóm phải thu - phải trả",ke-toan.ke-toan-tai-chinh,concept,nguon-ben-ngoai|chi-gai-ke-toan|phai-thu-phai-tra|he-thong-tai-khoan|nguyen-ly-ke-toan,3.5.3,Kế toán tiền & công nợ,,nhap-mon,concept,tap-doan,,nguon-ben-ngoai|nguon-chi-gai-ke-toan|phai-thu-phai-tra|he-thong-tai-khoan|nguyen-ly-ke-toan,cao,,g3
6ab692c3f3ad31ef11df0ab0,Ba loại hình kiểm toán doanh nghiệp và nhóm doanh nghiệp bắt buộc kiểm toán,ke-toan.ke-toan-tai-chinh,concept,nguon-ben-ngoai|chi-gai-ke-toan|kiem-toan|ke-toan-quan-tri,3.5.4,Lập BCTC & khoá sổ,3.7.3,nhap-mon,concept,tap-doan,,nguon-ben-ngoai|nguon-chi-gai-ke-toan|kiem-toan,thap,Không có node riêng cho kiểm toán; có thể 3.7.3 (kiểm toán nội bộ).,g3
6ab69376f3ad31ef11df0ad8,"Trích lập dự phòng giảm giá hàng tồn kho và phải thu khó đòi cuối năm: điều kiện, mức trích, và phân biệt 2 tài khoản dự phòng",ke-toan.ke-toan-tai-chinh,regulation,nguon-ben-ngoai|chi-gai-ke-toan|du-phong|bao-cao-tai-chinh|hang-ton-kho,3.5.4,Lập BCTC & khoá sổ,,thuc-thi,regulation,tap-doan,,nguon-ben-ngoai|nguon-chi-gai-ke-toan|du-phong|bao-cao-tai-chinh|hang-ton-kho,cao,,g3
6ab6938af3ad31ef11df0ade,"Kết chuyển cuối kỳ qua tài khoản 911: logic tính lãi/lỗ và các bút toán kết chuyển doanh thu, chi phí, thuế TNDN",ke-toan.ke-toan-tai-chinh,concept,nguon-ben-ngoai|chi-gai-ke-toan|ket-chuyen-cuoi-ky|xac-dinh-ket-qua-kinh-doanh,3.5.4,Lập BCTC & khoá sổ,,thuc-thi,concept,tap-doan,,nguon-ben-ngoai|nguon-chi-gai-ke-toan|ket-chuyen-cuoi-ky|xac-dinh-ket-qua-kinh-doanh,cao,,g3
6ab69484f3ad31ef11df0b19,Checklist 12 việc kế toán cần hoàn thành trong tháng 12 trước khi kết chuyển và lập báo cáo tài chính năm,ke-toan.chung-tu-quy-trinh|ke-toan.ke-toan-tai-chinh,framework,nguon-ben-ngoai|chi-gai-ke-toan|checklist-thang-12|bao-cao-tai-chinh|khoa-so,3.5.4,Lập BCTC & khoá sổ,3.7.4,thuc-thi,checklist,tap-doan,,nguon-ben-ngoai|nguon-chi-gai-ke-toan|checklist-thang-12|bao-cao-tai-chinh|khoa-so,cao,Nhánh cũ chứng từ – quy trình nhưng nội dung là khoá sổ cuối năm → 3.5.4; đổi type sang checklist.,g3
6ab6949cf3ad31ef11df0b1c,Tài khoản 421 lợi nhuận chưa phân phối: kết chuyển lãi/lỗ đầu năm giữa 4211 và 4212,ke-toan.ke-toan-tai-chinh,concept,nguon-ben-ngoai|chi-gai-ke-toan|loi-nhuan-chua-phan-phoi|he-thong-tai-khoan|ket-chuyen-cuoi-ky,3.5.4,Lập BCTC & khoá sổ,,thuc-thi,concept,tap-doan,,nguon-ben-ngoai|nguon-chi-gai-ke-toan|loi-nhuan-chua-phan-phoi|he-thong-tai-khoan|ket-chuyen-cuoi-ky,cao,,g3
6ab694b6f3ad31ef11df0b21,"9 việc kế toán cần hoàn tất trước khi nộp báo cáo tài chính năm: rà soát số liệu, doanh thu, chi phí được/không được trừ, giao dịch liên kết",ke-toan.ke-toan-tai-chinh|ke-toan.chung-tu-quy-trinh,framework,nguon-ben-ngoai|chi-gai-ke-toan|bao-cao-tai-chinh|giao-dich-lien-ket|chi-phi-duoc-tru,3.5.4,Lập BCTC & khoá sổ,3.6.7,thuc-thi,checklist,tap-doan,,nguon-ben-ngoai|nguon-chi-gai-ke-toan|bao-cao-tai-chinh|giao-dich-lien-ket|chi-phi-duoc-tru,cao,Đổi type sang checklist (danh sách việc trước khi nộp BCTC).,g3
6ab69324f3ad31ef11df0ac5,"Phần mềm kế toán chỉ là công cụ hỗ trợ, chất lượng số liệu vẫn do người dùng quyết định",cong-nghe-chuyen-doi-so.phan-mem-quan-tri,insight,nguon-ben-ngoai|chi-gai-ke-toan|phan-mem-ke-toan|ke-toan-quan-tri,3.5.5,Phần mềm kế toán & ERP,5.7.1,dieu-hanh,insight,tap-doan,,nguon-ben-ngoai|nguon-chi-gai-ke-toan|phan-mem-ke-toan,cao,Map mặc định phan-mem-quan-tri → 5.7.1 nhưng có node riêng 3.5.5 cho phần mềm kế toán,g4
6ab68e12f3ad31ef11df0a01,"So sánh thuế và bảo hiểm Nhật Bản với Việt Nam: thuế cư trú, thuế tiêu dùng ăn tại chỗ khác mang về, TNCN tới 45%, bảo hiểm chăm sóc tuổi 40",ke-toan.thue,insight,nguon-ben-ngoai|chi-gai-ke-toan|thue-quoc-te|bao-hiem-xa-hoi|thue-tncn,3.6,Thuế & hoá đơn,,nhap-mon,insight,tap-doan,,nguon-ben-ngoai|nguon-chi-gai-ke-toan|thue-quoc-te|bao-hiem-xa-hoi|thue-tncn,thap,"Tham khảo quốc tế, ít liên quan VCPV; không có node tầng 3 khớp, có thể 3.6.4 hoặc cân nhắc bỏ",g4
6ab68f14f3ad31ef11df0a34,"Hệ thống thuế phí cơ bản của doanh nghiệp: 4 loại chính, phân biệt trực thu/gián thu, và hành trình thuế trọn vòng đời",ke-toan.thue,concept,nguon-ben-ngoai|chi-gai-ke-toan|ke-toan-quan-tri|ke-khai-thue|thue-tndn,3.6,Thuế & hoá đơn,3.6.7,nhap-mon,concept,tap-doan,,nguon-ben-ngoai|nguon-chi-gai-ke-toan|ke-khai-thue|thue-tndn,cao,"Thẻ tổng quan toàn mảng thuế, để ở tầng 2 làm trang nhập môn của 3.6",g4
6ab688e1f3ad31ef11df09bf,"Thời điểm xuất hóa đơn hàng hóa/dịch vụ: theo chuyển giao quyền sở hữu và hoàn thành dịch vụ, không theo dòng tiền",ke-toan.chung-tu-quy-trinh|ke-toan.thue,regulation,nguon-ben-ngoai|co-chinh-qttc|thoi-diem-xuat-hoa-don|hoa-don-dien-tu|xu-phat-hoa-don|cong-no,3.6.1,"Hoá đơn điện tử (NĐ 123, thời điểm xuất)",,thuc-thi,regulation,tap-doan,,nguon-ben-ngoai|nguon-co-chinh-qttc|thoi-diem-xuat-hoa-don|hoa-don-dien-tu|xu-phat-hoa-don|cong-no,cao,,g3
6ab6893cf3ad31ef11df09c0,"Xuất hóa đơn dịch vụ theo hoàn thành hoặc thu tiền trước, phải phân biệt rõ đặt cọc với tạm ứng/thanh toán trước",ke-toan.chung-tu-quy-trinh,regulation,nguon-ben-ngoai|co-chinh-qttc|thoi-diem-xuat-hoa-don|dat-coc-tam-ung|hoa-don-dich-vu,3.6.1,"Hoá đơn điện tử (NĐ 123, thời điểm xuất)",,thuc-thi,regulation,tap-doan,,nguon-ben-ngoai|nguon-co-chinh-qttc|thoi-diem-xuat-hoa-don|dat-coc-tam-ung|hoa-don-dich-vu,cao,,g3
6ab68993f3ad31ef11df09c1,"NĐ310/2025 tăng mạnh mức phạt hóa đơn sai thời điểm, không lập, sai nội dung — theo số lượng hóa đơn",ke-toan.thue|ke-toan.chung-tu-quy-trinh,regulation,nguon-ben-ngoai|co-chinh-qttc|xu-phat-hoa-don|thoi-diem-xuat-hoa-don|khai-bo-sung-thue,3.6.1,Hoá đơn điện tử,,nhap-mon,regulation,tap-doan,,nguon-ben-ngoai|nguon-co-chinh-qttc|xu-phat-hoa-don|thoi-diem-xuat-hoa-don|khai-bo-sung-thue,cao,,g4
6ab689daf3ad31ef11df09c2,"Hóa đơn sai thời điểm/nội dung không chỉ bị phạt mà còn mất khấu trừ, làm bốc hơi lợi nhuận cả quý",ke-toan.chung-tu-quy-trinh,insight,nguon-ben-ngoai|co-chinh-qttc|ghi-nhan-doanh-thu|khau-tru-thue|hoa-don-dien-tu,3.6.1,"Hoá đơn điện tử (NĐ 123, thời điểm xuất)",3.6.7,dieu-hanh,insight,tap-doan,,nguon-ben-ngoai|nguon-co-chinh-qttc|ghi-nhan-doanh-thu|khau-tru-thue|hoa-don-dien-tu,cao,,g3
6ab68a32f3ad31ef11df09c3,"Khuyến mại, biếu tặng vẫn phải xuất hóa đơn theo giá bán, không được ghi giá 0 hoặc giá vốn tùy tiện",ke-toan.chung-tu-quy-trinh|ke-toan.thue,regulation,nguon-ben-ngoai|co-chinh-qttc|khuyen-mai-bieu-tang|hoa-don-dien-tu|ton-kho,3.6.1,"Hoá đơn điện tử (NĐ 123, thời điểm xuất)",3.6.2,thuc-thi,regulation,tap-doan|vcpart,,nguon-ben-ngoai|nguon-co-chinh-qttc|khuyen-mai-bieu-tang|hoa-don-dien-tu|ton-kho,cao,,g3
6ab68adff3ad31ef11df09c5,"Xuất hóa đơn theo đúng loại người mua: khách kinh doanh phải đủ tên/địa chỉ/MST, khách tiêu dùng không bắt buộc CCCD",ke-toan.chung-tu-quy-trinh,regulation,nguon-ben-ngoai|co-chinh-qttc|hoa-don-dien-tu|thong-tin-nguoi-mua|may-tinh-tien,3.6.1,"Hoá đơn điện tử (NĐ 123, thời điểm xuất)",,thuc-thi,regulation,tap-doan|vcpart,,nguon-ben-ngoai|nguon-co-chinh-qttc|hoa-don-dien-tu|thong-tin-nguoi-mua|may-tinh-tien,cao,,g3
6ab68b39f3ad31ef11df09c6,"Điều chỉnh hóa đơn theo NĐ254/2026: sai kỹ thuật chỉ cần thông báo, sai bản chất mới cần biên bản và điều chỉnh",ke-toan.chung-tu-quy-trinh,regulation,nguon-ben-ngoai|co-chinh-qttc|dieu-chinh-hoa-don|hoa-don-dien-tu|hang-tra-lai,3.6.1,"Hoá đơn điện tử (NĐ 123, thời điểm xuất)",,thuc-thi,regulation,tap-doan,,nguon-ben-ngoai|nguon-co-chinh-qttc|dieu-chinh-hoa-don|hoa-don-dien-tu|hang-tra-lai,cao,,g3
6ab68b85f3ad31ef11df09c7,"NĐ254/2026 gom toàn bộ quy định hóa đơn điện tử, chuyển sang quản lý bằng dữ liệu thời gian thực từ 1/7/2026",ke-toan.chung-tu-quy-trinh|ke-toan.thue,regulation,nguon-ben-ngoai|co-chinh-qttc|hoa-don-dien-tu|may-tinh-tien|quan-ly-du-lieu-thue,3.6.1,"Hoá đơn điện tử (NĐ 123, thời điểm xuất)",,dieu-hanh,regulation,tap-doan,,nguon-ben-ngoai|nguon-co-chinh-qttc|hoa-don-dien-tu|may-tinh-tien|quan-ly-du-lieu-thue,cao,,g3
6ab68d0df3ad31ef11df09d4,Hóa đơn từ công ty ma: nhận diện giao dịch trực tiếp/gián tiếp và cách tự bảo vệ khi đối tác bỏ trốn,ke-toan.thue|ke-toan.chung-tu-quy-trinh|phap-ly.quy-dinh-nganh,case_study,nguon-ben-ngoai|chi-gai-ke-toan|hoa-don-bat-hop-phap|cong-ty-ma|chung-tu-ho-so|rui-ro-thue,3.6.1,Hoá đơn điện tử,3.7.1|3.6.7,dieu-hanh,case_study,tap-doan,,nguon-ben-ngoai|nguon-chi-gai-ke-toan|hoa-don-bat-hop-phap|cong-ty-ma|chung-tu-ho-so|rui-ro-thue,cao,"Summary chứa rác XML (</summary>, key_points) cần dọn",g4
6ab68d3ef3ad31ef11df09db,"Xuất hóa đơn theo thời điểm chuyển giao hàng/dịch vụ, không chờ thu tiền, kể cả ngày Tết",ke-toan.chung-tu-quy-trinh|ke-toan.thue,regulation,nguon-ben-ngoai|chi-gai-ke-toan|hoa-don-dien-tu|thoi-diem-xuat-hoa-don|cong-no,3.6.1,"Hoá đơn điện tử (NĐ 123, thời điểm xuất)",,thuc-thi,regulation,tap-doan,,nguon-ben-ngoai|nguon-chi-gai-ke-toan|hoa-don-dien-tu|thoi-diem-xuat-hoa-don|cong-no,cao,,g3
6ab68d74f3ad31ef11df09e4,"Mức phạt không xuất hóa đơn bán hàng, khuyến mại, biếu tặng theo số lượng hóa đơn (NĐ 310/2025)",ke-toan.thue,regulation,nguon-ben-ngoai|chi-gai-ke-toan|hoa-don-dien-tu|xu-phat-hanh-chinh|khuyen-mai-bieu-tang,3.6.1,Hoá đơn điện tử,,nhap-mon,regulation,tap-doan,,nguon-ben-ngoai|nguon-chi-gai-ke-toan|hoa-don-dien-tu|xu-phat-hanh-chinh|khuyen-mai-bieu-tang,cao,"Summary chứa rác XML (</summary>, key_points) cần dọn",g4
6ab68d8af3ad31ef11df09e9,"Bán hàng qua đơn vị chuyển phát thu hộ: xuất hóa đơn theo thời điểm đối soát, không quá 7 ngày",ke-toan.chung-tu-quy-trinh,regulation,nguon-ben-ngoai|chi-gai-ke-toan|hoa-don-dien-tu|thoi-diem-xuat-hoa-don|doi-soat-cong-no,3.6.1,"Hoá đơn điện tử (NĐ 123, thời điểm xuất)",,thuc-thi,regulation,tap-doan|vcpart,,nguon-ben-ngoai|nguon-chi-gai-ke-toan|hoa-don-dien-tu|thoi-diem-xuat-hoa-don|doi-soat-cong-no,cao,,g3
6ab68da4f3ad31ef11df09ee,Không xuất hóa đơn có phải trốn thuế? Chỉ đúng khi vừa không xuất hóa đơn vừa không kê khai thuế,ke-toan.thue|phap-ly.quy-dinh-nganh,regulation,nguon-ben-ngoai|chi-gai-ke-toan|tron-thue|hoa-don-dien-tu|thuong-mai-dien-tu,3.6.1,Hoá đơn điện tử,3.6.7|3.6.6,nhap-mon,regulation,tap-doan,,nguon-ben-ngoai|nguon-chi-gai-ke-toan|tron-thue|hoa-don-dien-tu|thuong-mai-dien-tu,cao,"Summary chứa rác XML (</summary>, key_points) cần dọn",g4
6ab68dcbf3ad31ef11df09f3,Cách tự tra cứu hóa đơn điện tử mua vào/bán ra trên hệ thống của Tổng cục Thuế để không bỏ sót,ke-toan.thue|ke-toan.chung-tu-quy-trinh,lesson,nguon-ben-ngoai|chi-gai-ke-toan|hoa-don-dien-tu|tra-cuu-hoa-don|ke-toan-thuc-hanh,3.6.1,Hoá đơn điện tử,3.7.1,thuc-thi,sop,tap-doan,,nguon-ben-ngoai|nguon-chi-gai-ke-toan|hoa-don-dien-tu|tra-cuu-hoa-don|ke-toan-thuc-hanh,cao,Đổi type lesson → sop vì là hướng dẫn thao tác từng bước. Summary chứa rác XML cần dọn,g4
6ab68ddff3ad31ef11df09f7,"Xuất hóa đơn sai thời điểm: 5 nguyên nhân thường gặp và mức phạt theo NĐ125, NĐ310",ke-toan.chung-tu-quy-trinh|ke-toan.thue,regulation,nguon-ben-ngoai|chi-gai-ke-toan|hoa-don-dien-tu|thoi-diem-xuat-hoa-don|xu-phat-hoa-don,3.6.1,"Hoá đơn điện tử (NĐ 123, thời điểm xuất)",,thuc-thi,regulation,tap-doan,,nguon-ben-ngoai|nguon-chi-gai-ke-toan|hoa-don-dien-tu|thoi-diem-xuat-hoa-don|xu-phat-hoa-don,cao,,g3
6ab68df0f3ad31ef11df09fa,Bắt buộc xác thực sinh trắc học khi đăng ký/thay đổi thông tin hóa đơn điện tử từ 15/5 để chống hóa đơn khống,ke-toan.thue|phap-ly.quy-dinh-nganh,regulation,nguon-ben-ngoai|chi-gai-ke-toan|hoa-don-dien-tu|xac-thuc-sinh-trac-hoc|cong-ty-ma,3.6.1,Hoá đơn điện tử,,thuc-thi,regulation,tap-doan,,nguon-ben-ngoai|nguon-chi-gai-ke-toan|hoa-don-dien-tu|xac-thuc-sinh-trac-hoc|cong-ty-ma,cao,"Summary của thẻ chứa rác XML (</summary>, key_points) — cần dọn nội dung khi cập nhật",g4
6ab68e17f3ad31ef11df0a02,"Xuất hóa đơn tự động cho đơn hàng sàn TMĐT: dùng phần mềm kết nối để tránh ""núi việc"" thủ công",cong-nghe-chuyen-doi-so.phan-mem-quan-tri|ke-toan.thue,insight,nguon-ben-ngoai|chi-gai-ke-toan|thuong-mai-dien-tu|hoa-don-dien-tu|tu-dong-hoa|phan-mem-ke-toan,3.6.1,Hoá đơn điện tử,5.7.1|2.5.6,thiet-ke,insight,vcpart,qt.san-tmdt.d,nguon-ben-ngoai|nguon-chi-gai-ke-toan|thuong-mai-dien-tu|hoa-don-dien-tu|tu-dong-hoa|phan-mem-ke-toan,thap,Nhánh cũ là phan-mem-quan-tri (→5.7.1) nhưng nội dung là xuất hoá đơn cho đơn sàn; có thể 5.7.1. Summary chứa rác XML cần dọn,g4
6ab68e23f3ad31ef11df0a07,Người bán xuất hóa đơn sai thời điểm: rủi ro của bên mua khác nhau tùy có giao dịch thật hay không,ke-toan.chung-tu-quy-trinh,case_study,nguon-ben-ngoai|chi-gai-ke-toan|thoi-diem-xuat-hoa-don|hoa-don-bat-hop-phap,3.6.1,"Hoá đơn điện tử (NĐ 123, thời điểm xuất)",3.7.1,thuc-thi,case_study,tap-doan,,nguon-ben-ngoai|nguon-chi-gai-ke-toan|thoi-diem-xuat-hoa-don|hoa-don-bat-hop-phap,cao,,g3
6ab68e65f3ad31ef11df0a12,"5 trường hợp được ghi ""người mua không lấy hóa đơn"" khi xuất hóa đơn điện tử",ke-toan.chung-tu-quy-trinh,regulation,nguon-ben-ngoai|chi-gai-ke-toan|hoa-don-dien-tu|nguoi-mua-khong-lay-hoa-don|may-tinh-tien,3.6.1,"Hoá đơn điện tử (NĐ 123, thời điểm xuất)",,thuc-thi,regulation,tap-doan,,nguon-ben-ngoai|nguon-chi-gai-ke-toan|hoa-don-dien-tu|nguoi-mua-khong-lay-hoa-don|may-tinh-tien,cao,,g3
6ab68eb1f3ad31ef11df0a23,"Ghi thông tin khách lẻ trên hóa đơn điện tử: chỉ ghi những gì khách cung cấp, không bắt buộc CCCD",ke-toan.chung-tu-quy-trinh,regulation,nguon-ben-ngoai|chi-gai-ke-toan|hoa-don-dien-tu|thong-tin-nguoi-mua|khach-le,3.6.1,"Hoá đơn điện tử (NĐ 123, thời điểm xuất)",,thuc-thi,regulation,tap-doan|vcpart,,nguon-ben-ngoai|nguon-chi-gai-ke-toan|hoa-don-dien-tu|thong-tin-nguoi-mua|khach-le,cao,,g3
6ab68f03f3ad31ef11df0a30,8 trường hợp được phép xuất hóa đơn lùi ngày/ký số trễ theo Nghị định 70/2025,ke-toan.chung-tu-quy-trinh|ke-toan.thue,regulation,nguon-ben-ngoai|chi-gai-ke-toan|hoa-don-dien-tu|thoi-diem-xuat-hoa-don|nghi-dinh-70-2025,3.6.1,"Hoá đơn điện tử (NĐ 123, thời điểm xuất)",,thuc-thi,regulation,tap-doan,,nguon-ben-ngoai|nguon-chi-gai-ke-toan|hoa-don-dien-tu|thoi-diem-xuat-hoa-don|nghi-dinh-70-2025,cao,,g3
6ab68f4af3ad31ef11df0a3f,"7 điểm nổi bật về hóa đơn theo Nghị định 254/2026: bán cho người tiêu dùng, đặt cọc, sàn TMĐT",ke-toan.chung-tu-quy-trinh,regulation,nguon-ben-ngoai|chi-gai-ke-toan|hoa-don-dien-tu|nghi-dinh-254-2026|khach-le,3.6.1,"Hoá đơn điện tử (NĐ 123, thời điểm xuất)",,thuc-thi,regulation,tap-doan|vcpart,,nguon-ben-ngoai|nguon-chi-gai-ke-toan|hoa-don-dien-tu|nghi-dinh-254-2026|khach-le,cao,,g3
6ab68f97f3ad31ef11df0a4c,"Hóa đơn kèm bảng kê và xuất hóa đơn gộp: chỉ áp dụng đúng ngành luật liệt kê, không suy diễn",ke-toan.chung-tu-quy-trinh,regulation,nguon-ben-ngoai|chi-gai-ke-toan|hoa-don-dien-tu|hoa-don-kem-bang-ke|xuat-hoa-don-gop,3.6.1,"Hoá đơn điện tử (NĐ 123, thời điểm xuất)",,thuc-thi,regulation,tap-doan|vcpart,,nguon-ben-ngoai|nguon-chi-gai-ke-toan|hoa-don-dien-tu|hoa-don-kem-bang-ke|xuat-hoa-don-gop,cao,,g3
6ab68fe7f3ad31ef11df0a5b,"Ai phải xuất hóa đơn từ máy tính tiền, ai được dùng hóa đơn điện tử không mã",ke-toan.thue|ke-toan.chung-tu-quy-trinh,regulation,nguon-ben-ngoai|chi-gai-ke-toan|hoa-don-dien-tu|may-tinh-tien|ho-kinh-doanh,3.6.1,Hoá đơn điện tử,3.6.6,nhap-mon,regulation,tap-doan,,nguon-ben-ngoai|nguon-chi-gai-ke-toan|hoa-don-dien-tu|may-tinh-tien|ho-kinh-doanh,cao,,g4
6ab69035f3ad31ef11df0a66,"Xử lý hóa đơn điện tử sai sót: khi nào hủy, điều chỉnh hay thay thế, và cách kê khai lại",ke-toan.chung-tu-quy-trinh,framework,nguon-ben-ngoai|chi-gai-ke-toan|hoa-don-dien-tu|hoa-don-sai-sot|ke-khai-thue,3.6.1,"Hoá đơn điện tử (NĐ 123, thời điểm xuất)",3.6.7,thuc-thi,framework,tap-doan,,nguon-ben-ngoai|nguon-chi-gai-ke-toan|hoa-don-dien-tu|hoa-don-sai-sot|ke-khai-thue,cao,,g3
6ab6908ff3ad31ef11df0a71,"Hóa đơn khống: nhận diện qua bản chất giao dịch, không chỉ nhìn số tiền hay giá trị",ke-toan.chung-tu-quy-trinh|ke-toan.thue,regulation,nguon-ben-ngoai|chi-gai-ke-toan|hoa-don-khong|hoa-don-bat-hop-phap|xu-phat-hoa-don,3.6.1,"Hoá đơn điện tử (NĐ 123, thời điểm xuất)",3.7.1,thuc-thi,regulation,tap-doan,,nguon-ben-ngoai|nguon-chi-gai-ke-toan|hoa-don-khong|hoa-don-bat-hop-phap|xu-phat-hoa-don,cao,,g3
6ab7015bf3ad31ef11df0e28,Doanh thu trên 1 tỷ/năm phải xuất hoá đơn điện tử: cần liên hệ cơ quan thuế và đăng ký phần mềm hoá đơn,ke-toan.chung-tu-quy-trinh,regulation,nguon-ben-ngoai|the-hoang-work|hoa-don-dien-tu|ho-kinh-doanh|van-hanh-san-tmdt,3.6.1,"Hoá đơn điện tử (NĐ 123, thời điểm xuất)",3.6.6,thuc-thi,regulation,vcpart,qt.san-tmdt.d,nguon-ben-ngoai|nguon-the-hoang-work|hoa-don-dien-tu|ho-kinh-doanh|van-hanh-san-tmdt,cao,,g3
6ab68d52f3ad31ef11df09df,Hàng hóa dịch vụ chịu thuế 0% và không chịu thuế GTGT: cùng ra số 0 nhưng khác nhau ở quyền khấu trừ đầu vào,ke-toan.thue,concept,nguon-ben-ngoai|chi-gai-ke-toan|khau-tru-vat|khong-chiu-thue|ke-toan-quan-tri,3.6.2,Thuế GTGT,,nhap-mon,concept,tap-doan,,nguon-ben-ngoai|nguon-chi-gai-ke-toan|khau-tru-vat|khong-chiu-thue,cao,,g4
6ab68da1f3ad31ef11df09ed,"Giảm thuế GTGT 2%: nhóm hàng được áp dụng, mức giảm theo từng đối tượng và cách kê khai phụ lục trên HTKK",ke-toan.thue|cong-nghe-chuyen-doi-so.phan-mem-quan-tri,regulation,nguon-ben-ngoai|chi-gai-ke-toan|giam-thue-gtgt|hoa-don-dien-tu|ke-khai-thue,3.6.2,Thuế GTGT,,thuc-thi,regulation,tap-doan,,nguon-ben-ngoai|nguon-chi-gai-ke-toan|giam-thue-gtgt|hoa-don-dien-tu|ke-khai-thue,cao,,g4
6ab68de2f3ad31ef11df09f9,8 trường hợp doanh nghiệp được hoàn thuế GTGT theo Thông tư 219/2013 và các sửa đổi,ke-toan.thue,regulation,nguon-ben-ngoai|chi-gai-ke-toan|hoan-thue-gtgt|du-an-dau-tu|ke-toan-quan-tri,3.6.2,Thuế GTGT,,nhap-mon,regulation,tap-doan,,nguon-ben-ngoai|nguon-chi-gai-ke-toan|hoan-thue-gtgt|du-an-dau-tu,cao,,g4
6ab68e18f3ad31ef11df0a03,"Sửa tờ khai thuế GTGT kỳ trước bị sai: làm tờ khai bổ sung của kỳ sai, điều chỉnh số dư vào kỳ hiện tại",ke-toan.thue,lesson,nguon-ben-ngoai|chi-gai-ke-toan|ke-khai-thue|to-khai-bo-sung|khau-tru-vat,3.6.2,Thuế GTGT,3.6.7,thuc-thi,lesson,tap-doan,,nguon-ben-ngoai|nguon-chi-gai-ke-toan|ke-khai-thue|to-khai-bo-sung|khau-tru-vat,cao,,g4
6ab68e47f3ad31ef11df0a0a,"Đối chiếu TK 133, 33311 với tờ khai thuế GTGT: chỉ tiêu 40 và 43 phải khớp số dư sổ sách",ke-toan.thue,concept,nguon-ben-ngoai|chi-gai-ke-toan|doi-chieu-so-lieu|ke-khai-thue|khau-tru-vat,3.6.2,Thuế GTGT,3.7.4,thuc-thi,concept,tap-doan,,nguon-ben-ngoai|nguon-chi-gai-ke-toan|doi-chieu-so-lieu|ke-khai-thue|khau-tru-vat,cao,,g4
6ab68e4cf3ad31ef11df0a0d,"Giá tính thuế và hạch toán hàng khuyến mại, cho biếu tặng theo Nghị định 181/2025",ke-toan.thue,regulation,nguon-ben-ngoai|chi-gai-ke-toan|khuyen-mai-bieu-tang|gia-tinh-thue|vat-dau-vao|thue-tndn,3.6.2,Thuế GTGT,3.6.3|1.5.1,thuc-thi,regulation,tap-doan,,nguon-ben-ngoai|nguon-chi-gai-ke-toan|khuyen-mai-bieu-tang|gia-tinh-thue|vat-dau-vao|thue-tndn,cao,"Summary của thẻ chứa rác XML (</summary>, key_points) — cần dọn nội dung khi cập nhật",g4
6ab68e8ef3ad31ef11df0a1a,Điều kiện khấu trừ VAT đầu vào: hóa đơn hợp pháp và thanh toán không dùng tiền mặt — ngưỡng đã giảm từ 20 triệu xuống 5 triệu,ke-toan.thue,regulation,nguon-ben-ngoai|chi-gai-ke-toan|khau-tru-vat|thanh-toan-khong-tien-mat|hoa-don-dien-tu,3.6.2,Thuế GTGT,3.7.1,thuc-thi,regulation,tap-doan,,nguon-ben-ngoai|nguon-chi-gai-ke-toan|khau-tru-vat|thanh-toan-khong-tien-mat|hoa-don-dien-tu,cao,"Summary của thẻ chứa rác XML (</summary>, key_points) — cần dọn nội dung khi cập nhật",g4
6ab68ec3f3ad31ef11df0a24,"Khấu trừ VAT khi mua trả chậm, trả góp: được khấu trừ tạm thời, điều chỉnh giảm khi nợ quá hạn, khấu trừ bổ sung khi thanh toán",ke-toan.thue,regulation,nguon-ben-ngoai|chi-gai-ke-toan|khau-tru-vat|tra-cham-tra-gop|thanh-toan-khong-tien-mat,3.6.2,Thuế GTGT,3.2.3,thuc-thi,regulation,tap-doan,,nguon-ben-ngoai|nguon-chi-gai-ke-toan|khau-tru-vat|tra-cham-tra-gop|thanh-toan-khong-tien-mat,cao,,g4
6ab68ec5f3ad31ef11df0a25,Chi phí quảng cáo TikTok: được ghi nhận chi phí nhưng VAT chưa được khấu trừ vì hóa đơn TikTok chưa phải hóa đơn GTGT,ke-toan.thue,regulation,nguon-ben-ngoai|chi-gai-ke-toan|thue-nha-thau|khau-tru-vat|chi-phi-duoc-tru,3.6.2,Thuế GTGT,3.6.3|1.3.2,thuc-thi,regulation,tap-doan,,nguon-ben-ngoai|nguon-chi-gai-ke-toan|thue-nha-thau|khau-tru-vat|chi-phi-duoc-tru,cao,,g4
6ab68eeaf3ad31ef11df0a2e,VAT phát sinh trước khi thành lập doanh nghiệp vẫn được khấu trừ nếu có văn bản ủy quyền và thanh toán không dùng tiền mặt,ke-toan.thue,regulation,nguon-ben-ngoai|chi-gai-ke-toan|khau-tru-vat|thanh-lap-doanh-nghiep|thanh-toan-khong-tien-mat,3.6.2,Thuế GTGT,,thuc-thi,regulation,tap-doan,,nguon-ben-ngoai|nguon-chi-gai-ke-toan|khau-tru-vat|thanh-lap-doanh-nghiep|thanh-toan-khong-tien-mat,cao,,g4
6ab68f27f3ad31ef11df0a39,"Luật thuế GTGT mới (48/2025 và sửa đổi 149/2025): điều kiện khấu trừ, hoàn thuế và các mốc thay đổi từ dự thảo đến chính thức",ke-toan.thue,regulation,nguon-ben-ngoai|chi-gai-ke-toan|luat-thue-gtgt|hoan-thue|khau-tru-vat|ho-kinh-doanh,3.6.2,Thuế GTGT,,nhap-mon,regulation,tap-doan,,nguon-ben-ngoai|nguon-chi-gai-ke-toan|luat-thue-gtgt|hoan-thue|khau-tru-vat|ho-kinh-doanh,cao,"Summary của thẻ chứa rác XML (</summary>, <parameter name=key_points>) — cần dọn nội dung khi cập nhật",g4
6ab68f6af3ad31ef11df0a46,"Bản chất thuế GTGT: doanh nghiệp chỉ thu hộ nhà nước, người tiêu dùng cuối cùng mới thực sự chịu thuế",ke-toan.ke-toan-tai-chinh,concept,nguon-ben-ngoai|co-chinh-qttc|thue-gtgt|khau-tru-vat|ke-toan-thue,3.6.2,Thuế GTGT,,nhap-mon,concept,tap-doan,,nguon-ben-ngoai|nguon-co-chinh-qttc|thue-gtgt|khau-tru-vat|ke-toan-thue,cao,Thẻ thuế lạc vào kế toán tài chính → 3.6.2.,g3
6ab68fc8f3ad31ef11df0a57,"6 nguyên tắc bảo vệ quyền khấu trừ VAT đầu vào - hóa đơn thật, chi phí thật vẫn bị loại nếu thiếu một điều kiện",ke-toan.ke-toan-tai-chinh,framework,nguon-ben-ngoai|co-chinh-qttc|khau-tru-vat|thue-gtgt|chi-phi-duoc-tru|thanh-toan-khong-dung-tien-mat,3.6.2,Thuế GTGT,3.7.1,thuc-thi,framework,tap-doan,,nguon-ben-ngoai|nguon-co-chinh-qttc|khau-tru-vat|thue-gtgt|chi-phi-duoc-tru|thanh-toan-khong-dung-tien-mat,cao,Thẻ thuế lạc vào kế toán tài chính → 3.6.2.,g3
6ab6902cf3ad31ef11df0a64,Hoàn thuế GTGT khác khấu trừ như thế nào - 8 trường hợp được hoàn và lộ trình tự động hóa hoàn thuế 2026,ke-toan.ke-toan-tai-chinh,concept,nguon-ben-ngoai|co-chinh-qttc|hoan-thue-gtgt|khau-tru-vat|thue-gtgt,3.6.2,Thuế GTGT,,thuc-thi,concept,tap-doan,,nguon-ben-ngoai|nguon-co-chinh-qttc|hoan-thue-gtgt|khau-tru-vat|thue-gtgt,cao,Thẻ thuế lạc vào kế toán tài chính → 3.6.2.,g3
6ab690a0f3ad31ef11df0a72,"5 mức thuế GTGT (0%, 5%, 8%, 10%, không chịu thuế) và 28 nhóm hàng không chịu thuế - chọn sai mức khiến doanh nghiệp gánh thuế thay khách hoặc bị loại chi phí",ke-toan.ke-toan-tai-chinh,regulation,nguon-ben-ngoai|co-chinh-qttc|thue-gtgt|hoa-don-dien-tu|khau-tru-vat|khong-chiu-thue,3.6.2,Thuế GTGT,3.6.1,thuc-thi,regulation,tap-doan,,nguon-ben-ngoai|nguon-co-chinh-qttc|thue-gtgt|hoa-don-dien-tu|khau-tru-vat|khong-chiu-thue,cao,Thẻ thuế lạc vào kế toán tài chính → 3.6.2.,g3
6ab690fdf3ad31ef11df0a7a,VAT nông sản: cùng là hàng nông sản nhưng thuế khác nhau tùy nguồn gốc và bán cho ai - điểm sửa Luật Thuế GTGT từ 1/1/2026,ke-toan.ke-toan-tai-chinh,regulation,nguon-ben-ngoai|co-chinh-qttc|thue-gtgt|khong-chiu-thue|nong-san|luat-thue-gtgt-sua-doi,3.6.2,Thuế GTGT,,thuc-thi,regulation,tap-doan,,nguon-ben-ngoai|nguon-co-chinh-qttc|thue-gtgt|khong-chiu-thue|nong-san|luat-thue-gtgt-sua-doi,cao,"Thẻ thuế lạc vào kế toán tài chính → 3.6.2; nội dung ngành nông sản, ít liên quan VCPV.",g3
6ab69156f3ad31ef11df0a7e,"Thuế GTGT tính theo hóa đơn, không theo dòng tiền: khách chưa trả tiền không phải lý do được giảm VAT đã kê khai",ke-toan.ke-toan-tai-chinh,insight,nguon-ben-ngoai|co-chinh-qttc|thue-gtgt|no-kho-doi|dong-tien|thue-tndn,3.6.2,Thuế GTGT,3.2.2,thuc-thi,insight,tap-doan,,nguon-ben-ngoai|nguon-co-chinh-qttc|thue-gtgt|no-kho-doi|dong-tien|thue-tndn,cao,Thẻ thuế lạc vào kế toán tài chính → 3.6.2.,g3
6ab68a85f3ad31ef11df09c4,"Chương trình khuyến mại: phải đăng ký/thông báo đúng thủ tục, đúng hạn mức 50%, nếu không bị loại chi phí",ke-toan.thue|ke-toan.chung-tu-quy-trinh,regulation,nguon-ben-ngoai|co-chinh-qttc|khuyen-mai-bieu-tang|xu-phat-hoa-don|chi-phi-duoc-tru,3.6.3,Thuế TNDN & chi phí được trừ,1.5.1,thuc-thi,regulation,tap-doan,,nguon-ben-ngoai|nguon-co-chinh-qttc|khuyen-mai-bieu-tang|xu-phat-hoa-don|chi-phi-duoc-tru,cao,,g4
6ab68cebf3ad31ef11df09cb,Nghị định 141/2026: nâng ngưỡng doanh thu miễn thuế TNDN từ 500 triệu lên 1 tỷ đồng,ke-toan.thue,regulation,nguon-ben-ngoai|co-chinh-qttc|thue-tndn|doanh-nghiep-nho|hoa-don-dien-tu|nguong-doanh-thu,3.6.3,Thuế TNDN & chi phí được trừ,,nhap-mon,regulation,tap-doan,,nguon-ben-ngoai|nguon-co-chinh-qttc|thue-tndn|doanh-nghiep-nho|hoa-don-dien-tu|nguong-doanh-thu,cao,,g4
6ab68d0bf3ad31ef11df09d3,"Luật Thuế TNDN 67/2025: mở rộng chi phí được trừ ở R&D, phúc lợi luật hóa và tài trợ hạ tầng/thiên tai",ke-toan.thue,regulation,nguon-ben-ngoai|co-chinh-qttc|chi-phi-duoc-tru|luat-thue-tndn-67-2025|thue-tndn,3.6.3,Thuế TNDN & chi phí được trừ,,nhap-mon,regulation,tap-doan,,nguon-ben-ngoai|nguon-co-chinh-qttc|chi-phi-duoc-tru|luat-thue-tndn-67-2025|thue-tndn,cao,,g4
6ab68d12f3ad31ef11df09d5,"Thanh toán không tiền mặt từ 5 triệu theo Nghị định 320: mốc hiệu lực và các tình huống hay nhầm (đặt cọc, lương, lì xì)",ke-toan.thue,regulation,nguon-ben-ngoai|chi-gai-ke-toan|thanh-toan-khong-tien-mat|chi-phi-duoc-tru|dong-tien,3.6.3,Thuế TNDN & chi phí được trừ,3.7.2,thuc-thi,regulation,tap-doan,,nguon-ben-ngoai|nguon-chi-gai-ke-toan|thanh-toan-khong-tien-mat|chi-phi-duoc-tru|dong-tien,cao,,g4
6ab68d36f3ad31ef11df09d9,"Nghị định 320/2025 và Thông tư 20/2026: làm rõ doanh thu tính thuế, chi phí được trừ và hồ sơ chứng minh",ke-toan.thue,regulation,nguon-ben-ngoai|co-chinh-qttc|chi-phi-duoc-tru|nghi-dinh-320-2025|thong-tu-20-2026,3.6.3,Thuế TNDN & chi phí được trừ,,nhap-mon,regulation,tap-doan,,nguon-ben-ngoai|nguon-co-chinh-qttc|chi-phi-duoc-tru|nghi-dinh-320-2025|thong-tu-20-2026,cao,,g4
6ab68d49f3ad31ef11df09dd,"Ô tô từ 9 chỗ trở xuống: nguyên giá và VAT khấu trừ tối đa 1,6 tỷ nếu không kinh doanh vận tải",ke-toan.thue|ke-toan.ke-toan-tai-chinh,regulation,nguon-ben-ngoai|chi-gai-ke-toan|tscd-oto|chi-phi-duoc-tru|khau-hao-tscd,3.6.3,Thuế TNDN & chi phí được trừ,3.6.2,thuc-thi,regulation,tap-doan,,nguon-ben-ngoai|nguon-chi-gai-ke-toan|tscd-oto|chi-phi-duoc-tru|khau-hao-tscd,cao,,g4
6ab68d77f3ad31ef11df09e5,"3 nguyên tắc chuyển lỗ thuế TNDN: chuyển tối đa bằng lãi, không chuyển khi lỗ, tối đa 5 năm",ke-toan.thue,regulation,nguon-ben-ngoai|chi-gai-ke-toan|chuyen-lo|thue-tndn|quyet-toan-thue,3.6.3,Thuế TNDN & chi phí được trừ,,thuc-thi,regulation,tap-doan,,nguon-ben-ngoai|nguon-chi-gai-ke-toan|chuyen-lo|thue-tndn|quyet-toan-thue,cao,,g4
6ab68d7df3ad31ef11df09e7,"Chi phúc lợi cho người lao động: trần 1 tháng lương và bẫy ""gọi tên sai bản chất"" khiến bị loại chi phí",ke-toan.thue,regulation,nguon-ben-ngoai|co-chinh-qttc|chi-phi-duoc-tru|chi-phuc-loi|bao-hiem-xa-hoi,3.6.3,Thuế TNDN & chi phí được trừ,4.4.2,thuc-thi,regulation,tap-doan,,nguon-ben-ngoai|nguon-co-chinh-qttc|chi-phi-duoc-tru|chi-phuc-loi|bao-hiem-xa-hoi,cao,,g4
6ab68da0f3ad31ef11df09ec,Vì sao lợi nhuận kế toán và lợi nhuận tính thuế TNDN luôn khác nhau,ke-toan.thue,concept,nguon-ben-ngoai|chi-gai-ke-toan|loi-nhuan-tinh-thue|chi-phi-duoc-tru|quyet-toan-thue,3.6.3,Thuế TNDN & chi phí được trừ,,nhap-mon,concept,tap-doan,,nguon-ben-ngoai|nguon-chi-gai-ke-toan|loi-nhuan-tinh-thue|chi-phi-duoc-tru|quyet-toan-thue,cao,,g4
6ab68dd0f3ad31ef11df09f5,"6 lớp điều kiện để chi lương thưởng, phụ cấp cho người lao động được tính chi phí được trừ",ke-toan.thue,framework,nguon-ben-ngoai|co-chinh-qttc|chi-phi-duoc-tru|tien-luong|bao-hiem-xa-hoi,3.6.3,Thuế TNDN & chi phí được trừ,4.4.1|3.6.4,thuc-thi,framework,tap-doan,,nguon-ben-ngoai|nguon-co-chinh-qttc|chi-phi-duoc-tru|tien-luong|bao-hiem-xa-hoi,cao,,g4
6ab68e08f3ad31ef11df09fe,Miễn thuế TNDN 3 năm cho DN vừa và nhỏ mới thành lập theo Nghị quyết 198 và NĐ 20/2026,ke-toan.thue,regulation,nguon-ben-ngoai|chi-gai-ke-toan|mien-thue-tndn|nghi-quyet-198|doanh-nghiep-moi-thanh-lap,3.6.3,Thuế TNDN & chi phí được trừ,5.1.4,nhap-mon,regulation,tap-doan,,nguon-ben-ngoai|nguon-chi-gai-ke-toan|mien-thue-tndn|nghi-quyet-198|doanh-nghiep-moi-thanh-lap,cao,,g4
6ab68e19f3ad31ef11df0a04,Chi phí lãi vay dễ bị loại: quy tắc 30% EBITDA trong giao dịch liên kết và hồ sơ vay bằng tài sản cá nhân,ke-toan.thue,regulation,nguon-ben-ngoai|co-chinh-qttc|chi-phi-duoc-tru|chi-phi-lai-vay|giao-dich-lien-ket,3.6.3,Thuế TNDN & chi phí được trừ,3.7.5|3.4.1,thuc-thi,regulation,tap-doan,,nguon-ben-ngoai|nguon-co-chinh-qttc|chi-phi-duoc-tru|chi-phi-lai-vay|giao-dich-lien-ket,cao,,g4
6ab68e68f3ad31ef11df0a13,"Hủy hàng tồn kho, thanh lý tài sản, tổn thất thiên tai: mất tài sản mà thiếu hồ sơ còn mất luôn chi phí được trừ",ke-toan.thue,regulation,nguon-ben-ngoai|co-chinh-qttc|chi-phi-duoc-tru|huy-tai-san|ton-that-thien-tai,3.6.3,Thuế TNDN & chi phí được trừ,3.7.1,thuc-thi,regulation,tap-doan,,nguon-ben-ngoai|nguon-co-chinh-qttc|chi-phi-duoc-tru|huy-tai-san|ton-that-thien-tai,cao,,g4
6ab68e6af3ad31ef11df0a15,Thao tác kê khai miễn thuế TNDN 3 năm trên phần mềm HTKK: phụ lục 03A và các tình huống thực tế,ke-toan.thue,lesson,nguon-ben-ngoai|chi-gai-ke-toan|mien-thue-tndn|htkk|quyet-toan-thue,3.6.3,Thuế TNDN & chi phí được trừ,3.6.7,thuc-thi,lesson,tap-doan,,nguon-ben-ngoai|nguon-chi-gai-ke-toan|mien-thue-tndn|htkk|quyet-toan-thue,cao,,g4
6ab68eacf3ad31ef11df0a1e,"Chi tài trợ: đúng loại luật cho phép, đúng người nhận, đúng mục đích và đủ hồ sơ mới được trừ thuế",ke-toan.thue,regulation,nguon-ben-ngoai|co-chinh-qttc|chi-phi-duoc-tru|chi-tai-tro,3.6.3,Thuế TNDN & chi phí được trừ,,thuc-thi,regulation,tap-doan,,nguon-ben-ngoai|nguon-co-chinh-qttc|chi-phi-duoc-tru|chi-tai-tro,cao,,g4
6ab68eadf3ad31ef11df0a20,Ngưỡng 5 triệu đồng/ngày/nhà cung cấp phải thanh toán không dùng tiền mặt mới được trừ chi phí và khấu trừ VAT - các mốc quy định và bẫy thường gặp,ke-toan.ke-toan-tai-chinh,regulation,nguon-ben-ngoai|co-chinh-qttc|chi-phi-duoc-tru|khau-tru-vat|thanh-toan-khong-dung-tien-mat|thue-tndn,3.6.3,Thuế TNDN & chi phí được trừ,3.7.2,thuc-thi,regulation,tap-doan,,nguon-ben-ngoai|nguon-co-chinh-qttc|chi-phi-duoc-tru|khau-tru-vat|thanh-toan-khong-dung-tien-mat|thue-tndn,cao,Thẻ thuế lạc vào kế toán tài chính → 3.6.3.,g3
6ab68edbf3ad31ef11df0a2b,"Chi phí xăng dầu xe cá nhân dùng cho công ty: không có cách ""hợp thức hóa"", chỉ có cách làm đúng bản chất",ke-toan.thue,regulation,nguon-ben-ngoai|co-chinh-qttc|chi-phi-duoc-tru|chi-phi-xang-dau|hop-dong-thue-tai-san,3.6.3,Thuế TNDN & chi phí được trừ,,thuc-thi,regulation,tap-doan,,nguon-ben-ngoai|nguon-co-chinh-qttc|chi-phi-duoc-tru|chi-phi-xang-dau|hop-dong-thue-tai-san,cao,,g4
6ab68f05f3ad31ef11df0a31,Luật thuế TNDN sửa đổi từ 1/10/2025: 3 mức thuế suất 15-17-20% theo doanh thu năm trước,ke-toan.thue,regulation,nguon-ben-ngoai|chi-gai-ke-toan|thue-suat-tndn|luat-thue-tndn|thue-tncn,3.6.3,Thuế TNDN & chi phí được trừ,,nhap-mon,regulation,tap-doan,,nguon-ben-ngoai|nguon-chi-gai-ke-toan|thue-suat-tndn|luat-thue-tndn,cao,,g4
6ab68f0ff3ad31ef11df0a33,"Chi phí mua hàng được trừ phải qua ""2 cửa"": hóa đơn hợp pháp hoặc bảng kê mẫu 02 chỉ áp dụng cho 5 trường hợp cụ thể",ke-toan.ke-toan-tai-chinh,framework,nguon-ben-ngoai|co-chinh-qttc|chi-phi-duoc-tru|bang-ke-mau-02|hoa-don-dien-tu|thanh-toan-khong-dung-tien-mat,3.6.3,Thuế TNDN & chi phí được trừ,3.7.1,thuc-thi,framework,tap-doan,,nguon-ben-ngoai|nguon-co-chinh-qttc|chi-phi-duoc-tru|bang-ke-mau-02|hoa-don-dien-tu|thanh-toan-khong-dung-tien-mat,cao,Thẻ thuế lạc vào kế toán tài chính → 3.6.3.,g3
6ab68f2bf3ad31ef11df0a3b,Quảng cáo sai sự thật có thể kéo theo rủi ro mất chi phí được trừ và bị áp sai thuế suất VAT,ke-toan.thue,insight,nguon-ben-ngoai|co-chinh-qttc|chi-phi-duoc-tru|quang-cao|thue-suat-vat,3.6.3,Thuế TNDN & chi phí được trừ,1.1.3,dieu-hanh,insight,tap-doan,,nguon-ben-ngoai|nguon-co-chinh-qttc|chi-phi-duoc-tru|quang-cao|thue-suat-vat,cao,,g4
6ab68f3af3ad31ef11df0a3e,Thông tư 20/2026: 7 nội dung hướng dẫn chi phí đặc thù và doanh thu tính thuế TNDN,ke-toan.thue,regulation,nguon-ben-ngoai|chi-gai-ke-toan|thong-tu-20-2026|chi-phi-duoc-tru|quyet-toan-thue,3.6.3,Thuế TNDN & chi phí được trừ,,nhap-mon,regulation,tap-doan,,nguon-ben-ngoai|nguon-chi-gai-ke-toan|thong-tu-20-2026|chi-phi-duoc-tru|quyet-toan-thue,cao,,g4
6ab68f68f3ad31ef11df0a44,Trả tiền thuê nhà gộp nhiều tháng vẫn phải phân bổ chi phí đúng theo từng tháng phát sinh,ke-toan.thue,concept,nguon-ben-ngoai|co-chinh-qttc|chi-phi-duoc-tru|phan-bo-chi-phi|thue-thu-nhap-ca-nhan,3.6.3,Thuế TNDN & chi phí được trừ,3.5.1,thuc-thi,concept,tap-doan,,nguon-ben-ngoai|nguon-co-chinh-qttc|chi-phi-duoc-tru|phan-bo-chi-phi|thue-thu-nhap-ca-nhan,cao,,g4
6ab68f69f3ad31ef11df0a45,"Thu nhập được miễn thuế TNDN (cổ tức, nông nghiệp...) và vì sao công ty nhận cổ tức không phải nộp thuế lại",ke-toan.thue,concept,nguon-ben-ngoai|chi-gai-ke-toan|thu-nhap-mien-thue|co-tuc|thue-tncn,3.6.3,Thuế TNDN & chi phí được trừ,,nhap-mon,concept,tap-doan,,nguon-ben-ngoai|nguon-chi-gai-ke-toan|thu-nhap-mien-thue|co-tuc|thue-tncn,cao,,g4
6ab68f8ff3ad31ef11df0a4b,"Tạm nộp thuế TNDN theo quý tối thiểu 80% số quyết toán cả năm, hạn nộp quý 4 là 30/1",ke-toan.thue,regulation,nguon-ben-ngoai|chi-gai-ke-toan|tam-nop-thue|thue-tndn|phat-cham-nop,3.6.3,Thuế TNDN & chi phí được trừ,3.6.7,thuc-thi,regulation,tap-doan,,nguon-ben-ngoai|nguon-chi-gai-ke-toan|tam-nop-thue|thue-tndn|phat-cham-nop,cao,,g4
6ab68fadf3ad31ef11df0a51,"Thuế TNDN tính trên ""chi phí được trừ"" chứ không phải ""chi phí kế toán"" — sự khác biệt quyết định số thuế phải nộp",ke-toan.thue,concept,nguon-ben-ngoai|co-chinh-qttc|chi-phi-duoc-tru|thue-tndn|cach-tinh-thue,3.6.3,Thuế TNDN & chi phí được trừ,,nhap-mon,concept,tap-doan,,nguon-ben-ngoai|nguon-co-chinh-qttc|chi-phi-duoc-tru|thue-tndn|cach-tinh-thue,cao,,g4
6ab68fb3f3ad31ef11df0a52,Điều kiện lập và sử dụng quỹ phát triển khoa học công nghệ khi quyết toán thuế TNDN,ke-toan.thue,regulation,nguon-ben-ngoai|chi-gai-ke-toan|quy-khoa-hoc-cong-nghe|chi-phi-duoc-tru|quyet-toan-thue,3.6.3,Thuế TNDN & chi phí được trừ,,thuc-thi,regulation,tap-doan,,nguon-ben-ngoai|nguon-chi-gai-ke-toan|quy-khoa-hoc-cong-nghe|chi-phi-duoc-tru|quyet-toan-thue,cao,,g4
6ab68fc6f3ad31ef11df0a55,"3 lớp điều kiện để chi phí được trừ khi tính thuế TNDN: hợp lý, hợp lệ, hợp pháp",ke-toan.thue,framework,nguon-ben-ngoai|co-chinh-qttc|chi-phi-duoc-tru|hop-ly-hop-le-hop-phap|thue-tndn,3.6.3,Thuế TNDN & chi phí được trừ,,dieu-hanh,framework,tap-doan,,nguon-ben-ngoai|nguon-co-chinh-qttc|chi-phi-duoc-tru|hop-ly-hop-le-hop-phap|thue-tndn,cao,,g4
6ab68fd9f3ad31ef11df0a59,"3 điều kiện chi phí được trừ và các khoản chi hay bị loại dù đủ hồ sơ (tính phù hợp, quản lý kho, từ thiện)",ke-toan.thue,framework,nguon-ben-ngoai|chi-gai-ke-toan|chi-phi-duoc-tru|quyet-toan-thue|chung-tu-quy-trinh,3.6.3,Thuế TNDN & chi phí được trừ,3.7.1,thuc-thi,framework,tap-doan,,nguon-ben-ngoai|nguon-chi-gai-ke-toan|chi-phi-duoc-tru|quyet-toan-thue,cao,,g4
6ab68feef3ad31ef11df0a5d,"Doanh nghiệp lỗ kế toán vẫn phải nộp thuế TNDN, thậm chí lãi 10 tỷ có thể bị tính thuế như lãi cao hơn",ke-toan.thue,insight,nguon-ben-ngoai|co-chinh-qttc|chi-phi-duoc-tru|thue-tndn|thu-nhap-tinh-thue,3.6.3,Thuế TNDN & chi phí được trừ,,dieu-hanh,insight,tap-doan,,nguon-ben-ngoai|nguon-co-chinh-qttc|chi-phi-duoc-tru|thue-tndn|thu-nhap-tinh-thue,cao,,g4
6ab69006f3ad31ef11df0a5f,"Nghị quyết 198/2025/QH15: bỏ lệ phí môn bài từ 2026, miễn thuế TNDN cho DN mới và khởi nghiệp đổi mới sáng tạo",ke-toan.thue,regulation,nguon-ben-ngoai|co-chinh-qttc|thue-tndn|le-phi-mon-bai|ho-kinh-doanh|khoi-nghiep-doi-moi-sang-tao,3.6.3,Thuế TNDN & chi phí được trừ,3.6.6,nhap-mon,regulation,tap-doan,,nguon-ben-ngoai|nguon-co-chinh-qttc|thue-tndn|le-phi-mon-bai|ho-kinh-doanh|khoi-nghiep-doi-moi-sang-tao,cao,,g4
6ab6901df3ad31ef11df0a61,"Có hợp đồng, hóa đơn, chuyển khoản đầy đủ vẫn bị loại chi phí nếu không chứng minh được bản chất giao dịch",ke-toan.thue,insight,nguon-ben-ngoai|co-chinh-qttc|chi-phi-duoc-tru|hop-ly-hop-le-hop-phap|ho-so-chung-tu,3.6.3,Thuế TNDN & chi phí được trừ,3.7.1,dieu-hanh,insight,tap-doan,,nguon-ben-ngoai|nguon-co-chinh-qttc|chi-phi-duoc-tru|hop-ly-hop-le-hop-phap|ho-so-chung-tu,cao,,g4
6ab6902cf3ad31ef11df0a65,"Chi phí không được trừ: nên chủ động loại khi quyết toán, gồm tiền phạt vi phạm hành chính và lãi vay khi tồn quỹ lớn",ke-toan.thue|ke-toan.ke-toan-tai-chinh,regulation,nguon-ben-ngoai|chi-gai-ke-toan|chi-phi-duoc-tru|quyet-toan-thue|lai-vay,3.6.3,Thuế TNDN & chi phí được trừ,3.6.7,thuc-thi,regulation,tap-doan,,nguon-ben-ngoai|nguon-chi-gai-ke-toan|chi-phi-duoc-tru|quyet-toan-thue|lai-vay,cao,,g4
6ab6907af3ad31ef11df0a6d,Chi phí bị loại tạo hiệu ứng dây chuyền: một lỗi chứng từ nhỏ có thể xóa sạch lợi nhuận cả quý,ke-toan.thue,insight,nguon-ben-ngoai|co-chinh-qttc|chi-phi-bi-loai|quan-tri-thue|loi-nhuan,3.6.3,Thuế TNDN & chi phí được trừ,3.6.7,dieu-hanh,insight,tap-doan,,nguon-ben-ngoai|nguon-co-chinh-qttc|chi-phi-bi-loai|rui-ro-thue|loi-nhuan,cao,,g4
6ab690aef3ad31ef11df0a73,"Miễn thuế TNDN 3 năm cho DN mới: xét theo người đứng sau doanh nghiệp, không phải theo giấy đăng ký kinh doanh",ke-toan.thue,regulation,nguon-ben-ngoai|co-chinh-qttc|thue-tndn|khoi-nghiep-doi-moi-sang-tao|thanh-lap-doanh-nghiep,3.6.3,Thuế TNDN & chi phí được trừ,5.1.4,dieu-hanh,regulation,tap-doan,,nguon-ben-ngoai|nguon-co-chinh-qttc|thue-tndn|khoi-nghiep-doi-moi-sang-tao|thanh-lap-doanh-nghiep,cao,,g4
6ab69122f3ad31ef11df0a7c,"Miễn thuế TNDN 3 năm chỉ là chưa thu tiền, không phải miễn kiểm soát: 4 việc cần làm để không sốc ở năm thứ 4",ke-toan.thue,insight,nguon-ben-ngoai|co-chinh-qttc|thue-tndn|quan-tri-thue|kiem-soat-noi-bo,3.6.3,Thuế TNDN & chi phí được trừ,3.6.7,dieu-hanh,insight,tap-doan,,nguon-ben-ngoai|nguon-co-chinh-qttc|thue-tndn|rui-ro-thue,cao,,g4
6ab68e88f3ad31ef11df0a17,Nghị định 253/2026 hướng dẫn thuế TNCN: 8 ngưỡng giám đốc và kế toán bắt buộc phải nhớ từ 1/7/2026,ke-toan.thue,regulation,nguon-ben-ngoai|co-chinh-qttc|thue-tncn|nd253-2026|chinh-sach-luong-phuc-loi,3.6.4,Thuế TNCN & lương,4.4.1,nhap-mon,regulation,tap-doan,,nguon-ben-ngoai|nguon-co-chinh-qttc|thue-tncn|nd253-2026|chinh-sach-luong-phuc-loi,cao,,g4
6ab68ed3f3ad31ef11df0a29,Thuế thu nhập từ tiếp thị liên kết (affiliate): khấu trừ 10% thành tiền công hay tự kê khai 7% thành thu nhập kinh doanh,ke-toan.thue,regulation,nguon-ben-ngoai|chi-gai-ke-toan|tiep-thi-lien-ket|ho-kinh-doanh|thue-tncn,3.6.4,Thuế TNCN & lương,3.6.6|2.5.5,thuc-thi,regulation,vcpart,,nguon-ben-ngoai|nguon-chi-gai-ke-toan|affiliate-koc|ho-kinh-doanh|thue-tncn,thap,Nằm giữa 3.6.4 (khấu trừ 10% khi VCpart trả hoa hồng KOC) và 3.6.6 (cá nhân kinh doanh kê khai 7%),g4
6ab68eeaf3ad31ef11df0a2f,"Khấu trừ thuế TNCN khi thử việc và sau khi nghỉ việc: khi nào 10%, khi nào lũy tiến (Nghị định 253/2026)",ke-toan.thue,regulation,nguon-ben-ngoai|co-chinh-qttc|thue-tncn|nd253-2026|khau-tru-thue,3.6.4,Thuế TNCN & lương,4.4.4,thuc-thi,regulation,tap-doan,,nguon-ben-ngoai|nguon-co-chinh-qttc|thue-tncn|nd253-2026|khau-tru-thue,cao,,g4
6ab68f1bf3ad31ef11df0a36,"10 khoản thu nhập chịu thuế TNCN theo luật hiện hành, cộng 5 khoản ""thu nhập khác"" mới bổ sung: vàng miếng, biển số đẹp, tài sản số",ke-toan.thue,regulation,nguon-ben-ngoai|chi-gai-ke-toan|thue-tncn|tai-san-so|luong-tien-cong,3.6.4,Thuế TNCN & lương,,nhap-mon,regulation,tap-doan,,nguon-ben-ngoai|nguon-chi-gai-ke-toan|thue-tncn|tai-san-so|luong-tien-cong,cao,,g4
6ab68f58f3ad31ef11df0a41,"Thuế TNCN và hạch toán khi thuê cá nhân, khoán nhân công, cộng tác viên: 4 phương án và bẫy ""khấu trừ 10% là xong""",ke-toan.thue,regulation,nguon-ben-ngoai|co-chinh-qttc|thue-tncn|nd253-2026|cong-tac-vien|khoan-nhan-cong,3.6.4,Thuế TNCN & lương,4.6.1,thiet-ke,regulation,tap-doan,,nguon-ben-ngoai|nguon-co-chinh-qttc|thue-tncn|nd253-2026|cong-tac-vien|khoan-nhan-cong,cao,,g4
6ab68f6af3ad31ef11df0a47,"Dự thảo Luật Thuế TNCN thay thế: 7 điểm nổi bật về thu nhập chịu thuế, miễn thuế, thuế 17% cá nhân kinh doanh, giảm trừ và biểu thuế mới",ke-toan.thue,regulation,nguon-ben-ngoai|chi-gai-ke-toan|du-thao-luat|thue-tncn|giam-tru-gia-canh,3.6.4,Thuế TNCN & lương,,nhap-mon,regulation,tap-doan,,nguon-ben-ngoai|nguon-chi-gai-ke-toan|du-thao-luat|thue-tncn|giam-tru-gia-canh,cao,,g4
6ab68faaf3ad31ef11df0a50,"Điều kiện được tính là người phụ thuộc để giảm trừ gia cảnh: mốc 18 tuổi, mất khả năng lao động và thu nhập không quá 1 triệu đồng/tháng",ke-toan.thue,regulation,nguon-ben-ngoai|chi-gai-ke-toan|giam-tru-gia-canh|nguoi-phu-thuoc,3.6.4,Thuế TNCN & lương,,thuc-thi,regulation,tap-doan,,nguon-ben-ngoai|nguon-chi-gai-ke-toan|giam-tru-gia-canh|nguoi-phu-thuoc,cao,,g4
6ab68fdcf3ad31ef11df0a5a,"Thời hạn đăng ký người phụ thuộc: nhóm gia đình gần hạn 31/3 (hoặc 30/4 nếu tự đăng ký), nhóm nuôi dưỡng khác hạn chót 31/12",ke-toan.thue,regulation,nguon-ben-ngoai|chi-gai-ke-toan|giam-tru-gia-canh|nguoi-phu-thuoc,3.6.4,Thuế TNCN & lương,,thuc-thi,regulation,tap-doan,,nguon-ben-ngoai|nguon-chi-gai-ke-toan|giam-tru-gia-canh|nguoi-phu-thuoc,cao,,g4
6ab69020f3ad31ef11df0a62,"Mức giảm trừ gia cảnh 2026 là 15,5 triệu đồng/tháng; dự kiến thêm giảm trừ chi phí y tế và giáo dục tối đa 41-47 triệu đồng/năm",ke-toan.thue,regulation,nguon-ben-ngoai|chi-gai-ke-toan|giam-tru-gia-canh|thue-tncn-2026|chi-phi-y-te,3.6.4,Thuế TNCN & lương,,nhap-mon,regulation,tap-doan,,nguon-ben-ngoai|nguon-chi-gai-ke-toan|giam-tru-gia-canh|thue-tncn-2026|chi-phi-y-te,cao,,g4
6ab69072f3ad31ef11df0a6b,"Vì sao vẫn phải quyết toán thuế TNCN dù đã khấu trừ hàng tháng, và cách tính đúng theo biểu lũy tiến từng phần",ke-toan.thue,concept,nguon-ben-ngoai|chi-gai-ke-toan|quyet-toan-thue-tncn|bieu-thue-luy-tien,3.6.4,Thuế TNCN & lương,,nhap-mon,concept,tap-doan,,nguon-ben-ngoai|nguon-chi-gai-ke-toan|quyet-toan-thue-tncn|bieu-thue-luy-tien,cao,,g4
6ab690b0f3ad31ef11df0a74,"7 trường hợp không phải quyết toán thuế TNCN từ tiền lương, tiền công: 3 trường hợp bên chi trả và 4 trường hợp người lao động",ke-toan.thue,regulation,nguon-ben-ngoai|chi-gai-ke-toan|quyet-toan-thue-tncn|mien-quyet-toan,3.6.4,Thuế TNCN & lương,3.6.7,thuc-thi,regulation,tap-doan,,nguon-ben-ngoai|nguon-chi-gai-ke-toan|quyet-toan-thue-tncn|mien-quyet-toan,cao,,g4
6ab690eff3ad31ef11df0a79,"Ủy quyền quyết toán thuế TNCN qua công ty: điều kiện, thời hạn 31/3 hoặc 30/4, và rủi ro khi có thu nhập vãng lai cao",ke-toan.thue,regulation,nguon-ben-ngoai|chi-gai-ke-toan|quyet-toan-thue-tncn|uy-quyen-quyet-toan,3.6.4,Thuế TNCN & lương,3.6.7,thuc-thi,regulation,tap-doan,,nguon-ben-ngoai|nguon-chi-gai-ke-toan|quyet-toan-thue-tncn|uy-quyen-quyet-toan,cao,,g4
6ab691fff3ad31ef11df0a89,Có thu nhập từ 2 nơi trở lên phải tự quyết toán TNCN; NĐ 373/2025 đơn giản hoá nơi nộp hồ sơ,ke-toan.thue,regulation,nguon-ben-ngoai|chi-gai-ke-toan|thue-tncn|quyet-toan-thue|etax-mobile,3.6.4,Thuế TNCN & lương,3.6.7,thuc-thi,regulation,tap-doan,,nguon-ben-ngoai|nguon-chi-gai-ke-toan|thue-tncn|quyet-toan-thue|etax-mobile,cao,,g4
6ab69238f3ad31ef11df0a94,"Hoàn thuế TNCN tự động theo QĐ 108: 3 điều kiện bắt buộc, hồ sơ cần chuẩn bị và 2 lý do hay bị từ chối",ke-toan.thue,lesson,nguon-ben-ngoai|chi-gai-ke-toan|thue-tncn|hoan-thue|etax-mobile,3.6.4,Thuế TNCN & lương,3.6.7,thuc-thi,lesson,tap-doan,,nguon-ben-ngoai|nguon-chi-gai-ke-toan|thue-tncn|hoan-thue|etax-mobile,cao,,g4
6ab6928af3ad31ef11df0aa7,"Khấu trừ 10% TNCN với thu nhập vãng lai, thời vụ, tổ đội nhân công và lương trả sau khi nghỉ việc",ke-toan.thue,regulation,nguon-ben-ngoai|chi-gai-ke-toan|thue-tncn|khau-tru-thue|lao-dong-thoi-vu,3.6.4,Thuế TNCN & lương,4.4.4,thuc-thi,regulation,tap-doan,,nguon-ben-ngoai|nguon-chi-gai-ke-toan|thue-tncn|khau-tru-thue|lao-dong-thoi-vu,cao,,g4
6ab692d3f3ad31ef11df0ab3,8 cập nhật thuế TNCN từ tiền lương theo Nghị định 253/2026 và Thông tư 87/2026,ke-toan.thue,regulation,nguon-ben-ngoai|chi-gai-ke-toan|thue-tncn|giam-tru-gia-canh|tien-an-ca,3.6.4,Thuế TNCN & lương,,nhap-mon,regulation,tap-doan,,nguon-ben-ngoai|nguon-chi-gai-ke-toan|thue-tncn|giam-tru-gia-canh|tien-an-ca,cao,,g4
6ab69311f3ad31ef11df0abe,"Bảo hiểm sức khỏe, bảo hiểm nhân thọ không hoàn phí và tiền ăn ca: khi nào người lao động được miễn thuế TNCN",ke-toan.thue,regulation,nguon-ben-ngoai|chi-gai-ke-toan|thue-tncn|phuc-loi-nhan-vien|bao-hiem,3.6.4,Thuế TNCN & lương,4.4.2,thuc-thi,regulation,tap-doan,,nguon-ben-ngoai|nguon-chi-gai-ke-toan|thue-tncn|phuc-loi-nhan-vien|bao-hiem,cao,,g4
6ab6933bf3ad31ef11df0ac9,"Thuế TNCN chuyển nhượng chứng khoán: nộp 0,1% trên giá trị bán, không phải quyết toán",ke-toan.thue,concept,nguon-ben-ngoai|chi-gai-ke-toan|thue-tncn|chung-khoan,3.6.4,Thuế TNCN & lương,,nhap-mon,concept,tap-doan,,nguon-ben-ngoai|nguon-chi-gai-ke-toan|thue-tncn|chung-khoan,cao,,g4
6ab6937ef3ad31ef11df0ad9,"Thuế TNCN của giáo viên dạy thêm: 2% trên doanh thu nếu mở hộ kinh doanh, hoặc theo lương nếu dạy ở trung tâm",ke-toan.thue,regulation,nguon-ben-ngoai|chi-gai-ke-toan|thue-tncn|ho-kinh-doanh|day-them,3.6.4,Thuế TNCN & lương,3.6.6,nhap-mon,regulation,tap-doan,,nguon-ben-ngoai|nguon-chi-gai-ke-toan|thue-tncn|ho-kinh-doanh|day-them,thap,Ít liên quan ngành; có thể 3.6.6 nếu nhấn phần hộ kinh doanh,g4
6ab693e6f3ad31ef11df0af3,"Vừa có lương vừa kinh doanh: thuế TNCN từ tiền lương và từ hộ kinh doanh tính riêng, không gộp",ke-toan.thue,concept,nguon-ben-ngoai|chi-gai-ke-toan|thue-tncn|ho-kinh-doanh|quyet-toan-thue,3.6.4,Thuế TNCN & lương,3.6.6,nhap-mon,concept,tap-doan,,nguon-ben-ngoai|nguon-chi-gai-ke-toan|thue-tncn|ho-kinh-doanh|quyet-toan-thue,cao,,g4
6ab68e8df3ad31ef11df0a19,"Thuế hàng nhập khẩu ""chồng thuế"" và rủi ro khi khai giảm giá nhập để né thuế",ke-toan.thue,regulation,nguon-ben-ngoai|chi-gai-ke-toan|thue-nhap-khau|khai-bao-hai-quan|chi-phi-duoc-tru,3.6.5,Thuế nhập khẩu,6.3.2,dieu-hanh,regulation,vcpart,qt.mua-hang.c,nguon-ben-ngoai|nguon-chi-gai-ke-toan|thue-nhap-khau|khai-bao-hai-quan|chi-phi-duoc-tru,cao,,g4
6ab4bb74b1c921b0a784dc6c,Chọn hộ kinh doanh hay công ty cho gara theo doanh thu năm và cách tính thuế hộ kinh doanh mới,ke-toan.thue|phap-ly.quy-dinh-nganh|nganh-o-to.dich-vu-garage,regulation,thue-ho-kinh-doanh|loai-hinh-doanh-nghiep|hoa-don-dien-tu|nguon-ben-ngoai|goc-gara,3.6.6,Hộ kinh doanh & thuế sàn TMĐT,0.3.4|5.1.4,dieu-hanh,regulation,vcservice,,nguon-ben-ngoai|nguon-goc-gara|thue-ho-kinh-doanh|loai-hinh-doanh-nghiep|hoa-don-dien-tu,cao,,g4
6ab68bd2f3ad31ef11df09c8,"Hộ kinh doanh doanh thu từ 1 tỷ/năm phải xuất hóa đơn điện tử từ máy tính tiền, nộp thuế khoán hay kê khai",ke-toan.thue|ke-toan.chung-tu-quy-trinh,regulation,nguon-ben-ngoai|co-chinh-qttc|ho-kinh-doanh|hoa-don-dien-tu|may-tinh-tien|thue-khoan,3.6.6,Hộ kinh doanh & thuế sàn TMĐT,3.6.1,dieu-hanh,regulation,tap-doan,,nguon-ben-ngoai|nguon-co-chinh-qttc|ho-kinh-doanh|hoa-don-dien-tu|may-tinh-tien|thue-khoan,cao,,g4
6ab68cf8f3ad31ef11df09ce,Hộ kinh doanh không khấu trừ được VAT đầu vào: ngưỡng VAT đầu vào quyết định mô hình nào lợi hơn,ke-toan.thue,insight,nguon-ben-ngoai|co-chinh-qttc|thue-gtgt|ho-kinh-doanh|chon-mo-hinh-kinh-doanh,3.6.6,Hộ kinh doanh & thuế sàn TMĐT,3.6.2|5.1.4,dieu-hanh,insight,tap-doan,,nguon-ben-ngoai|nguon-co-chinh-qttc|thue-gtgt|ho-kinh-doanh|chon-mo-hinh-kinh-doanh,cao,,g4
6ab68d56f3ad31ef11df09e0,Chọn hộ kinh doanh hay công ty không phụ thuộc doanh thu mà phụ thuộc khách hàng cuối trong chuỗi cung ứng,ke-toan.thue,insight,nguon-ben-ngoai|co-chinh-qttc|thue-gtgt|ho-kinh-doanh|chon-mo-hinh-kinh-doanh|thue-tndn,3.6.6,Hộ kinh doanh & thuế sàn TMĐT,5.1.4|3.6.2,dieu-hanh,insight,tap-doan,,nguon-ben-ngoai|nguon-co-chinh-qttc|thue-gtgt|ho-kinh-doanh|chon-mo-hinh-kinh-doanh|thue-tndn,cao,,g4
6ab68dd9f3ad31ef11df09f6,"9 tiêu chí quyết định chọn hộ kinh doanh hay công ty: pháp nhân, kế toán, bảo hiểm, thuế môn bài, VAT, TNDN",ke-toan.thue|phap-ly.quy-dinh-nganh|tai-chinh.phan-tich-tai-chinh,framework,nguon-ben-ngoai|co-chinh-qttc|ho-kinh-doanh|chon-mo-hinh-kinh-doanh|thue-tndn|bao-hiem-xa-hoi,3.6.6,Hộ kinh doanh & thuế sàn TMĐT,5.1.4,dieu-hanh,framework,tap-doan,,nguon-ben-ngoai|nguon-co-chinh-qttc|ho-kinh-doanh|chon-mo-hinh-kinh-doanh|thue-tndn|bao-hiem-xa-hoi,cao,,g4
6ab68e33f3ad31ef11df0a08,Hộ kinh doanh doanh thu lớn không mặc định phải lên công ty: cần tính 5 biến trước khi quyết định,ke-toan.thue,insight,nguon-ben-ngoai|co-chinh-qttc|ho-kinh-doanh|chon-mo-hinh-kinh-doanh|thue-khoan,3.6.6,Hộ kinh doanh & thuế sàn TMĐT,5.1.4,dieu-hanh,insight,tap-doan,,nguon-ben-ngoai|nguon-co-chinh-qttc|ho-kinh-doanh|chon-mo-hinh-kinh-doanh|thue-khoan,cao,,g4
6ab68e58f3ad31ef11df0a0f,"Nghị định 117/2025: 3 tổ chức khấu trừ, nộp thuế thay hộ kinh doanh trên sàn TMĐT; không thay công ty và có thể xin hoàn thuế",ke-toan.thue,regulation,nguon-ben-ngoai|chi-gai-ke-toan|san-tmdt|ho-kinh-doanh|hoan-thue,3.6.6,Hộ kinh doanh & thuế sàn TMĐT,,nhap-mon,regulation,vcpart,qt.san-tmdt.d,nguon-ben-ngoai|nguon-chi-gai-ke-toan|san-tmdt|ho-kinh-doanh|hoan-thue,cao,,g4
6ab68e8cf3ad31ef11df0a18,Bỏ thuế khoán từ 01/01/2026: hộ kinh doanh chuyển hoàn toàn sang thuế kê khai theo 3 ngưỡng doanh thu,ke-toan.thue,regulation,nguon-ben-ngoai|co-chinh-qttc|thue-khoan|ho-kinh-doanh|hoa-don-dien-tu,3.6.6,Hộ kinh doanh & thuế sàn TMĐT,,nhap-mon,regulation,tap-doan,,nguon-ben-ngoai|nguon-co-chinh-qttc|thue-khoan|ho-kinh-doanh|hoa-don-dien-tu,cao,,g4
6ab68e93f3ad31ef11df0a1c,"Bán trên sàn TMĐT: cơ quan thuế có doanh thu do sàn xác nhận, hộ kinh doanh nộp thuế trên doanh thu, không trừ phí sàn hay giá vốn",ke-toan.thue,concept,nguon-ben-ngoai|chi-gai-ke-toan|san-tmdt|ho-kinh-doanh|thue-khoan,3.6.6,Hộ kinh doanh & thuế sàn TMĐT,,nhap-mon,concept,vcpart,qt.san-tmdt.d,nguon-ben-ngoai|nguon-chi-gai-ke-toan|san-tmdt|ho-kinh-doanh|thue-khoan,cao,,g4
6ab68ed7f3ad31ef11df0a2a,4 việc hộ kinh doanh cần chuẩn bị trước 01/01/2026 khi chuyển từ thuế khoán sang thuế kê khai,ke-toan.chung-tu-quy-trinh|ke-toan.thue,framework,nguon-ben-ngoai|co-chinh-qttc|thue-khoan|ho-kinh-doanh|kiem-ke-ton-kho,3.6.6,Hộ kinh doanh & thuế sàn TMĐT,,thuc-thi,checklist,tap-doan,,nguon-ben-ngoai|nguon-co-chinh-qttc|thue-khoan|ho-kinh-doanh|kiem-ke-ton-kho,cao,Hộ kinh doanh → 3.6.6; đổi type sang checklist.,g3
6ab68f2cf3ad31ef11df0a3d,"4 rủi ro của thuế khoán, 4 rủi ro của thuế kê khai, và ví dụ thực tế bị truy thu hơn 1 tỷ vì khai thiếu doanh thu",ke-toan.thue,insight,nguon-ben-ngoai|co-chinh-qttc|thue-khoan|ho-kinh-doanh|truy-thu-thue,3.6.6,Hộ kinh doanh & thuế sàn TMĐT,3.6.7,dieu-hanh,insight,tap-doan,,nguon-ben-ngoai|nguon-co-chinh-qttc|thue-khoan|ho-kinh-doanh|truy-thu-thue,cao,,g4
6ab68fb5f3ad31ef11df0a53,"7 loại sổ sách hộ kinh doanh kê khai phải ghi, cách rút tiền không bị truy thu, và rủi ro khi chỉ nhận tiền mặt",ke-toan.chung-tu-quy-trinh|ke-toan.thue,lesson,nguon-ben-ngoai|co-chinh-qttc|ho-kinh-doanh|so-sach-ke-toan|quan-tri-tien-mat,3.6.6,Hộ kinh doanh & thuế sàn TMĐT,,thuc-thi,lesson,tap-doan,,nguon-ben-ngoai|nguon-co-chinh-qttc|ho-kinh-doanh|so-sach-ke-toan|quan-tri-tien-mat,cao,Hộ kinh doanh → 3.6.6.,g3
6ab69053f3ad31ef11df0a6a,"Thuế bán hàng qua sàn thương mại điện tử: sàn khấu trừ và nộp thay, ngưỡng miễn thuế 100-500 triệu/năm",ke-toan.thue,regulation,nguon-ben-ngoai|co-chinh-qttc|thue-thuong-mai-dien-tu|ho-kinh-doanh|hoa-don-dien-tu,3.6.6,Hộ kinh doanh & thuế sàn TMĐT,,nhap-mon,regulation,vcpart,qt.san-tmdt.d,nguon-ben-ngoai|nguon-co-chinh-qttc|thue-thuong-mai-dien-tu|ho-kinh-doanh|hoa-don-dien-tu,cao,,g4
6ab691f5f3ad31ef11df0a87,"Nghị định 68/2026 hộ kinh doanh: phân nhóm doanh thu, hạn kê khai, ổn định phương pháp tính thuế trong 2 năm",ke-toan.thue,regulation,nguon-ben-ngoai|chi-gai-ke-toan|thue-ho-kinh-doanh|thue-tncn|nghi-dinh-68-2026|hoa-don-dien-tu,3.6.6,Hộ kinh doanh & thuế sàn TMĐT,,nhap-mon,regulation,tap-doan,,nguon-ben-ngoai|nguon-chi-gai-ke-toan|thue-ho-kinh-doanh|thue-tncn|nghi-dinh-68-2026|hoa-don-dien-tu,cao,,g4
6ab69225f3ad31ef11df0a91,"Thành lập hộ kinh doanh: nơi nộp hồ sơ, thời hạn 3 ngày và mốc 10 ngày đăng ký thuế lần đầu",ke-toan.chung-tu-quy-trinh,lesson,nguon-ben-ngoai|chi-gai-ke-toan|ho-kinh-doanh|dang-ky-thue|thanh-lap-ho-kinh-doanh,3.6.6,Hộ kinh doanh & thuế sàn TMĐT,4.7.2,thuc-thi,lesson,tap-doan,,nguon-ben-ngoai|nguon-chi-gai-ke-toan|ho-kinh-doanh|dang-ky-thue|thanh-lap-ho-kinh-doanh,cao,Hộ kinh doanh → 3.6.6; thủ tục hành chính có thể 4.7.2.,g3
6ab6924ff3ad31ef11df0a9b,"Thông tư 152/2025 quy định sổ sách kế toán hộ kinh doanh, tối đa 4 sổ theo 3 nhóm nộp thuế",ke-toan.ke-toan-tai-chinh,regulation,nguon-ben-ngoai|chi-gai-ke-toan|ho-kinh-doanh|che-do-ke-toan|thong-tu-152-2025,3.6.6,Hộ kinh doanh & thuế sàn TMĐT,3.5.1,thuc-thi,regulation,tap-doan,,nguon-ben-ngoai|nguon-chi-gai-ke-toan|ho-kinh-doanh|che-do-ke-toan|thong-tu-152-2025,cao,Chế độ kế toán hộ kinh doanh → gom về 3.6.6 theo quy tắc hộ kinh doanh.,g3
6ab69253f3ad31ef11df0a9d,Bỏ thuế khoán từ 2026: 8 điểm chính đề án quản lý thuế HKD theo QĐ3389 và tâm tư của hộ kinh doanh,ke-toan.thue,insight,nguon-ben-ngoai|chi-gai-ke-toan|thue-ho-kinh-doanh|bo-thue-khoan|qd-3389,3.6.6,Hộ kinh doanh & thuế sàn TMĐT,,nhap-mon,insight,tap-doan,,nguon-ben-ngoai|nguon-chi-gai-ke-toan|thue-ho-kinh-doanh|bo-thue-khoan|qd-3389,cao,,g4
6ab69270f3ad31ef11df0aa2,5 cách nộp tờ khai thuế của hộ kinh doanh và thủ tục thông báo tài khoản ngân hàng/ví điện tử,ke-toan.chung-tu-quy-trinh|ke-toan.thue,lesson,nguon-ben-ngoai|chi-gai-ke-toan|ho-kinh-doanh|etax-mobile|ke-khai-thue,3.6.6,Hộ kinh doanh & thuế sàn TMĐT,3.6.7,thuc-thi,lesson,tap-doan,,nguon-ben-ngoai|nguon-chi-gai-ke-toan|ho-kinh-doanh|etax-mobile|ke-khai-thue,cao,Hộ kinh doanh → 3.6.6.,g3
6ab6929ef3ad31ef11df0aab,"HKD nhóm 3: 2 hiểu lầm phổ biến — TT58 không thay đổi cách tính thuế, GTGT vẫn theo phương pháp trực tiếp",ke-toan.thue,regulation,nguon-ben-ngoai|chi-gai-ke-toan|thue-ho-kinh-doanh|thue-gtgt|thue-tncn|hoa-don-dien-tu,3.6.6,Hộ kinh doanh & thuế sàn TMĐT,3.6.2,thuc-thi,regulation,tap-doan,,nguon-ben-ngoai|nguon-chi-gai-ke-toan|thue-ho-kinh-doanh|thue-gtgt|thue-tncn|hoa-don-dien-tu,cao,,g4
6ab692aff3ad31ef11df0aae,"Tiêu chí hộ kinh doanh/cá nhân kinh doanh lớn theo Thông tư 40/2021 và nghĩa vụ kê khai, sổ sách kèm theo",ke-toan.thue,regulation,nguon-ben-ngoai|chi-gai-ke-toan|ho-kinh-doanh|thue-ho-kinh-doanh|ke-khai-thue,3.6.6,Hộ kinh doanh & thuế sàn TMĐT,,nhap-mon,regulation,tap-doan,,nguon-ben-ngoai|nguon-chi-gai-ke-toan|ho-kinh-doanh|thue-ho-kinh-doanh|ke-khai-thue,cao,,g4
6ab692fef3ad31ef11df0abc,"Nghị định 141/2026 nâng ngưỡng miễn thuế hộ kinh doanh từ 500 triệu lên 1 tỷ, đổi ngưỡng xuất hóa đơn",ke-toan.thue,regulation,nguon-ben-ngoai|chi-gai-ke-toan|thue-ho-kinh-doanh|nguong-mien-thue|nghi-dinh-141-2026|hoa-don-dien-tu,3.6.6,Hộ kinh doanh & thuế sàn TMĐT,3.6.1,nhap-mon,regulation,tap-doan,,nguon-ben-ngoai|nguon-chi-gai-ke-toan|thue-ho-kinh-doanh|nguong-mien-thue|nghi-dinh-141-2026|hoa-don-dien-tu,cao,,g4
6ab6935ef3ad31ef11df0ad0,"Dự thảo thuế TNCN hộ kinh doanh: mức 17%, lựa chọn tính theo lãi và 6 khoản chi phí được trừ",ke-toan.thue,regulation,nguon-ben-ngoai|chi-gai-ke-toan|thue-ho-kinh-doanh|thue-tncn|chi-phi-duoc-tru|du-thao-luat-thue,3.6.6,Hộ kinh doanh & thuế sàn TMĐT,,nhap-mon,regulation,tap-doan,,nguon-ben-ngoai|nguon-chi-gai-ke-toan|thue-ho-kinh-doanh|thue-tncn|chi-phi-duoc-tru|du-thao-luat-thue,cao,,g4
6ab693abf3ad31ef11df0ae6,"Cho thuê bất động sản: ngưỡng miễn thuế 1 tỷ, thuế suất 10% và vướng mắc xuất hóa đơn trên 1 tỷ",ke-toan.thue,regulation,nguon-ben-ngoai|chi-gai-ke-toan|cho-thue-bat-dong-san|nguong-mien-thue|hoa-don-dien-tu,3.6.6,Hộ kinh doanh & thuế sàn TMĐT,3.6.1,nhap-mon,regulation,tap-doan,,nguon-ben-ngoai|nguon-chi-gai-ke-toan|cho-thue-bat-dong-san|nguong-mien-thue|hoa-don-dien-tu,thap,Thuế cá nhân cho thuê tài sản; có thể 3.6.4 (TNCN) thay vì 3.6.6,g4
6ab6942ef3ad31ef11df0b07,"Hộ kinh doanh có 3 phương pháp tính thuế: kê khai, kê khai từng lần và khoán — khoán không phải là duy nhất",ke-toan.thue,framework,nguon-ben-ngoai|chi-gai-ke-toan|ho-kinh-doanh|thue-khoan,3.6.6,Hộ kinh doanh & thuế sàn TMĐT,,nhap-mon,framework,tap-doan,,nguon-ben-ngoai|nguon-chi-gai-ke-toan|ho-kinh-doanh|thue-khoan,cao,,g4
6ab69460f3ad31ef11df0b10,"Nghĩa vụ xuất hóa đơn của hộ kinh doanh: ngưỡng 1 tỷ, thời điểm và rủi ro khi không xuất",ke-toan.thue,regulation,nguon-ben-ngoai|chi-gai-ke-toan|thue-ho-kinh-doanh|hoa-don-dien-tu|xu-phat-thue,3.6.6,Hộ kinh doanh & thuế sàn TMĐT,3.6.1,thuc-thi,regulation,tap-doan,,nguon-ben-ngoai|nguon-chi-gai-ke-toan|thue-ho-kinh-doanh|hoa-don-dien-tu|xu-phat-thue,cao,,g4
6ab69469f3ad31ef11df0b12,Lịch khai và nộp thuế khoán hộ kinh doanh hằng năm: từ 20/11 kê khai đến thông báo nộp tiền tháng 1,ke-toan.thue,regulation,nguon-ben-ngoai|chi-gai-ke-toan|ho-kinh-doanh|thue-khoan|thoi-han-ke-khai,3.6.6,Hộ kinh doanh & thuế sàn TMĐT,3.6.7,thuc-thi,regulation,tap-doan,,nguon-ben-ngoai|nguon-chi-gai-ke-toan|ho-kinh-doanh|thue-khoan|thoi-han-ke-khai,cao,,g4
6ab694a9f3ad31ef11df0b1f,"Hoá đơn của hộ kinh doanh theo từng phương pháp tính thuế, và vì sao vẫn cần hoá đơn đầu vào dù nộp thuế trên doanh thu",ke-toan.thue,regulation,nguon-ben-ngoai|chi-gai-ke-toan|ho-kinh-doanh|hoa-don-dien-tu,3.6.6,Hộ kinh doanh & thuế sàn TMĐT,3.6.1,nhap-mon,regulation,tap-doan,,nguon-ben-ngoai|nguon-chi-gai-ke-toan|ho-kinh-doanh|hoa-don-dien-tu,cao,,g4
6ab694b9f3ad31ef11df0b22,HKD thiếu hóa đơn đầu vào và cá nhân chưa đăng ký kinh doanh: cách xuất/đăng ký hóa đơn hợp lệ,ke-toan.thue,regulation,nguon-ben-ngoai|chi-gai-ke-toan|hoa-don-dien-tu|thue-ho-kinh-doanh|hang-ton-kho,3.6.6,Hộ kinh doanh & thuế sàn TMĐT,3.6.1,thuc-thi,regulation,tap-doan,,nguon-ben-ngoai|nguon-chi-gai-ke-toan|hoa-don-dien-tu|thue-ho-kinh-doanh|hang-ton-kho,cao,,g4
6ab69525f3ad31ef11df0b2a,"Chọn mở công ty hay hộ kinh doanh: khung so sánh theo khách hàng, hóa đơn, sổ sách và thuế",ke-toan.thue,framework,nguon-ben-ngoai|chi-gai-ke-toan|thue-ho-kinh-doanh|thanh-lap-cong-ty|ke-toan-quan-tri,3.6.6,Hộ kinh doanh & thuế sàn TMĐT,5.1.4,dieu-hanh,framework,tap-doan,,nguon-ben-ngoai|nguon-chi-gai-ke-toan|thue-ho-kinh-doanh|thanh-lap-cong-ty,cao,,g4
6ab6959df3ad31ef11df0b2d,"HKD doanh thu lớn (100 tỷ) có nên chuyển lên công ty: bài toán thuế, chi phí và rủi ro",ke-toan.thue,case_study,nguon-ben-ngoai|chi-gai-ke-toan|thue-ho-kinh-doanh|thanh-lap-cong-ty|chi-phi-duoc-tru,3.6.6,Hộ kinh doanh & thuế sàn TMĐT,5.1.4,dieu-hanh,case_study,tap-doan,,nguon-ben-ngoai|nguon-chi-gai-ke-toan|thue-ho-kinh-doanh|thanh-lap-cong-ty|chi-phi-duoc-tru,cao,,g4
6ab695faf3ad31ef11df0b2e,"Chuyển hộ kinh doanh thành công ty: loại hình được chuyển, ưu đãi và khác biệt với ""lập thêm công ty""",ke-toan.thue,regulation,nguon-ben-ngoai|chi-gai-ke-toan|thanh-lap-cong-ty|thue-ho-kinh-doanh,3.6.6,Hộ kinh doanh & thuế sàn TMĐT,5.1.4,dieu-hanh,regulation,tap-doan,,nguon-ben-ngoai|nguon-chi-gai-ke-toan|thanh-lap-cong-ty|thue-ho-kinh-doanh,thap,"Có thể 5.1.4 (mở công ty) vì nội dung chính là pháp lý chuyển đổi loại hình, thuế chỉ là ưu đãi kèm",g4
6ab6ac49f3ad31ef11df0ce4,"Nghị định 254/2026/NĐ-CP: hộ kinh doanh bán trên sàn TMĐT vẫn phải xuất hóa đơn điện tử, kể cả hàng tồn kho chưa có hóa đơn đầu vào",ke-toan.thue,regulation,nguon-ben-ngoai|dam-van-tuan|hoa-don-dien-tu|ho-kinh-doanh|thue-tmdt,3.6.6,Hộ kinh doanh & thuế sàn TMĐT,3.6.1,dieu-hanh,regulation,vcpart,qt.san-tmdt.d,nguon-ben-ngoai|nguon-dam-van-tuan|hoa-don-dien-tu|ho-kinh-doanh|thue-tmdt,cao,,g4
6ab6ac9ff3ad31ef11df0cea,"Ngưỡng thuế khoán hộ kinh doanh: cố định phương pháp trong năm, không hồi tố theo doanh thu năm trước; đề xuất nâng 3 tỷ lên 10 tỷ",ke-toan.thue,regulation,nguon-ben-ngoai|dam-van-tuan|thue-khoan|ho-kinh-doanh|nghi-dinh-68,3.6.6,Hộ kinh doanh & thuế sàn TMĐT,,dieu-hanh,regulation,tap-doan,,nguon-ben-ngoai|nguon-dam-van-tuan|thue-khoan|ho-kinh-doanh|nghi-dinh-68,cao,,g4
6ab6acf8f3ad31ef11df0cee,Bán trên sàn dù đã bị khấu trừ thuế vẫn phải thông báo doanh thu năm; hạn cuối khai báo tài khoản ngân hàng lên Dịch vụ công,ke-toan.thue,regulation,nguon-ben-ngoai|dam-van-tuan|ho-kinh-doanh|khai-bao-thue|dich-vu-cong,3.6.6,Hộ kinh doanh & thuế sàn TMĐT,3.6.7,thuc-thi,regulation,vcpart,qt.san-tmdt.d,nguon-ben-ngoai|nguon-dam-van-tuan|ho-kinh-doanh|khai-bao-thue|dich-vu-cong,cao,,g4
6ab6ffaff3ad31ef11df0e15,"Đính chính: sàn TMĐT thu hộ thuế khoảng 1,5% doanh thu, không phải 30-35% như nhiều người lo lắng",ke-toan.thue,regulation,nguon-ben-ngoai|the-hoang-work|thue-tmdt|tiktok-shop|ho-kinh-doanh,3.6.6,Hộ kinh doanh & thuế sàn TMĐT,,nhap-mon,regulation,vcpart,qt.san-tmdt.d,nguon-ben-ngoai|nguon-the-hoang-work|thue-tmdt|tiktok-shop|ho-kinh-doanh,cao,,g4
6ab70006f3ad31ef11df0e1a,"Nghị định 68/2026: bỏ ngưỡng miễn thuế 500 triệu, 3 mốc doanh thu hộ kinh doanh và căn cứ tính theo doanh thu thực tế năm hiện hành",ke-toan.thue,regulation,nguon-ben-ngoai|the-hoang-work|nghi-dinh-68-2026|ho-kinh-doanh|thue-tncn,3.6.6,Hộ kinh doanh & thuế sàn TMĐT,,nhap-mon,regulation,vcpart,qt.san-tmdt.d,nguon-ben-ngoai|nguon-the-hoang-work|nghi-dinh-68-2026|ho-kinh-doanh|thue-tncn,cao,,g4
6ab70046f3ad31ef11df0e1d,"Đề xuất giảm 30% thuế TNCN/TNDN 2026-2027 cho HKD/DN dưới 10 tỷ, và đề xuất thuế 17% trên lợi nhuận cho hộ kinh doanh trên 3 tỷ",ke-toan.thue,regulation,nguon-ben-ngoai|the-hoang-work|thue-tncn|ho-kinh-doanh|de-xuat-chinh-sach,3.6.6,Hộ kinh doanh & thuế sàn TMĐT,3.6.3,nhap-mon,regulation,tap-doan,,nguon-ben-ngoai|nguon-the-hoang-work|thue-tncn|ho-kinh-doanh|de-xuat-chinh-sach,cao,,g4
6ab700a0f3ad31ef11df0e21,"Hết thuế khoán: bán phá giá không còn khả thi, hộ kinh doanh phải kê khai chuẩn và tự tin bán giá đủ lãi",ke-toan.thue,lesson,nguon-ben-ngoai|the-hoang-work|ho-kinh-doanh|dinh-gia-ban|van-hanh-san-tmdt,3.6.6,Hộ kinh doanh & thuế sàn TMĐT,2.5.1,dieu-hanh,lesson,vcpart,qt.san-tmdt.d|qt.san-tmdt.a,nguon-ben-ngoai|nguon-the-hoang-work|ho-kinh-doanh|dinh-gia|van-hanh-san-tmdt,thap,Nằm giữa thuế HKD và định giá bán sàn; có thể 2.5.1 nếu muốn nhấn bài học định giá,g4
6ab700e8f3ad31ef11df0e24,"Kênh hỗ trợ kê khai thuế cho hộ kinh doanh online: cổng VNeID, chi cục thuế địa phương, sổ tay hướng dẫn, livestream Cục Thuế",ke-toan.thue,framework,nguon-ben-ngoai|the-hoang-work|ho-kinh-doanh|ke-khai-thue|vneid,3.6.6,Hộ kinh doanh & thuế sàn TMĐT,3.6.7,thuc-thi,framework,vcpart,qt.san-tmdt.d,nguon-ben-ngoai|nguon-the-hoang-work|ho-kinh-doanh|ke-khai-thue|vneid,cao,,g4
6ab70124f3ad31ef11df0e26,Mã số thuế trên Seller Center phải đúng chủ CCCD (từ 1/7); tài khoản ngân hàng nhận tiền phải đứng tên hộ kinh doanh (từ 1/3),ke-toan.thue|ke-toan.chung-tu-quy-trinh,regulation,nguon-ben-ngoai|the-hoang-work|ho-kinh-doanh|ma-so-thue|tiktok-shop,3.6.6,Hộ kinh doanh & thuế sàn TMĐT,2.5.3,thuc-thi,regulation,vcpart,qt.san-tmdt.d,nguon-ben-ngoai|nguon-the-hoang-work|ho-kinh-doanh|ma-so-thue|tiktok-shop,cao,,g4
6ab730cbe8a762a4385a5373,Sàn TMĐT khấu trừ và nộp thay thuế GTGT/TNCN cho người bán theo lộ trình 2024-2025,ke-toan.thue,regulation,nguon-ben-ngoai|dam-van-tuan|thue-tmdt|ma-so-thue|tiktok-shop,3.6.6,Hộ kinh doanh & thuế sàn TMĐT,,nhap-mon,regulation,vcpart,qt.san-tmdt.d,nguon-ben-ngoai|nguon-dam-van-tuan|thue-tmdt|ma-so-thue|tiktok-shop,cao,,g4
6ab7310de8a762a4385a537f,Nhập mã số thuế cá nhân hay hộ kinh doanh trên sàn TMĐT; giới hạn số shop trên một căn cước/mã số thuế,ke-toan.thue,regulation,nguon-ben-ngoai|dam-van-tuan|ma-so-thue|ho-kinh-doanh|tiktok-shop,3.6.6,Hộ kinh doanh & thuế sàn TMĐT,2.5.3,thuc-thi,regulation,vcpart,qt.san-tmdt.d,nguon-ben-ngoai|nguon-dam-van-tuan|ma-so-thue|ho-kinh-doanh|tiktok-shop,cao,,g4
6ab73162e8a762a4385a538e,"Đăng ký mã số thuế đuôi 888, kê khai và nộp thuế online cho người bán TMĐT",ke-toan.chung-tu-quy-trinh|ke-toan.thue,regulation,nguon-ben-ngoai|dam-van-tuan|ma-so-thue-888|ke-khai-nop-thue-online|tiktok-shop,3.6.6,Hộ kinh doanh & thuế sàn TMĐT,3.6.7,thuc-thi,regulation,vcpart,qt.san-tmdt.d,nguon-ben-ngoai|nguon-dam-van-tuan|ma-so-thue-888|ke-khai-nop-thue-online|tiktok-shop,cao,Thuế sàn TMĐT → 3.6.6.,g3
6ab731b4e8a762a4385a539a,"Doanh thu tính thuế hộ kinh doanh TMĐT là tiền khách thanh toán, không phải tiền sàn quyết toán về",ke-toan.thue,regulation,nguon-ben-ngoai|dam-van-tuan|doanh-thu-tinh-thue|ho-kinh-doanh|tiktok-shop,3.6.6,Hộ kinh doanh & thuế sàn TMĐT,,nhap-mon,regulation,vcpart,qt.san-tmdt.d,nguon-ben-ngoai|nguon-dam-van-tuan|doanh-thu-tinh-thue|ho-kinh-doanh|tiktok-shop,cao,,g4
6ab731eae8a762a4385a53a2,Case người bán online bị khởi tố vì kê khai doanh thu thiếu nhiều lần (18 tỷ chỉ khai 2 tỷ),ke-toan.thue,case_study,nguon-ben-ngoai|dam-van-tuan|tron-thue|ban-hang-online|che-tai-thue,3.6.6,Hộ kinh doanh & thuế sàn TMĐT,3.6.7,dieu-hanh,case_study,vcpart,qt.san-tmdt.d,nguon-ben-ngoai|nguon-dam-van-tuan|tron-thue|ban-hang-online|che-tai-thue,cao,,g4
6ab7328fe8a762a4385a53b4,"Quy định thuế 2026 cho hộ/cá nhân kinh doanh bán sàn: ngưỡng doanh thu, đóng theo lợi nhuận, xuất hóa đơn chi phí",ke-toan.thue|ke-toan.chung-tu-quy-trinh,regulation,nguon-ben-ngoai|dam-van-tuan|thue-2026|nghi-dinh-68|chi-phi-hop-ly,3.6.6,Hộ kinh doanh & thuế sàn TMĐT,,nhap-mon,regulation,vcpart,qt.san-tmdt.d,nguon-ben-ngoai|nguon-dam-van-tuan|thue-2026|nghi-dinh-68|chi-phi-hop-ly,cao,,g4
6ab732e2e8a762a4385a53b9,"Cập nhật căn cước, mã số thuế và tài khoản ngân hàng đúng chủ thể để rút được tiền TikTok Shop",ke-toan.thue|phap-ly.quy-dinh-nganh,regulation,nguon-ben-ngoai|dam-van-tuan|rut-tien-tiktok-shop|ma-so-thue|tai-khoan-ngan-hang,3.6.6,Hộ kinh doanh & thuế sàn TMĐT,2.5.3,thuc-thi,regulation,vcpart,qt.san-tmdt.d,nguon-ben-ngoai|nguon-dam-van-tuan|rut-tien-tiktok-shop|ma-so-thue|tai-khoan-ngan-hang,cao,,g4
6ab68cfff3ad31ef11df09cf,Phân biệt kỳ tính thuế và kỳ khai thuế để tránh kê khai sai kỳ khi thanh toán trễ,ke-toan.thue|ke-toan.chung-tu-quy-trinh,concept,nguon-ben-ngoai|chi-gai-ke-toan|ky-tinh-thue|ky-khai-thue|hoa-don-dien-tu,3.6.7,"Kê khai, quyết toán & rủi ro thuế",,nhap-mon,concept,tap-doan,,nguon-ben-ngoai|nguon-chi-gai-ke-toan|ky-tinh-thue|ky-khai-thue|hoa-don-dien-tu,cao,,g4
6ab68d26f3ad31ef11df09d7,"Luật Quản lý thuế 108/2025: thời hạn khai bổ sung là 5 năm tính theo từng kỳ thuế, không phải theo mốc 1/7/2026",ke-toan.thue,regulation,nguon-ben-ngoai|co-chinh-qttc|luat-quan-ly-thue|khai-bo-sung-thue|thanh-tra-thue,3.6.7,"Kê khai, quyết toán & rủi ro thuế",,thuc-thi,regulation,tap-doan,,nguon-ben-ngoai|nguon-co-chinh-qttc|luat-quan-ly-thue|khai-bo-sung-thue|thanh-tra-thue,cao,,g4
6ab68d29f3ad31ef11df09d8,"Quý 2/2026 vẫn nộp tờ khai theo mẫu Thông tư 80/2021, chuyển sang mẫu Thông tư 89/2026 từ quý 3",ke-toan.chung-tu-quy-trinh|ke-toan.thue,regulation,nguon-ben-ngoai|chi-gai-ke-toan|to-khai-thue|thong-tu-89-2026|ky-tinh-thue,3.6.7,"Kê khai, quyết toán & rủi ro thuế",,thuc-thi,regulation,tap-doan,,nguon-ben-ngoai|nguon-chi-gai-ke-toan|to-khai-thue|thong-tu-89-2026|ky-tinh-thue,cao,Thẻ kê khai thuế lạc vào chứng từ → 3.6.7.,g3
6ab68d39f3ad31ef11df09da,"Cơ quan thuế chọn doanh nghiệp kiểm tra dựa trên chấm điểm rủi ro, không phải doanh thu cao hay thấp",ke-toan.thue,insight,nguon-ben-ngoai|chi-gai-ke-toan|thanh-tra-thue|rui-ro-thue|ke-toan-quan-tri,3.6.7,"Kê khai, quyết toán & rủi ro thuế",,dieu-hanh,insight,tap-doan,,nguon-ben-ngoai|nguon-chi-gai-ke-toan|thanh-tra-thue|rui-ro-thue,cao,,g4
6ab68d41f3ad31ef11df09dc,"Hệ số K cảnh báo rủi ro hóa đơn: công thức, khi nào bị ""soi"" và cách chuẩn bị giải trình",ke-toan.thue|cong-nghe-chuyen-doi-so.phan-mem-quan-tri,concept,nguon-ben-ngoai|chi-gai-ke-toan|he-so-k|hoa-don-dien-tu|rui-ro-thue|phan-mem-ke-toan,3.6.7,"Kê khai, quyết toán & rủi ro thuế",3.6.1,nhap-mon,concept,tap-doan,,nguon-ben-ngoai|nguon-chi-gai-ke-toan|he-so-k|hoa-don-dien-tu|rui-ro-thue|phan-mem-ke-toan,cao,"Summary chứa rác XML (</summary>, key_points) cần dọn",g4
6ab68d60f3ad31ef11df09e2,"Mã số thuế trạng thái 06 (không hoạt động tại địa chỉ đăng ký): 6 rủi ro pháp lý, thuế, hóa đơn phải đối mặt",ke-toan.thue,regulation,nguon-ben-ngoai|chi-gai-ke-toan|ma-so-thue|xu-phat-thue|hoa-don-dien-tu,3.6.7,"Kê khai, quyết toán & rủi ro thuế",,nhap-mon,regulation,tap-doan,,nguon-ben-ngoai|nguon-chi-gai-ke-toan|ma-so-thue|xu-phat-thue|hoa-don-dien-tu,cao,,g4
6ab68d7bf3ad31ef11df09e6,"Quản lý thuế bằng dữ liệu từ 1/7/2026: Luật 108, NĐ252, TT89, NĐ291 và 6 việc doanh nghiệp cần làm",ke-toan.thue,regulation,nguon-ben-ngoai|co-chinh-qttc|luat-quan-ly-thue|cuong-che-thue|quan-ly-thue-bang-du-lieu,3.6.7,"Kê khai, quyết toán & rủi ro thuế",,dieu-hanh,regulation,tap-doan,,nguon-ben-ngoai|nguon-co-chinh-qttc|luat-quan-ly-thue|cuong-che-thue|quan-ly-thue-bang-du-lieu,cao,,g4
6ab68d8df3ad31ef11df09ea,Quy trình 5 bước một đợt thanh tra/quyết toán thuế và 9 trường hợp kiểm tra trực tiếp tại trụ sở,ke-toan.thue|phap-ly.quy-dinh-nganh,framework,nguon-ben-ngoai|chi-gai-ke-toan|thanh-tra-thue|quan-ly-thue|ke-toan-quan-tri,3.6.7,"Kê khai, quyết toán & rủi ro thuế",,thuc-thi,framework,tap-doan,,nguon-ben-ngoai|nguon-chi-gai-ke-toan|thanh-tra-thue|rui-ro-thue,cao,,g4
6ab68d92f3ad31ef11df09eb,Tạm ngừng kinh doanh không làm đúng thủ tục: cơ quan thuế vẫn biết và vẫn phạt,ke-toan.thue,regulation,nguon-ben-ngoai|chi-gai-ke-toan|tam-ngung-kinh-doanh|xu-phat-thue|ho-kinh-doanh,3.6.7,"Kê khai, quyết toán & rủi ro thuế",5.1.4,dieu-hanh,regulation,tap-doan,,nguon-ben-ngoai|nguon-chi-gai-ke-toan|tam-ngung-kinh-doanh|xu-phat-thue|ho-kinh-doanh,cao,,g4
6ab68dc6f3ad31ef11df09f2,9 trường hợp cơ quan thuế ấn định thuế từ 1/7/2026 theo Luật Quản lý thuế mới,ke-toan.thue,regulation,nguon-ben-ngoai|chi-gai-ke-toan|an-dinh-thue|quan-ly-thue|giao-dich-lien-ket,3.6.7,"Kê khai, quyết toán & rủi ro thuế",,nhap-mon,regulation,tap-doan,,nguon-ben-ngoai|nguon-chi-gai-ke-toan|an-dinh-thue|rui-ro-thue|giao-dich-lien-ket,cao,,g4
6ab68e0cf3ad31ef11df09ff,"Nguồn dữ liệu cơ quan thuế dùng để xác định doanh thu: phần mềm kế toán, tài khoản ngân hàng, hóa đơn điện tử",ke-toan.thue|ke-toan.chung-tu-quy-trinh,insight,nguon-ben-ngoai|chi-gai-ke-toan|quan-ly-thue|ho-kinh-doanh|thue-tncn,3.6.7,"Kê khai, quyết toán & rủi ro thuế",3.6.6,dieu-hanh,insight,tap-doan,,nguon-ben-ngoai|nguon-chi-gai-ke-toan|rui-ro-thue|ho-kinh-doanh|thue-tncn,cao,,g4
6ab68e0cf3ad31ef11df0a00,"Nợ thuế không thể ""trốn"" bằng cách hủy mã số thuế, còn nguy cơ bị cấm xuất cảnh",phap-ly.quy-dinh-nganh|ke-toan.thue,regulation,nguon-ben-ngoai|chi-gai-ke-toan|no-thue|cam-xuat-canh|ho-kinh-doanh,3.6.7,"Kê khai, quyết toán & rủi ro thuế",,dieu-hanh,regulation,tap-doan,,nguon-ben-ngoai|nguon-chi-gai-ke-toan|no-thue|cam-xuat-canh|ho-kinh-doanh,cao,,g4
6ab68e1cf3ad31ef11df0a05,"Dùng hai sổ kế toán không phải quản trị khéo mà là gian lận, kéo theo rủi ro thuế, pháp lý và hình sự",ke-toan.thue|phap-ly.quy-dinh-nganh,insight,nguon-ben-ngoai|co-chinh-qttc|hai-so-ke-toan|tron-thue|rui-ro-hinh-su,3.6.7,"Kê khai, quyết toán & rủi ro thuế",3.7.5,dieu-hanh,insight,tap-doan,,nguon-ben-ngoai|nguon-co-chinh-qttc|hai-so-ke-toan|tron-thue|rui-ro-hinh-su,cao,,g4
6ab68e37f3ad31ef11df0a09,"Từ 1/7/2025, mã định danh điện tử thay thế mã số thuế cá nhân/hộ kinh doanh",ke-toan.thue|ke-toan.chung-tu-quy-trinh,regulation,nguon-ben-ngoai|chi-gai-ke-toan|ma-dinh-danh-dien-tu|ma-so-thue|dang-ky-thue,3.6.7,"Kê khai, quyết toán & rủi ro thuế",3.6.6,nhap-mon,regulation,tap-doan,,nguon-ben-ngoai|nguon-chi-gai-ke-toan|ma-dinh-danh-dien-tu|ma-so-thue|dang-ky-thue,cao,,g4
6ab68e48f3ad31ef11df0a0b,"Giám đốc cần hiểu thuế đến mức ra quyết định đúng, không cần giỏi nghiệp vụ như kế toán",ke-toan.thue,insight,nguon-ben-ngoai|co-chinh-qttc|quan-tri-thue|kiem-soat-ke-toan,3.6.7,"Kê khai, quyết toán & rủi ro thuế",,dieu-hanh,insight,tap-doan,,nguon-ben-ngoai|nguon-co-chinh-qttc|rui-ro-thue|kiem-soat-ke-toan,cao,,g4
6ab68e52f3ad31ef11df0a0e,"10 hành vi bị coi là trốn thuế theo Luật Quản lý thuế mới, phạt 1-3 lần số tiền trốn",ke-toan.thue,regulation,nguon-ben-ngoai|chi-gai-ke-toan|tron-thue|quan-ly-thue|hoa-don-dien-tu,3.6.7,"Kê khai, quyết toán & rủi ro thuế",,nhap-mon,regulation,tap-doan,,nguon-ben-ngoai|nguon-chi-gai-ke-toan|tron-thue|rui-ro-thue|hoa-don-dien-tu,cao,,g4
6ab68e6af3ad31ef11df0a14,"Số tiền truy thu thuế thực sự cao hơn số ghi trên biên bản: phải cộng cả phần ""tảng băng chìm""",ke-toan.thue,case_study,nguon-ben-ngoai|chi-gai-ke-toan|truy-thu-thue|quyet-toan-thue|hoa-don-dien-tu,3.6.7,"Kê khai, quyết toán & rủi ro thuế",,dieu-hanh,case_study,tap-doan,,nguon-ben-ngoai|nguon-chi-gai-ke-toan|truy-thu-thue|quyet-toan-thue|hoa-don-dien-tu,cao,,g4
6ab68e92f3ad31ef11df0a1b,"Giám đốc học thuế khác kế toán học thuế: học để hỏi đúng và chịu trách nhiệm, không phải để làm nghiệp vụ",nhan-su-quan-tri.lanh-dao-quan-ly-doi-ngu,insight,nguon-ben-ngoai|co-chinh-qttc|quan-tri-thue|lanh-dao-doanh-nghiep,3.6.7,"Kê khai, quyết toán & rủi ro thuế",3.7.3,dieu-hanh,insight,tap-doan,,nguon-ben-ngoai|nguon-co-chinh-qttc|rui-ro-thue|lanh-dao-doanh-nghiep,cao,,g5
6ab68e99f3ad31ef11df0a1d,"Cách tính 2 loại phạt chậm nộp: 0,05%/ngày với tờ khai/phạt hành chính, 0,03%/ngày với tiền thuế",ke-toan.thue,framework,nguon-ben-ngoai|chi-gai-ke-toan|phat-cham-nop|quan-ly-thue|ke-toan-quan-tri,3.6.7,"Kê khai, quyết toán & rủi ro thuế",,thuc-thi,framework,tap-doan,,nguon-ben-ngoai|nguon-chi-gai-ke-toan|phat-cham-nop|rui-ro-thue,cao,,g4
6ab68eaff3ad31ef11df0a21,"Tối ưu thuế đúng luật, không cố nộp ít nhất bằng mọi giá",ke-toan.thue,insight,nguon-ben-ngoai|chi-gai-ke-toan|toi-uu-thue|tron-thue|thue-tncn,3.6.7,"Kê khai, quyết toán & rủi ro thuế",,dieu-hanh,insight,tap-doan,,nguon-ben-ngoai|nguon-chi-gai-ke-toan|toi-uu-thue|tron-thue|thue-tncn,cao,,g4
6ab68eb0f3ad31ef11df0a22,12 điểm nổi bật Nghị quyết 198 và 7 lưu ý Nghị quyết 68 hỗ trợ kinh tế tư nhân,phap-ly.quy-dinh-nganh,regulation,nguon-ben-ngoai|chi-gai-ke-toan|nghi-quyet-198|nghi-quyet-68|kinh-te-tu-nhan,3.6.7,"Kê khai, quyết toán & rủi ro thuế",3.6.3|5.6.4,nhap-mon,regulation,tap-doan,,nguon-ben-ngoai|nguon-chi-gai-ke-toan|nghi-quyet-198|nghi-quyet-68|kinh-te-tu-nhan,thap,"Tổng quan chính sách trải nhiều node (thuế, thanh kiểm tra, khởi nghiệp); có thể 5.6.4 (tuân thủ) hoặc 5.1.1",g4
6ab68ec7f3ad31ef11df0a26,"20 dấu hiệu bất thường trên báo cáo tài chính/tờ khai khiến doanh nghiệp bị thanh tra thuế, cộng hệ số K và tiêu chí xếp hạng rủi ro",ke-toan.thue,framework,nguon-ben-ngoai|co-chinh-qttc|thanh-tra-thue|he-so-k|rui-ro-hoa-don|xep-hang-rui-ro,3.6.7,"Kê khai, quyết toán & rủi ro thuế",3.3.1,dieu-hanh,framework,tap-doan,,nguon-ben-ngoai|nguon-co-chinh-qttc|thanh-tra-thue|he-so-k|rui-ro-hoa-don|xep-hang-rui-ro,cao,,g4
6ab68edcf3ad31ef11df0a2c,Tránh bị phạt oan khi nộp thuế: chọn đúng mã tiểu mục ngân sách và kiểm tra thông báo chấp nhận tờ khai,ke-toan.thue,lesson,nguon-ben-ngoai|chi-gai-ke-toan|nop-thue-dien-tu|chung-tu-nop-ngan-sach|phat-cham-nop,3.6.7,"Kê khai, quyết toán & rủi ro thuế",,thuc-thi,lesson,tap-doan,,nguon-ben-ngoai|nguon-chi-gai-ke-toan|nop-thue-dien-tu|chung-tu-nop-ngan-sach|phat-cham-nop,cao,,g4
6ab68ee8f3ad31ef11df0a2d,"5 cấp độ tin cậy khi tiếp nhận thông tin thuế, kế toán để chọn lọc đúng",ke-toan.thue|nhan-su-quan-tri.dao-tao-phat-trien,framework,nguon-ben-ngoai|chi-gai-ke-toan|kiem-chung-thong-tin|cap-nhat-van-ban-luat|ke-toan-quan-tri,3.6.7,"Kê khai, quyết toán & rủi ro thuế",4.3.3,thuc-thi,framework,tap-doan,,nguon-ben-ngoai|nguon-chi-gai-ke-toan|kiem-chung-thong-tin|cap-nhat-van-ban-luat,thap,"Kỹ năng lọc thông tin, không hẳn về thuế; có thể 4.3.3 (kỹ năng cá nhân)",g4
6ab68f1af3ad31ef11df0a35,"Thời hiệu xử phạt vi phạm hành chính về thuế là 2 năm, nhưng không miễn truy thu tiền thuế",phap-ly.quy-dinh-nganh,concept,nguon-ben-ngoai|chi-gai-ke-toan|thoi-hieu-xu-phat|xu-phat-thue|hoa-don-dien-tu,3.6.7,"Kê khai, quyết toán & rủi ro thuế",,nhap-mon,concept,tap-doan,,nguon-ben-ngoai|nguon-chi-gai-ke-toan|thoi-hieu-xu-phat|xu-phat-thue|hoa-don-dien-tu,cao,,g4
6ab68f1ff3ad31ef11df0a37,"Quản trị thuế 4 bước: hiểu, kiểm soát, phòng ngừa, ghi nhớ — để lợi nhuận không tự đào hố",nhan-su-quan-tri.lanh-dao-quan-ly-doi-ngu,framework,nguon-ben-ngoai|co-chinh-qttc|quan-tri-thue|hoa-don-chung-tu|toi-uu-thue-hop-phap,3.6.7,"Kê khai, quyết toán & rủi ro thuế",3.7.3,dieu-hanh,framework,tap-doan,,nguon-ben-ngoai|nguon-co-chinh-qttc|rui-ro-thue|hoa-don-chung-tu|toi-uu-thue-hop-phap,cao,,g5
6ab68f24f3ad31ef11df0a38,"Chính sách gia hạn nộp thuế qua các năm (NĐ64/2024, NĐ82/2025, NĐ245/2026): sắc thuế, đối tượng, thời hạn và giấy đề nghị",ke-toan.thue,regulation,nguon-ben-ngoai|chi-gai-ke-toan|gia-han-nop-thue|quan-ly-thue|thue-gtgt,3.6.7,"Kê khai, quyết toán & rủi ro thuế",3.2.1,thuc-thi,regulation,tap-doan,,nguon-ben-ngoai|nguon-chi-gai-ke-toan|gia-han-nop-thue|rui-ro-thue|thue-gtgt,cao,,g4
6ab68f2cf3ad31ef11df0a3c,"Nội dung cơ quan thuế thường kiểm tra (GTGT, TNDN) và hồ sơ cần chuẩn bị trước một cuộc thanh tra thuế",ke-toan.thue,framework,nguon-ben-ngoai|co-chinh-qttc|kiem-tra-thue|thue-gtgt|thue-tndn|chi-phi-duoc-tru,3.6.7,"Kê khai, quyết toán & rủi ro thuế",3.6.2|3.6.3,thuc-thi,framework,tap-doan,,nguon-ben-ngoai|nguon-co-chinh-qttc|kiem-tra-thue|thue-gtgt|thue-tndn|chi-phi-duoc-tru,cao,,g4
6ab68f4df3ad31ef11df0a40,"Tổng hợp các chính sách thuế, kế toán quan trọng có hiệu lực từ 1/7/2025 và 1/1/2025",ke-toan.thue,regulation,nguon-ben-ngoai|chi-gai-ke-toan|chinh-sach-thue-2025|thue-gtgt|ho-kinh-doanh,3.6.7,"Kê khai, quyết toán & rủi ro thuế",3.6.2,nhap-mon,regulation,tap-doan,,nguon-ben-ngoai|nguon-chi-gai-ke-toan|chinh-sach-thue-2025|thue-gtgt|ho-kinh-doanh,cao,,g4
6ab68f5ff3ad31ef11df0a42,"""Không sai thì không sợ"" là chưa đủ: thuế xử lý theo hồ sơ và bản chất, không theo suy nghĩ của doanh nghiệp",ke-toan.thue,insight,nguon-ben-ngoai|co-chinh-qttc|quan-tri-thue|hoa-don-chung-tu,3.6.7,"Kê khai, quyết toán & rủi ro thuế",3.7.1,dieu-hanh,insight,tap-doan,,nguon-ben-ngoai|nguon-co-chinh-qttc|rui-ro-thue|hoa-don-chung-tu,cao,,g4
6ab68f71f3ad31ef11df0a49,Cách lập giấy đề nghị gia hạn nộp thuế trên eTax Mobile (HKD/CNKD) và trên phần mềm hỗ trợ kê khai (doanh nghiệp),ke-toan.chung-tu-quy-trinh,lesson,nguon-ben-ngoai|chi-gai-ke-toan|gia-han-nop-thue|etax-mobile|ho-kinh-doanh,3.6.7,"Kê khai, quyết toán & rủi ro thuế",,thuc-thi,sop,tap-doan,,nguon-ben-ngoai|nguon-chi-gai-ke-toan|gia-han-nop-thue|etax-mobile|ho-kinh-doanh,cao,Đổi type sang sop (hướng dẫn thao tác từng bước).,g3
6ab68f74f3ad31ef11df0a4a,Thuế tăng/giảm bất thường: 5 câu giám đốc nên hỏi kế toán và 4 điểm cần kiểm thay vì chỉ hỏi số tiền phải nộp,ke-toan.thue,lesson,nguon-ben-ngoai|co-chinh-qttc|quan-tri-thue|thue-tang-bat-thuong|ke-toan-quan-tri,3.6.7,"Kê khai, quyết toán & rủi ro thuế",,dieu-hanh,lesson,tap-doan,,nguon-ben-ngoai|nguon-co-chinh-qttc|rui-ro-thue|thue-tang-bat-thuong,cao,,g4
6ab68f9ef3ad31ef11df0a4d,"Chính sách thuế, kế toán quan trọng hiệu lực 1/7/2026 và 1/1/2026: luật quản lý thuế mới, bỏ thuế khoán, biểu thuế TNCN mới",ke-toan.thue,regulation,nguon-ben-ngoai|chi-gai-ke-toan|chinh-sach-thue-2026|thue-tncn|ho-kinh-doanh,3.6.7,"Kê khai, quyết toán & rủi ro thuế",3.6.4,nhap-mon,regulation,tap-doan,,nguon-ben-ngoai|nguon-chi-gai-ke-toan|chinh-sach-thue-2026|thue-tncn|ho-kinh-doanh,cao,,g4
6ab68f9ff3ad31ef11df0a4e,"Tối ưu thuế đúng luật là tầm nhìn, không phải mẹo cắt giảm — vì trong thuế ""sửa sau gần như luôn sai""",ke-toan.thue,insight,nguon-ben-ngoai|co-chinh-qttc|toi-uu-thue-hop-phap|quan-tri-thue,3.6.7,"Kê khai, quyết toán & rủi ro thuế",,dieu-hanh,insight,tap-doan,,nguon-ben-ngoai|nguon-co-chinh-qttc|toi-uu-thue-hop-phap|rui-ro-thue,cao,,g4
6ab68fc6f3ad31ef11df0a56,"Giám đốc quản trị thuế bằng hệ thống, kế toán thực thi: khung 5 việc để kiểm soát rủi ro thuế trước khi giao dịch",ke-toan.thue,framework,nguon-ben-ngoai|co-chinh-qttc|quan-tri-thue|ke-toan-quan-tri,3.6.7,"Kê khai, quyết toán & rủi ro thuế",3.7.3,thiet-ke,framework,tap-doan,,nguon-ben-ngoai|nguon-co-chinh-qttc|rui-ro-thue,cao,,g4
6ab68fd8f3ad31ef11df0a58,Khung thời hạn nộp hồ sơ khai thuế theo tháng/quý/năm và các mốc lưu ý hàng tháng,ke-toan.thue,framework,nguon-ben-ngoai|chi-gai-ke-toan|han-nop-to-khai|quan-ly-thue|ho-kinh-doanh,3.6.7,"Kê khai, quyết toán & rủi ro thuế",,thuc-thi,framework,tap-doan,,nguon-ben-ngoai|nguon-chi-gai-ke-toan|han-nop-to-khai|rui-ro-thue|ho-kinh-doanh,cao,,g4
6ab68fe7f3ad31ef11df0a5c,"Quản trị thuế theo 3 bước Trước - Trong - Sau, và mốc 30/6 làm điểm kiểm hệ thống giữa năm",nhan-su-quan-tri.lanh-dao-quan-ly-doi-ngu|ke-toan.thue,framework,nguon-ben-ngoai|co-chinh-qttc|quan-tri-thue|cau-hoi-5-lop,3.6.7,"Kê khai, quyết toán & rủi ro thuế",5.6.3,thiet-ke,framework,tap-doan,,nguon-ben-ngoai|nguon-co-chinh-qttc|rui-ro-thue|cau-hoi-5-lop,cao,,g5
6ab69029f3ad31ef11df0a63,"Kế toán không thể sửa giao dịch sai từ quyết định của giám đốc: quản trị thuế bắt đầu từ trước khi ký, không phải từ tờ khai",ke-toan.thue,insight,nguon-ben-ngoai|co-chinh-qttc|quan-tri-thue,3.6.7,"Kê khai, quyết toán & rủi ro thuế",3.7.3,dieu-hanh,insight,tap-doan,,nguon-ben-ngoai|nguon-co-chinh-qttc|rui-ro-thue,cao,,g4
6ab69035f3ad31ef11df0a67,"Quản trị thuế là gì: kiểm soát + điều chỉnh nghĩa vụ thuế, và doanh nghiệp mang 2 vai trò nộp thuế và thu hộ",nhan-su-quan-tri.lanh-dao-quan-ly-doi-ngu|ke-toan.ke-toan-quan-tri|ke-toan.thue,concept,nguon-ben-ngoai|co-chinh-qttc|quan-tri-thue|kiem-soat-ke-toan|lanh-dao-doanh-nghiep,3.6.7,"Kê khai, quyết toán & rủi ro thuế",3.2.1,nhap-mon,concept,tap-doan,,nguon-ben-ngoai|nguon-co-chinh-qttc|rui-ro-thue|kiem-soat-ke-toan|lanh-dao-doanh-nghiep,cao,,g5
6ab69039f3ad31ef11df0a68,"Lịch thuế hàng tháng thường bị dịch khi trùng Tết/lễ, và các mốc chính sách lớn cần theo dõi song song (VAT, hóa đơn máy tính tiền, chuẩn mực kế toán)",ke-toan.thue,insight,nguon-ben-ngoai|chi-gai-ke-toan|han-nop-to-khai|hoa-don-dien-tu|quan-ly-thue,3.6.7,"Kê khai, quyết toán & rủi ro thuế",,thuc-thi,insight,tap-doan,,nguon-ben-ngoai|nguon-chi-gai-ke-toan|han-nop-to-khai|hoa-don-dien-tu|rui-ro-thue,cao,,g4
6ab6907bf3ad31ef11df0a6e,"Kinh doanh giỏi giúp đi nhanh, quản trị thuế tốt giúp đi xa: giữ tiền thật cần tính đủ thuế vào giá bán từ đầu",ke-toan.thue,insight,nguon-ben-ngoai|co-chinh-qttc|quan-tri-thue|dong-tien|chi-phi-duoc-tru,3.6.7,"Kê khai, quyết toán & rủi ro thuế",2.3.1,dieu-hanh,insight,tap-doan,,nguon-ben-ngoai|nguon-co-chinh-qttc|rui-ro-thue|dong-tien|chi-phi-duoc-tru,cao,,g4
6ab6907cf3ad31ef11df0a6f,"""Có kế toán vẫn mất tiền"": thuế không hỏi kế toán mà hỏi ai ký, ai quyết định chi",ke-toan.thue,insight,nguon-ben-ngoai|co-chinh-qttc|quan-tri-thue,3.6.7,"Kê khai, quyết toán & rủi ro thuế",,dieu-hanh,insight,tap-doan,,nguon-ben-ngoai|nguon-co-chinh-qttc|rui-ro-thue,cao,,g4
6ab690e5f3ad31ef11df0a78,Chữ ký của giám đốc là cam kết pháp lý dài hạn về thuế: một quyết định ký sai trả giá nhiều năm,ke-toan.thue,insight,nguon-ben-ngoai|co-chinh-qttc|quan-tri-thue,3.6.7,"Kê khai, quyết toán & rủi ro thuế",,dieu-hanh,insight,tap-doan,,nguon-ben-ngoai|nguon-co-chinh-qttc|rui-ro-thue,cao,,g4
6ab69150f3ad31ef11df0a7d,"Thuế là kết quả của quyết định kinh doanh: 4 việc giám đốc phải kiểm soát trước khi ký, chi, tuyển, đầu tư",ke-toan.thue,insight,nguon-ben-ngoai|co-chinh-qttc|quan-tri-thue,3.6.7,"Kê khai, quyết toán & rủi ro thuế",3.7.3,dieu-hanh,insight,tap-doan,,nguon-ben-ngoai|nguon-co-chinh-qttc|rui-ro-thue,cao,,g4
6ab692edf3ad31ef11df0abb,Lệ phí môn bài doanh nghiệp và hộ kinh doanh: mức nộp 2024–2025 và miễn hoàn toàn từ 2026,ke-toan.thue,regulation,nguon-ben-ngoai|chi-gai-ke-toan|le-phi-mon-bai|ho-kinh-doanh|mien-thue,3.6.7,"Kê khai, quyết toán & rủi ro thuế",3.6.6,nhap-mon,regulation,tap-doan,,nguon-ben-ngoai|nguon-chi-gai-ke-toan|le-phi-mon-bai|ho-kinh-doanh|mien-thue,cao,,g4
6ab693f6f3ad31ef11df0af8,"Doanh nghiệp thuê nhà cá nhân làm văn phòng: hồ sơ, nơi nộp và hạn kê khai thuế thay",ke-toan.thue,lesson,nguon-ben-ngoai|chi-gai-ke-toan|cho-thue-bat-dong-san|chi-phi-duoc-tru|ke-khai-thue-thay,3.6.7,"Kê khai, quyết toán & rủi ro thuế",3.6.3,thuc-thi,lesson,tap-doan,,nguon-ben-ngoai|nguon-chi-gai-ke-toan|cho-thue-bat-dong-san|chi-phi-duoc-tru|ke-khai-thue-thay,cao,,g4
6ab6942df3ad31ef11df0b05,"Nghị định 245/2026: gia hạn nộp thuế GTGT, TNDN, TNCN và tiền thuê đất năm 2026 — không phải miễn thuế",ke-toan.thue,regulation,nguon-ben-ngoai|co-chinh-qttc|thue|nghi-dinh-245-2026|dong-tien,3.6.7,"Kê khai, quyết toán & rủi ro thuế",3.2.1,nhap-mon,regulation,tap-doan,,nguon-ben-ngoai|nguon-co-chinh-qttc|gia-han-nop-thue|nghi-dinh-245-2026|dong-tien,cao,,g4
6ab69457f3ad31ef11df0b0d,"Gộp 2 sổ kế toán sau công văn 1902/2026: các bước rà soát thực trạng, quyết định phương án và rủi ro về thuế, tiền phạt khi hợp nhất",ke-toan.ke-toan-tai-chinh|phap-ly.quy-dinh-nganh,case_study,nguon-ben-ngoai|chi-gai-ke-toan|hai-so-ke-toan|tuan-thu-thue|hoa-don-dien-tu,3.6.7,"Kê khai, quyết toán & rủi ro thuế",3.7.5,thiet-ke,case_study,tap-doan,,nguon-ben-ngoai|nguon-chi-gai-ke-toan|hai-so-ke-toan|rui-ro-thue|hoa-don-dien-tu,thap,"Nằm giữa 3.6.7 (rủi ro thuế, tiền phạt) và 3.7.5 (rủi ro pháp lý) hoặc 3.5.4 (gộp sổ).",g3
6ab68c24f3ad31ef11df09c9,"Phân biệt chứng từ, hóa đơn và ""hóa đơn đỏ"": hóa đơn chỉ là một loại chứng từ đặc biệt do nhà nước quy định",ke-toan.chung-tu-quy-trinh,concept,nguon-ben-ngoai|co-chinh-qttc|chung-tu-ke-toan|hoa-don-dien-tu|nguyen-tac-lap-hoa-don,3.7.1,Chứng từ hợp lệ & lưu trữ,3.6.1,nhap-mon,concept,tap-doan,,nguon-ben-ngoai|nguon-co-chinh-qttc|chung-tu-ke-toan|hoa-don-dien-tu|nguyen-tac-lap-hoa-don,cao,,g3
6ab68c79f3ad31ef11df09ca,"Nguyên tắc ""Đúng - Đủ - Logic"" của chứng từ: mọi giấy tờ phải kể cùng một câu chuyện giao dịch",ke-toan.chung-tu-quy-trinh,framework,nguon-ben-ngoai|co-chinh-qttc|chung-tu-ke-toan|kiem-soat-noi-bo|quan-tri-thue,3.7.1,Chứng từ hợp lệ & lưu trữ,,thiet-ke,framework,tap-doan,,nguon-ben-ngoai|nguon-co-chinh-qttc|chung-tu-ke-toan|rui-ro-thue,cao,,g3
6ab68cf6f3ad31ef11df09cc,Phân biệt hoàn thiện hồ sơ (đúng quy trình từ đầu) với hợp thức hóa chứng từ dựng lại để che giao dịch sai,ke-toan.chung-tu-quy-trinh|ke-toan.thue,insight,nguon-ben-ngoai|co-chinh-qttc|chung-tu-hop-le|hop-thuc-hoa|rui-ro-thue|ke-toan-quan-tri,3.7.1,Chứng từ hợp lệ & lưu trữ,3.7.5,dieu-hanh,insight,tap-doan,,nguon-ben-ngoai|nguon-co-chinh-qttc|chung-tu-hop-le|hop-thuc-hoa|rui-ro-thue,cao,,g3
6ab68d52f3ad31ef11df09de,"Sổ sách gọn gàng chưa chắc an toàn thuế: cơ quan thuế soi bản chất giao dịch, không nhìn con số báo cáo",ke-toan.chung-tu-quy-trinh|ke-toan.thue,insight,nguon-ben-ngoai|co-chinh-qttc|chung-tu-hop-le|rui-ro-thue|bao-hiem-xa-hoi|quan-he-lao-dong,3.7.1,Chứng từ hợp lệ & lưu trữ,3.6.7,dieu-hanh,insight,tap-doan,,nguon-ben-ngoai|nguon-co-chinh-qttc|chung-tu-hop-le|rui-ro-thue|bao-hiem-xa-hoi|quan-he-lao-dong,cao,,g3
6ab68daaf3ad31ef11df09ef,Muốn quyết toán thuế nhàn: xây chuẩn nội bộ và làm đúng chứng từ mỗi ngày thay vì dồn sửa cuối năm,ke-toan.chung-tu-quy-trinh|ke-toan.thue,lesson,nguon-ben-ngoai|co-chinh-qttc|chung-tu-hop-le|quyet-toan-thue|ke-toan-quan-tri,3.7.1,Chứng từ hợp lệ & lưu trữ,3.6.7,thiet-ke,lesson,tap-doan,,nguon-ben-ngoai|nguon-co-chinh-qttc|chung-tu-hop-le|quyet-toan-thue,cao,,g3
6ab68df8f3ad31ef11df09fc,Giao hàng qua đơn vị vận chuyển trung gian: cần 2 lớp ký nhận để chứng từ đủ logic pháp lý,ke-toan.chung-tu-quy-trinh,case_study,nguon-ben-ngoai|co-chinh-qttc|chung-tu-hop-le|van-chuyen-giao-nhan|hoa-don-dien-tu,3.7.1,Chứng từ hợp lệ & lưu trữ,6.3.4,thuc-thi,case_study,tap-doan|vcpart,qt.ban-hang-b2b.c,nguon-ben-ngoai|nguon-co-chinh-qttc|chung-tu-hop-le|van-chuyen-giao-nhan|hoa-don-dien-tu,cao,,g3
6ab69314f3ad31ef11df0ac1,Bàn giao hồ sơ kế toán không đầy đủ và rủi ro khi dùng kế toán dịch vụ thay vì full-time,nhan-su-quan-tri.lanh-dao-quan-ly-doi-ngu|ke-toan.chung-tu-quy-trinh|ke-toan.ke-toan-tai-chinh,case_study,nguon-ben-ngoai|chi-gai-ke-toan|ban-giao-cong-viec|ke-toan-dich-vu|quyet-toan-thue,3.7.1,Chứng từ hợp lệ & lưu trữ,4.6.4,dieu-hanh,case_study,tap-doan,,nguon-ben-ngoai|nguon-chi-gai-ke-toan|ban-giao-cong-viec|ke-toan-dich-vu|quyet-toan-thue,thap,Có thể 4.6.4 (bàn giao khi nghỉ việc) hoặc 3.5.5 (tổ chức bộ máy kế toán/kế toán dịch vụ).,g5
6ab6938bf3ad31ef11df0adf,Bộ chứng từ mua hàng trong nước và nhập khẩu: 9 loại chứng từ và tính pháp lý hồ sơ,ke-toan.chung-tu-quy-trinh,framework,nguon-ben-ngoai|chi-gai-ke-toan|chung-tu-mua-hang|nhap-khau|phap-ly-ho-so,3.7.1,Chứng từ hợp lệ & lưu trữ,6.3.1,thuc-thi,checklist,tap-doan|vcpart,qt.mua-hang.b,nguon-ben-ngoai|nguon-chi-gai-ke-toan|chung-tu-mua-hang|nhap-khau|phap-ly-ho-so,cao,Đổi type sang checklist (danh mục bộ chứng từ).,g3
6ab6ad67f3ad31ef11df0cf1,Sửa địa chỉ hóa đơn quảng cáo TikTok theo địa chỉ hành chính mới sau sáp nhập tỉnh,ke-toan.chung-tu-quy-trinh|marketing.quang-cao-tra-phi,lesson,nguon-ben-ngoai|dam-van-tuan|hoa-don-dien-tu|sap-nhap-tinh|hoa-don-quang-cao,3.7.1,Chứng từ hợp lệ & lưu trữ,1.3.2,thuc-thi,lesson,vcpart,,nguon-ben-ngoai|nguon-dam-van-tuan|hoa-don-dien-tu|sap-nhap-tinh|hoa-don-quang-cao,cao,,g3
6ab68dcef3ad31ef11df09f4,"Tiền công ty chuyển qua tài khoản cá nhân giám đốc: phải gọi đúng bản chất và có hồ sơ, nếu không sẽ leo 3 tầng rủi ro",ke-toan.ke-toan-tai-chinh|ke-toan.thue,insight,nguon-ben-ngoai|co-chinh-qttc|dong-tien-giam-doc|rui-ro-thue|tach-bach-tai-san,3.7.2,Quy trình thu – chi – tạm ứng,3.7.5,dieu-hanh,insight,tap-doan,,nguon-ben-ngoai|nguon-co-chinh-qttc|dong-tien-giam-doc|rui-ro-thue|tach-bach-tai-san,thap,"Nằm giữa 3.7.2 (tạm ứng/chi có hồ sơ), 3.5.3 (kế toán tiền) và 3.7.5 (rủi ro pháp lý).",g3
6ab693d8f3ad31ef11df0af2,"Kiểm soát hồ sơ thanh toán, tạm ứng: vì sao cần quy trình và kế toán phải đọc kỹ chứng từ",ke-toan.chung-tu-quy-trinh|nhan-su-quan-tri.tuyen-dung,framework,nguon-ben-ngoai|chi-gai-ke-toan|quy-trinh-thanh-toan|chi-phi-duoc-tru|ke-toan-thanh-toan,3.7.2,Quy trình thu – chi – tạm ứng,,thiet-ke,framework,tap-doan,,nguon-ben-ngoai|nguon-chi-gai-ke-toan|quy-trinh-thanh-toan|chi-phi-duoc-tru|ke-toan-thanh-toan,cao,,g3
6ab68d06f3ad31ef11df09d2,"Giám đốc quản trị được kế toán khi quản nguyên tắc và công thức, không phải ôm việc thay kế toán",ke-toan.ke-toan-quan-tri|nhan-su-quan-tri.lanh-dao-quan-ly-doi-ngu,lesson,nguon-ben-ngoai|co-chinh-qttc|ke-toan-quan-tri|quan-tri-doanh-nghiep|cong-thuc-van-hanh,3.7.3,Kiểm soát nội bộ & phân quyền,3.1.3,dieu-hanh,lesson,tap-doan,,nguon-ben-ngoai|nguon-co-chinh-qttc|quan-tri-doanh-nghiep|cong-thuc-van-hanh,cao,,g3
6ab68d84f3ad31ef11df09e8,"Hai case mất tiền vì không kiểm soát chính sách giá bán và hạn mức nhập hàng - thiệt hại gần 1 tỷ đồng vì duyệt miệng, không văn bản",ke-toan.chung-tu-quy-trinh,case_study,nguon-ben-ngoai|co-chinh-qttc|kiem-soat-noi-bo|quan-tri-hang-ton-kho|chinh-sach-gia-ban|chung-tu-ke-toan,3.7.3,Kiểm soát nội bộ & phân quyền,2.1.6,dieu-hanh,case_study,tap-doan|vcpart,,nguon-ben-ngoai|nguon-co-chinh-qttc|quan-tri-hang-ton-kho|chinh-sach-gia-ban|chung-tu-ke-toan,cao,,g3
6ab68ddff3ad31ef11df09f8,"Giám đốc giao toàn quyền tài chính cho kế toán, không ghi sổ đầy đủ - ba case tham ô/thất thoát hàng tỷ đồng vì không nắm số liệu",ke-toan.chung-tu-quy-trinh|ke-toan.ke-toan-quan-tri,case_study,nguon-ben-ngoai|co-chinh-qttc|tham-o|kiem-soat-noi-bo|quan-tri-tai-chinh|chung-tu-ke-toan,3.7.3,Kiểm soát nội bộ & phân quyền,,dieu-hanh,case_study,tap-doan,,nguon-ben-ngoai|nguon-co-chinh-qttc|tham-o|chung-tu-ke-toan,cao,,g3
6ab68df5f3ad31ef11df09fb,"Giám đốc kiểm soát kế toán bằng nguyên tắc, tiêu chuẩn và câu hỏi, không bằng năng lực từng người",ke-toan.ke-toan-quan-tri|ke-toan.thue|nhan-su-quan-tri.lanh-dao-quan-ly-doi-ngu,framework,nguon-ben-ngoai|co-chinh-qttc|kiem-soat-ke-toan|quan-tri-thue|lanh-dao-doanh-nghiep,3.7.3,Kiểm soát nội bộ & phân quyền,,dieu-hanh,framework,tap-doan,,nguon-ben-ngoai|nguon-co-chinh-qttc|kiem-soat-ke-toan|rui-ro-thue|lanh-dao-doanh-nghiep,cao,,g3
6ab68e59f3ad31ef11df0a10,"Khung quản trị khi thuê kế toán dịch vụ: đồng hành từ gốc, cập nhật theo ngày, bàn giao hồ sơ định kỳ",ke-toan.chung-tu-quy-trinh|ke-toan.thue,framework,nguon-ben-ngoai|co-chinh-qttc|ke-toan-dich-vu|chung-tu-hop-le|quan-tri-thue,3.7.3,Kiểm soát nội bộ & phân quyền,3.7.1,thiet-ke,framework,tap-doan,,nguon-ben-ngoai|nguon-co-chinh-qttc|ke-toan-dich-vu|chung-tu-hop-le|rui-ro-thue,cao,,g3
6ab68eadf3ad31ef11df0a1f,Doanh nghiệp nhỏ càng cần kế toán tốt: tiết kiệm chi phí kế toán là tiết kiệm sai chỗ,ke-toan.chung-tu-quy-trinh,insight,nguon-ben-ngoai|co-chinh-qttc|ke-toan-quan-tri|doanh-nghiep-nho|ke-toan-dich-vu,3.7.3,Kiểm soát nội bộ & phân quyền,4.1.1,dieu-hanh,insight,tap-doan,,nguon-ben-ngoai|nguon-co-chinh-qttc|doanh-nghiep-nho|ke-toan-dich-vu,thap,"Về giá trị của chức năng kế toán với chủ DN nhỏ; không có node khớp hẳn, có thể 4.1.1 (định biên).",g3
6ab68ed1f3ad31ef11df0a28,Công thức hỏi kế toán 5 lớp: cách giám đốc kiểm soát thuế mà không cần soi từng bút toán,nhan-su-quan-tri.lanh-dao-quan-ly-doi-ngu,framework,nguon-ben-ngoai|co-chinh-qttc|cau-hoi-5-lop|kiem-soat-ke-toan|quan-tri-thue,3.7.3,Kiểm soát nội bộ & phân quyền,3.6.7,dieu-hanh,framework,tap-doan,,nguon-ben-ngoai|nguon-co-chinh-qttc|cau-hoi-5-lop|kiem-soat-ke-toan|rui-ro-thue,cao,,g5
6ab690b5f3ad31ef11df0a75,"Thông tư 99/2025 buộc doanh nghiệp tự xây quy chế quản trị nội bộ về chứng từ, phân quyền và kiểm soát",ke-toan.chung-tu-quy-trinh|ke-toan.thue,regulation,nguon-ben-ngoai|co-chinh-qttc|quy-che-noi-bo|chung-tu-hop-le|quy-dinh-moi,3.7.3,Kiểm soát nội bộ & phân quyền,3.5.1,thiet-ke,regulation,tap-doan,,nguon-ben-ngoai|nguon-co-chinh-qttc|quy-che-noi-bo|chung-tu-hop-le|quy-dinh-moi,cao,,g3
6ab69113f3ad31ef11df0a7b,"Công thức hỏi kế toán 5 lớp: hỏi đúng bản chất trước ""có được không"" thì kế toán mới làm đúng từ gốc",nhan-su-quan-tri.lanh-dao-quan-ly-doi-ngu|ke-toan.ke-toan-quan-tri,framework,nguon-ben-ngoai|co-chinh-qttc|cau-hoi-5-lop|kiem-soat-ke-toan,3.7.3,Kiểm soát nội bộ & phân quyền,5.4.2,dieu-hanh,framework,tap-doan,,nguon-ben-ngoai|nguon-co-chinh-qttc|cau-hoi-5-lop|kiem-soat-ke-toan,cao,,g5
6ab69340f3ad31ef11df0aca,Chỉ 3 loại hình doanh nghiệp cho phép vợ/chồng cùng làm giám đốc và kế toán,ke-toan.chung-tu-quy-trinh,regulation,nguon-ben-ngoai|chi-gai-ke-toan|luat-ke-toan|co-cau-doanh-nghiep,3.7.3,Kiểm soát nội bộ & phân quyền,3.7.5,thiet-ke,regulation,tap-doan,,nguon-ben-ngoai|nguon-chi-gai-ke-toan|luat-ke-toan|co-cau-doanh-nghiep,cao,Quy định về người làm kế toán (bất kiêm nhiệm) → kiểm soát nội bộ; có thể 3.7.5.,g3
6ab69400f3ad31ef11df0afc,"Nguyên tắc thận trọng của kế toán: luôn kiểm tra đi kiểm tra lại, phân cấp soát xét, để sai sót nếu có cũng ít trọng yếu nhất",nhan-su-quan-tri.van-hoa-doanh-nghiep|nhan-su-quan-tri.dao-tao-phat-trien,lesson,nguon-ben-ngoai|chi-gai-ke-toan|nguyen-tac-than-trong|quan-tri-rui-ro|kiem-soat-noi-bo,3.7.3,Kiểm soát nội bộ & phân quyền,3.7.4,thuc-thi,lesson,tap-doan,,nguon-ben-ngoai|nguon-chi-gai-ke-toan|nguyen-tac-than-trong|quan-tri-rui-ro,cao,,g5
6ab68e4bf3ad31ef11df0a0c,"5 câu hỏi giám đốc cần kiểm mỗi tháng khi tồn kho lệch sổ sách - rủi ro thuế, hóa đơn và dòng tiền đằng sau con số tồn kho",ke-toan.ke-toan-tai-chinh|ke-toan.chung-tu-quy-trinh,framework,nguon-ben-ngoai|co-chinh-qttc|kiem-ke-ton-kho|quan-tri-hang-ton-kho|dong-tien|hoa-don-dien-tu,3.7.4,Kiểm kê & đối chiếu,3.2.4,dieu-hanh,framework,tap-doan,,nguon-ben-ngoai|nguon-co-chinh-qttc|kiem-ke-ton-kho|quan-tri-hang-ton-kho|dong-tien|hoa-don-dien-tu,cao,,g3
6ab693f0f3ad31ef11df0af4,"Hàng tồn kho ảo: 2 nguyên nhân chính, rủi ro bị truy thu/phạt và các cách xử lý để đưa số liệu về sát thực tế",ke-toan.ke-toan-tai-chinh|ke-toan.chung-tu-quy-trinh,framework,nguon-ben-ngoai|chi-gai-ke-toan|hang-ton-kho-ao|rui-ro-thue|giai-the-doanh-nghiep,3.7.4,Kiểm kê & đối chiếu,3.6.7,thiet-ke,framework,tap-doan,,nguon-ben-ngoai|nguon-chi-gai-ke-toan|hang-ton-kho-ao|rui-ro-thue|giai-the-doanh-nghiep,thap,Nằm giữa 3.7.4 (chênh lệch tồn kho sổ – thực tế) và 3.6.7 (rủi ro thuế do hoá đơn).,g3
6ab694ddf3ad31ef11df0b27,"Đối chiếu số liệu chuẩn theo từng tài khoản: căn cứ xác nhận cho tiền mặt, ngân hàng, công nợ, thuế, tài sản cố định trước khi lập BCTC",ke-toan.chung-tu-quy-trinh|ke-toan.ke-toan-quan-tri,framework,nguon-ben-ngoai|chi-gai-ke-toan|doi-chieu-so-lieu|bang-can-doi-phat-sinh,3.7.4,Kiểm kê & đối chiếu,3.5.4,thuc-thi,checklist,tap-doan,,nguon-ben-ngoai|nguon-chi-gai-ke-toan|doi-chieu-so-lieu|bang-can-doi-phat-sinh,cao,Đổi type sang checklist (danh sách căn cứ đối chiếu theo tài khoản).,g3
6ab68d01f3ad31ef11df09d0,12 hình thức giao dịch liên kết theo Nghị định 132/2020 và bổ sung tại Nghị định 20/2025,ke-toan.thue,regulation,nguon-ben-ngoai|chi-gai-ke-toan|giao-dich-lien-ket|thue-tndn|ke-toan-quan-tri,3.7.5,Giao dịch liên kết & rủi ro pháp lý,,nhap-mon,regulation,tap-doan,,nguon-ben-ngoai|nguon-chi-gai-ke-toan|giao-dich-lien-ket|thue-tndn,cao,,g4
6ab68d15f3ad31ef11df09d6,"Nghị định 255/2026 siết giao dịch liên kết: nhận diện qua vốn, vay, điều hành, gia đình và ngưỡng miễn hồ sơ",ke-toan.thue,regulation,nguon-ben-ngoai|co-chinh-qttc|giao-dich-lien-ket|thue-tndn|chi-phi-lai-vay|nd255-2026,3.7.5,Giao dịch liên kết & rủi ro pháp lý,3.6.3,dieu-hanh,regulation,tap-doan,,nguon-ben-ngoai|nguon-co-chinh-qttc|giao-dich-lien-ket|thue-tndn|chi-phi-lai-vay|nd255-2026,cao,,g4
6ab68d69f3ad31ef11df09e3,Vay tiền không lãi từ giám đốc/vợ chồng người điều hành: khi nào là giao dịch liên kết và rủi ro thuế TNCN 5%,ke-toan.thue,insight,nguon-ben-ngoai|co-chinh-qttc|giao-dich-lien-ket|vay-von|thue-tncn|nd255-2026,3.7.5,Giao dịch liên kết & rủi ro pháp lý,3.6.4|3.4.1,dieu-hanh,insight,tap-doan,,nguon-ben-ngoai|nguon-co-chinh-qttc|giao-dich-lien-ket|vay-von|thue-tncn|nd255-2026,cao,,g4
6ab68dbbf3ad31ef11df09f1,Đã kê khai giao dịch liên kết vẫn bị truy thu: 3 rủi ro và cách phí nội bộ âm thầm rút lợi nhuận khỏi công ty,ke-toan.thue,insight,nguon-ben-ngoai|co-chinh-qttc|giao-dich-lien-ket|chi-phi-lai-vay|nd255-2026,3.7.5,Giao dịch liên kết & rủi ro pháp lý,3.6.3,dieu-hanh,insight,tap-doan,,nguon-ben-ngoai|nguon-co-chinh-qttc|giao-dich-lien-ket|chi-phi-lai-vay|nd255-2026,cao,,g4
6ab68e1ff3ad31ef11df0a06,"Giám đốc cho công ty mượn hoặc thuê nhà làm trụ sở: hồ sơ cần có và rủi ro giao dịch liên kết, thuế TNCN",ke-toan.thue|phap-ly.hop-dong,insight,nguon-ben-ngoai|co-chinh-qttc|giao-dich-lien-ket|thue-tncn|hop-dong-thue-nha,3.7.5,Giao dịch liên kết & rủi ro pháp lý,3.6.4|3.6.3,dieu-hanh,insight,tap-doan,,nguon-ben-ngoai|nguon-co-chinh-qttc|giao-dich-lien-ket|thue-tncn|hop-dong-thue-nha,cao,,g4
6ab692e7f3ad31ef11df0aba,"Ranh giới đạo đức của kế toán: từ chối tư vấn né bảo hiểm, khai giảm doanh thu và xuất hóa đơn khống",ke-toan.ke-toan-quan-tri,insight,nguon-ben-ngoai|chi-gai-ke-toan|dao-duc-nghe-nghiep|tuan-thu-thue,3.7.5,Giao dịch liên kết & rủi ro pháp lý,3.6.7,thuc-thi,insight,tap-doan,,nguon-ben-ngoai|nguon-chi-gai-ke-toan|dao-duc-nghe-nghiep|rui-ro-thue,thap,Đạo đức nghề kế toán trước yêu cầu lách luật; có thể 3.6.7 hoặc 3.5.1.,g3
6ab6936cf3ad31ef11df0ad5,"80% sai lầm nhân sự bắt nguồn từ thiếu thiết kế hệ thống, cơ cấu và tiêu chuẩn trước khi tuyển",nhan-su-quan-tri.lanh-dao-quan-ly-doi-ngu|nhan-su-quan-tri.tuyen-dung,framework,nguon-ben-ngoai|co-chinh-qttc|thiet-ke-to-chuc|tieu-chuan-nang-luc|tuyen-dung,4.1,"Cơ cấu, định biên & MTCV",4.2.1,thiet-ke,framework,tap-doan,qt.nhan-su.a,nguon-ben-ngoai|nguon-co-chinh-qttc|thiet-ke-to-chuc|tieu-chuan-nang-luc,thap,"Bao trùm cả 4.1.1 (cơ cấu, định biên) và 4.1.2 (MTCV, tiêu chuẩn năng lực); nếu buộc chọn tầng 3 thì 4.1.2.",g5
6ab69385f3ad31ef11df0adc,Định biên nhân sự bằng cách đo thời gian tối thiểu/tối đa cho từng thao tác nghiệp vụ,nhan-su-quan-tri.lanh-dao-quan-ly-doi-ngu|nhan-su-quan-tri.tuyen-dung|tai-chinh.quan-tri-dong-tien,framework,nguon-ben-ngoai|co-chinh-qttc|dinh-bien-nhan-su|mo-hinh-tai-chinh|quan-tri-quy-luong,4.1.1,Sơ đồ tổ chức & định biên,4.4.3,thiet-ke,framework,tap-doan,qt.nhan-su.a,nguon-ben-ngoai|nguon-co-chinh-qttc|dinh-bien-nhan-su|mo-hinh-tai-chinh|quan-tri-quy-luong,cao,,g5
6ab693a0f3ad31ef11df0ae0,"Doanh nghiệp nhỏ nên kiêm nhiệm có định nghĩa rõ việc chính, lớn dần mới chuyên môn hoá sâu",nhan-su-quan-tri.lanh-dao-quan-ly-doi-ngu|tai-chinh.ngan-sach-ke-hoach,insight,nguon-ben-ngoai|co-chinh-qttc|co-cau-to-chuc|chuyen-mon-hoa|quan-tri-quy-luong,4.1.1,Sơ đồ tổ chức & định biên,4.4.3,thiet-ke,insight,tap-doan,qt.nhan-su.a,nguon-ben-ngoai|nguon-co-chinh-qttc|co-cau-to-chuc|chuyen-mon-hoa|quan-tri-quy-luong,cao,,g5
6ab4ba88b1c921b0a784dc32,"Gắn chặt 3 công cụ quản trị: mô tả công việc – KPI chuẩn từng vị trí – cơ chế lương, và mở rộng KPI sang bộ phận hỗ trợ sales",nhan-su-quan-tri.lanh-dao-quan-ly-doi-ngu|nhan-su-quan-tri.dao-tao-phat-trien,framework,mo-ta-cong-viec|kpi|co-che-luong|lo-trinh-thang-tien|nguon-ben-ngoai|do-xuan-tung,4.1.2,MTCV & khung năng lực,4.5.1|4.4.1,thiet-ke,framework,tap-doan,qt.nhan-su.a,nguon-ben-ngoai|nguon-do-xuan-tung|mo-ta-cong-viec|kpi|co-che-luong|lo-trinh-thang-tien,thap,Thẻ gắn 3 công cụ MTCV–KPI–lương cho đội sales; có thể 2.1.2 nếu muốn giữ trong mảng bán hàng.,g5
6ab693baf3ad31ef11df0ae8,"Công thức năng lực = kiến thức + kỹ năng + thái độ, đo khác nhau theo 4 cấp bậc quản lý",nhan-su-quan-tri.dao-tao-phat-trien,framework,nguon-ben-ngoai|co-chinh-qttc|nang-luc-nhan-su|cap-do-quan-ly|dao-tao-phat-trien,4.1.2,MTCV & khung năng lực,4.5.2,thiet-ke,framework,tap-doan,qt.nhan-su.c,nguon-ben-ngoai|nguon-co-chinh-qttc|nang-luc-nhan-su|cap-do-quan-ly,cao,,g6
6ab69e7ef3ad31ef11df0c08,Mô hình ASK (Thái độ - Kỹ năng - Hiểu biết) để đánh giá và xây lộ trình phát triển nhân sự theo từng vị trí,nhan-su-quan-tri.tuyen-dung,framework,nguon-ben-ngoai|tran-manh-hung|mo-hinh-ask|danh-gia-nhan-su|tuyen-dung,4.1.2,MTCV & khung năng lực,4.5.2|4.2.3,thiet-ke,framework,tap-doan,qt.nhan-su.c,nguon-ben-ngoai|nguon-tran-manh-hung|mo-hinh-ask|danh-gia-nhan-su,thap,Khung năng lực dùng chung cho tuyển và đánh giá; có thể 4.5.2,g6
6ab69f9cf3ad31ef11df0c3a,"Xác định rõ chức năng-nhiệm vụ từng vị trí và cân bằng vai trò ""tướng"" (sale) - ""quân sư"" (marketing) để tránh đổ lỗi, thiên lệch",nhan-su-quan-tri.lanh-dao-quan-ly-doi-ngu,framework,nguon-ben-ngoai|tran-manh-hung|chuc-nang-nhiem-vu|co-cau-to-chuc|sale-marketing,4.1.2,MTCV & khung năng lực,5.2.2,thiet-ke,framework,tap-doan,,nguon-ben-ngoai|nguon-tran-manh-hung|chuc-nang-nhiem-vu|co-cau-to-chuc|sale-marketing,cao,,g5
6ab4adf8b1c921b0a784dbc7,"Lộ trình từ fresher lên Brand Manager: tư duy kinh doanh, 4 bước ngoặt và bộ kỹ năng cần rèn",nhan-su-quan-tri.dao-tao-phat-trien|marketing.chien-luoc-thuong-hieu,framework,brand-manager|lo-trinh-nghe-nghiep|p-and-l|chuyen-mar|nguon-ben-ngoai,4.1.3,Thang chức danh & thăng tiến,4.1.3,thuc-thi,framework,tap-doan,,nguon-ben-ngoai|nguon-chuyen-mar|brand-manager|lo-trinh-nghe-nghiep|p-and-l,cao,Quyết định A2-2: tầng 4 / chuyển node,g6
6ab4bae3b1c921b0a784dc4b,"Hai nấc trước khi thành quản lý sales: team leader giỏi hơn đồng nghiệp 20–30%, giám sát bán hàng đủ sức ""nhân bản"" người mới trong 1–2 tháng",nhan-su-quan-tri.lanh-dao-quan-ly-doi-ngu|nhan-su-quan-tri.dao-tao-phat-trien,concept,team-leader|giam-sat-ban-hang|lo-trinh-thang-tien|nguon-ben-ngoai|do-xuan-tung,4.1.3,Thang chức danh & thăng tiến,2.1.2,thiet-ke,concept,vcpart,,nguon-ben-ngoai|nguon-do-xuan-tung|team-leader|giam-sat-ban-hang|lo-trinh-thang-tien,cao,,g5
6ab4bbe7b1c921b0a784dc85,"Điều kiện cần và đủ để đề bạt quản lý sales: bán gấp 2–3 lần nhân viên liên tục 3 tháng, rồi ""nhân bản"" được đội đến khi đạt KPI — không xét thâm niên, cảm tình hay một đơn may mắn",nhan-su-quan-tri.lanh-dao-quan-ly-doi-ngu|nhan-su-quan-tri.dao-tao-phat-trien,framework,de-bat-quan-ly|tieu-chuan-quan-ly|quan-ly-sales|luong-quan-ly|nguon-ben-ngoai|do-xuan-tung,4.1.3,Thang chức danh & thăng tiến,2.1.2,thiet-ke,framework,vcpart,,nguon-ben-ngoai|nguon-do-xuan-tung|de-bat-quan-ly|tieu-chuan-quan-ly|quan-ly-sales|luong-quan-ly,cao,,g5
6ab692d8f3ad31ef11df0ab8,"Lộ trình nghề kế toán tổng hợp mất 3-5 năm qua 3 chặng: kế toán viên, kế toán tổng hợp, rồi phân tích và tham mưu; không thể đốt cháy giai đoạn",nhan-su-quan-tri.dao-tao-phat-trien,insight,nguon-ben-ngoai|chi-gai-ke-toan|lo-trinh-nghe-nghiep|ke-toan-tong-hop|dao-tao-phat-trien,4.1.3,Thang chức danh & thăng tiến,4.1.3,thuc-thi,insight,tap-doan,,nguon-ben-ngoai|nguon-chi-gai-ke-toan|lo-trinh-nghe-nghiep|ke-toan-tong-hop,cao,Quyết định A2-2: tầng 4 / chuyển node,g6
6ab69316f3ad31ef11df0ac2,Kế toán thuế là một lộ trình từ kê khai cơ bản đến giải trình và tham mưu; chỉ nhận việc online/dịch vụ khi đã vững kế toán tổng hợp,nhan-su-quan-tri.dao-tao-phat-trien|nhan-su-quan-tri.lanh-dao-quan-ly-doi-ngu,concept,nguon-ben-ngoai|chi-gai-ke-toan|ke-toan-thue|co-cau-phong-ke-toan|dao-tao-phat-trien,4.1.3,Thang chức danh & thăng tiến,4.1.3,nhap-mon,concept,tap-doan,,nguon-ben-ngoai|nguon-chi-gai-ke-toan|ke-toan-thue|co-cau-phong-ke-toan,thap,Lộ trình nghề kế toán thuế kèm cơ cấu phòng; có thể 4.1.3 (thang chức danh) | Quyết định A2-2: tầng 4 / chuyển node,g6
6ab693f2f3ad31ef11df0af6,"5 cấp độ nghề kế toán từ ghi chép đến tham mưu, mỗi cấp một mức lương và vai trò khác nhau",ke-toan.ke-toan-quan-tri|nhan-su-quan-tri.dao-tao-phat-trien,framework,nguon-ben-ngoai|co-chinh-qttc|cap-do-ke-toan|ke-toan-quan-tri|luong-nang-luc,4.1.3,Thang chức danh & thăng tiến,4.1.3,thuc-thi,framework,tap-doan,,nguon-ben-ngoai|nguon-co-chinh-qttc|cap-do-ke-toan|luong-nang-luc,thap,Lộ trình nghề kế toán: nằm giữa 4.3.3 (phát triển bản thân) và 4.1.3 (thang chức danh). | Quyết định A2-2: tầng 4 / chuyển node,g3
6ab6947af3ad31ef11df0b18,Kế toán giỏi hạch toán nhưng không biết phân tích số liệu sẽ khó được trọng dụng và tăng lương,nhan-su-quan-tri.dao-tao-phat-trien|ke-toan.ke-toan-quan-tri,insight,nguon-ben-ngoai|co-chinh-qttc|phan-tich-tai-chinh|luong-nang-luc|ke-toan-quan-tri,4.1.3,Thang chức danh & thăng tiến,3.3.1,thuc-thi,insight,tap-doan,,nguon-ben-ngoai|nguon-co-chinh-qttc|phan-tich-tai-chinh|luong-nang-luc,cao,Quyết định A2-2: tầng 4 / chuyển node,g6
6ab6998df3ad31ef11df0b37,"3 cách chứng minh năng lực để lên leader mà không bị coi là ""thể hiện"": kèm người mới, nhận dự án khó, nhảy việc",nhan-su-quan-tri.dao-tao-phat-trien|nhan-su-quan-tri.lanh-dao-quan-ly-doi-ngu,framework,nguon-ben-ngoai|mentor-ha-nguyen|len-leader|phat-trien-nghe-nghiep|ky-nang-quan-ly,4.1.3,Thang chức danh & thăng tiến,4.3.4,thuc-thi,framework,tap-doan,,nguon-ben-ngoai|nguon-mentor-ha-nguyen|len-leader|phat-trien-nghe-nghiep,cao,Quyết định A2-2: tầng 4 / chuyển node,g6
6ab69ac8f3ad31ef11df0b7b,"3 ngộ nhận phổ biến khi thăng tiến: giỏi chuyên môn là đủ, bằng cấp cao chắc chắn thăng tiến, và thăng chức đồng nghĩa mãn nguyện",nhan-su-quan-tri.dao-tao-phat-trien|nhan-su-quan-tri.lanh-dao-quan-ly-doi-ngu,lesson,nguon-ben-ngoai|mentor-ha-nguyen|thang-tien|phat-trien-nghe-nghiep,4.1.3,Thang chức danh & thăng tiến,,thuc-thi,lesson,tap-doan,,nguon-ben-ngoai|nguon-mentor-ha-nguyen|thang-tien|phat-trien-nghe-nghiep,cao,Quyết định A2-2: tầng 4 / chuyển node,g6
6ab69adef3ad31ef11df0b80,"Thăng tiến không phụ thuộc thâm niên: cần 4 yếu tố tư duy giải quyết vấn đề, chuyên môn sâu, tâm huyết và năng lực làm việc với con người",nhan-su-quan-tri.dao-tao-phat-trien,framework,nguon-ben-ngoai|mentor-ha-nguyen|thang-tien|phat-trien-nghe-nghiep,4.1.3,Thang chức danh & thăng tiến,4.1.3,thuc-thi,framework,tap-doan,,nguon-ben-ngoai|nguon-mentor-ha-nguyen|thang-tien|phat-trien-nghe-nghiep,cao,Quyết định A2-2: tầng 4 / chuyển node,g6
6ab69cb2f3ad31ef11df0bb1,Giỏi việc mới là điều kiện cần: 5 điều kiện đủ để thực sự sẵn sàng được thăng chức,nhan-su-quan-tri.lanh-dao-quan-ly-doi-ngu|nhan-su-quan-tri.dao-tao-phat-trien,framework,nguon-ben-ngoai|anh-anh-tudo|thang-tien-su-nghiep|dao-tao-ke-nhiem|ky-nang-quan-ly,4.1.3,Thang chức danh & thăng tiến,4.1.3,thuc-thi,framework,tap-doan,,nguon-ben-ngoai|nguon-anh-anh-tudo|thang-tien-su-nghiep|dao-tao-ke-nhiem,cao,Quyết định A2-2: tầng 4 / chuyển node,g5
6ab73d54b43e7b02a2eab675,"Chỉ rõ đích đến và lộ trình phát triển theo chiều dọc để nhân viên tự hào, gắn bó lâu dài",nhan-su-quan-tri.dao-tao-phat-trien,framework,nguon-ben-ngoai|tran-manh-hung|lo-trinh-nghe-nghiep|giu-chan-nhan-vien|dao-tao-phat-trien,4.1.3,Thang chức danh & thăng tiến,5.4.3,thiet-ke,framework,tap-doan,qt.nhan-su.d,nguon-ben-ngoai|nguon-tran-manh-hung|lo-trinh-nghe-nghiep|giu-chan-nhan-vien,cao,,g6
6ab73d63b43e7b02a2eab679,Lạm dụng chức danh cao hơn năng lực thực tế gây ảo tưởng cho nhân viên và thiệt hại tài chính cho doanh nghiệp,nhan-su-quan-tri.lanh-dao-quan-ly-doi-ngu,lesson,nguon-ben-ngoai|tran-manh-hung|chuc-danh|thang-tien|quan-tri-nhan-su,4.1.3,Thang chức danh & thăng tiến,,thiet-ke,lesson,tap-doan,,nguon-ben-ngoai|nguon-tran-manh-hung|chuc-danh|thang-tien|quan-tri-nhan-su,cao,,g5
6ab4ade8b1c921b0a784dbc6,"Thị trường nhân sự marketing 2026: thừa người, thiếu người giỏi chuyên sâu — lương theo JD và ngành",nhan-su-quan-tri.tuyen-dung|nhan-su-quan-tri.dao-tao-phat-trien,insight,tuyen-dung|luong|thi-truong-lao-dong|chuyen-mar|nguon-ben-ngoai,4.2.1,Kế hoạch & chi phí tuyển dụng,4.4.1,dieu-hanh,insight,tap-doan,qt.nhan-su.a,nguon-ben-ngoai|nguon-chuyen-mar|luong|thi-truong-lao-dong,thap,Mặt bằng lương thị trường; có thể 4.4.1 (cơ chế lương),g6
6ab4bc28b1c921b0a784dc8e,"Quản bộ phận tuyển dụng như một đội sales: lương theo KPI số người tuyển và giữ được, kiểm tra hằng ngày để quân số sales luôn 80–85% định biên",nhan-su-quan-tri.tuyen-dung|nhan-su-quan-tri.lanh-dao-quan-ly-doi-ngu,framework,tuyen-dung-sales|kpi-tuyen-dung|dinh-bien|nguon-ben-ngoai|do-xuan-tung,4.2.1,Kế hoạch & chi phí tuyển dụng,4.5.1,thiet-ke,framework,tap-doan,qt.nhan-su.a,nguon-ben-ngoai|nguon-do-xuan-tung|tuyen-dung-sales|kpi-tuyen-dung|dinh-bien,cao,,g6
6ab4bb95b1c921b0a784dc74,"Tuyển và giữ thợ gara thời thiếu người: chấm theo thái độ – tư duy – kinh nghiệm làm độc lập, lo chỗ ăn ở và tự đào tạo học việc 3–6 tháng",nhan-su-quan-tri.tuyen-dung|nhan-su-quan-tri.dao-tao-phat-trien|nganh-o-to.huong-nghiep-nganh-o-to,framework,tuyen-tho|dao-tao-hoc-viec|giu-chan-nhan-su|sinh-vien|nguon-ben-ngoai|goc-gara,4.2.2,Nguồn & thương hiệu tuyển dụng,0.3.3|4.2.3,thiet-ke,framework,vcservice,qt.nhan-su.a,nguon-ben-ngoai|nguon-goc-gara|tuyen-tho|dao-tao-hoc-viec|giu-chan-nhan-su|sinh-vien,thap,Có thể 0.3.3 (quản lý KTV) vì đặc thù gara,g6
6ab4bc5db1c921b0a784dc97,"Nguồn tuyển sales cho SME: vì sao đăng hội nhóm, đăng web tuyển dụng và lục hồ sơ có sẵn hiệu quả thấp, và cách chủ động tạo nguồn riêng",nhan-su-quan-tri.tuyen-dung,lesson,tuyen-dung-sales|nguon-ung-vien|sme|nguon-ben-ngoai|do-xuan-tung,4.2.2,Nguồn & thương hiệu tuyển dụng,,thiet-ke,lesson,tap-doan,qt.nhan-su.a,nguon-ben-ngoai|nguon-do-xuan-tung|tuyen-dung-sales|nguon-ung-vien|sme,cao,,g6
6ab69c8cf3ad31ef11df0baa,"Tuyển trưởng ca sắp xếp tại Hà Nội: khó vì cần đồng thời logic, chăm khách và tay nghề nhanh nhẹn",nhan-su-quan-tri.tuyen-dung,case_study,nguon-ben-ngoai|anh-anh-tudo|tuyen-dung|mo-ta-cong-viec|referral-nhan-su,4.2.2,Nguồn & thương hiệu tuyển dụng,4.2.3,van-hanh,case_study,tap-doan,qt.nhan-su.a,nguon-ben-ngoai|nguon-anh-anh-tudo|mo-ta-cong-viec|referral-nhan-su,cao,,g6
6ab4bb9eb1c921b0a784dc76,"Tuyển sales theo 2 tiêu chí ""có mục tiêu sống"" và ""thèm tiền cụ thể"": kiểm tra bằng câu hỏi chi tiêu và thu nhập mong muốn",nhan-su-quan-tri.tuyen-dung,framework,tuyen-dung-sales|dong-luc|cau-hoi-phong-van|nguon-ben-ngoai|do-xuan-tung,4.2.3,Phỏng vấn & đánh giá ứng viên,2.1.2,thuc-thi,framework,vcpart,qt.nhan-su.a,nguon-ben-ngoai|nguon-do-xuan-tung|tuyen-dung-sales|dong-luc|cau-hoi-phong-van,cao,,g6
6ab4bbc5b1c921b0a784dc80,"Sàng lọc tố chất sales: loại người lười và dễ tự ái, ưu tiên người chăm chỉ; bỏ định kiến về giọng nói, giới tính, xuất thân",nhan-su-quan-tri.tuyen-dung,insight,tuyen-dung-sales|to-chat-sales|dinh-kien-tuyen-dung|nguon-ben-ngoai|do-xuan-tung,4.2.3,Phỏng vấn & đánh giá ứng viên,2.1.2,dieu-hanh,insight,vcpart,qt.nhan-su.a,nguon-ben-ngoai|nguon-do-xuan-tung|tuyen-dung-sales|to-chat-sales|dinh-kien-tuyen-dung,cao,,g6
6ab4bbe9b1c921b0a784dc87,"Kỹ thuật phỏng vấn lộ thực lực ứng viên: hỏi định hướng 2–3 năm, hỏi đời tư và quá khứ, đối chiếu chéo, một bài test với ngưỡng khác nhau cho từng cấp",nhan-su-quan-tri.tuyen-dung,framework,phong-van|danh-gia-ung-vien|bai-test|tuyen-dung-sales|nguon-ben-ngoai|do-xuan-tung,4.2.3,Phỏng vấn & đánh giá ứng viên,,thuc-thi,framework,tap-doan,qt.nhan-su.a,nguon-ben-ngoai|nguon-do-xuan-tung|phong-van|danh-gia-ung-vien|bai-test|tuyen-dung-sales,cao,,g6
6ab4bc5bb1c921b0a784dc96,"Tuyển sales từ công ty FMCG chuyên nghiệp dù khác ngành: kiến thức ngành học được, cái họ mang theo là quy trình và cách giữ quan hệ điểm bán",nhan-su-quan-tri.tuyen-dung|ban-hang-cskh.kenh-phan-phoi,case_study,tuyen-dung-sales|fmcg|share-in-share-out|ban-hang-diem-ban|nguon-ben-ngoai|do-xuan-tung,4.2.3,Phỏng vấn & đánh giá ứng viên,2.1.2,dieu-hanh,case_study,vcpart,qt.nhan-su.a,nguon-ben-ngoai|nguon-do-xuan-tung|tuyen-dung-sales|fmcg|share-in-share-out|ban-hang-diem-ban,cao,,g6
6ab4bc9db1c921b0a784dc9c,"Tuyển quản lý, giám đốc bán hàng từ bên ngoài: không tin chức danh trên CV — hỏi việc cụ thể, cho ra thị trường khoảng 1 tuần chứng minh, rồi vẫn phải quản lý và đặt thách thức",nhan-su-quan-tri.tuyen-dung|nhan-su-quan-tri.lanh-dao-quan-ly-doi-ngu,framework,tuyen-quan-ly|giam-doc-ban-hang|phong-van|nguon-ben-ngoai|do-xuan-tung,4.2.3,Phỏng vấn & đánh giá ứng viên,2.1.2,dieu-hanh,framework,tap-doan,qt.nhan-su.a,nguon-ben-ngoai|nguon-do-xuan-tung|tuyen-quan-ly|giam-doc-ban-hang|phong-van,cao,,g6
6ab6990cf3ad31ef11df0b31,Tuyển nhân sự chú trọng phát triển bản thân: hiệu quả gấp đôi và nhận được việc khó,nhan-su-quan-tri.tuyen-dung|nhan-su-quan-tri.dao-tao-phat-trien,insight,nguon-ben-ngoai|mentor-ha-nguyen|tuyen-dung|phat-trien-ban-than|giu-chan-nhan-su,4.2.3,Phỏng vấn & đánh giá ứng viên,5.4.3,dieu-hanh,insight,tap-doan,qt.nhan-su.a,nguon-ben-ngoai|nguon-mentor-ha-nguyen|phat-trien-ban-than|giu-chan-nhan-su,cao,,g6
6ab69ad6f3ad31ef11df0b7f,Case ứng viên 25 tuổi ghi điểm phỏng vấn nhờ chủ động chỉ ra vấn đề và giải pháp cho doanh nghiệp,nhan-su-quan-tri.tuyen-dung,case_study,nguon-ben-ngoai|mentor-ha-nguyen|phong-van-tuyen-dung|ky-nang-phong-van,4.2.3,Phỏng vấn & đánh giá ứng viên,4.3.3,thuc-thi,case_study,tap-doan,qt.nhan-su.a,nguon-ben-ngoai|nguon-mentor-ha-nguyen|phong-van-tuyen-dung|ky-nang-phong-van,thap,Góc nhìn ứng viên; có thể 4.3.3,g6
6ab69b04f3ad31ef11df0b86,3 câu hỏi ngược nhà tuyển dụng và 2 dấu hiệu nhận biết công ty tốt khi phỏng vấn,nhan-su-quan-tri.tuyen-dung,framework,nguon-ben-ngoai|mentor-ha-nguyen|phong-van-tuyen-dung|ky-nang-phong-van,4.2.3,Phỏng vấn & đánh giá ứng viên,4.3.3,thuc-thi,framework,tap-doan,qt.nhan-su.a,nguon-ben-ngoai|nguon-mentor-ha-nguyen|phong-van-tuyen-dung|ky-nang-phong-van,thap,Góc nhìn ứng viên; có thể 4.3.3,g6
6ab69c62f3ad31ef11df0ba2,"Nhân viên đào tạo mãi không tiến bộ: xem lại khâu chọn người, đừng chỉ đổ cho nỗ lực",nhan-su-quan-tri.tuyen-dung|nhan-su-quan-tri.dao-tao-phat-trien,lesson,nguon-ben-ngoai|anh-anh-tudo|tuyen-dung|dao-tao-nhan-su|tu-duy-nhan-vien|quan-ly-nhan-su,4.2.3,Phỏng vấn & đánh giá ứng viên,4.5.3,dieu-hanh,lesson,tap-doan,qt.nhan-su.a,nguon-ben-ngoai|nguon-anh-anh-tudo|dao-tao-nhan-su|tu-duy-nhan-vien|quan-ly-nhan-su,cao,,g6
6ab69f31f3ad31ef11df0c2a,"Phép lịch sự của ứng viên: nhắn tin đủ chủ vị, chào hỏi tươi tắn, thư cảm ơn sau phỏng vấn tạo thiện cảm rõ rệt",nhan-su-quan-tri.tuyen-dung,lesson,nguon-ben-ngoai|anh-anh-tudo|tuyen-dung|phep-lich-su-ung-vien|phong-van,4.2.3,Phỏng vấn & đánh giá ứng viên,4.3.3,thuc-thi,lesson,tap-doan,qt.nhan-su.a,nguon-ben-ngoai|nguon-anh-anh-tudo|phep-lich-su-ung-vien|phong-van,thap,Góc nhìn ứng viên; có thể 4.3.3,g6
6ab69fc9f3ad31ef11df0c3e,"Bị từ chối tuyển dụng không có nghĩa là kém: doanh nghiệp tìm người phù hợp nhất, không phải giỏi nhất",nhan-su-quan-tri.tuyen-dung,insight,nguon-ben-ngoai|anh-anh-tudo|tuyen-dung|tu-choi-ung-vien|thi-truong-lao-dong,4.2.3,Phỏng vấn & đánh giá ứng viên,4.3.3,dieu-hanh,insight,tap-doan,qt.nhan-su.a,nguon-ben-ngoai|nguon-anh-anh-tudo|tu-choi-ung-vien|thi-truong-lao-dong,thap,Góc nhìn ứng viên; có thể 4.3.3,g6
6ab6a02df3ad31ef11df0c48,"Kỹ năng trả lời phỏng vấn: mục tiêu ngắn hạn cụ thể, trình bày ngắn gọn có bằng chứng, và hiểu vì sao bị hỏi câu riêng tư",nhan-su-quan-tri.tuyen-dung,lesson,nguon-ben-ngoai|anh-anh-tudo|phong-van|tuyen-dung|muc-tieu-nghe-nghiep,4.2.3,Phỏng vấn & đánh giá ứng viên,4.3.3,thuc-thi,lesson,tap-doan,qt.nhan-su.a,nguon-ben-ngoai|nguon-anh-anh-tudo|phong-van|muc-tieu-nghe-nghiep,thap,Góc nhìn ứng viên; có thể 4.3.3 (kỹ năng cá nhân),g6
6ab6a07cf3ad31ef11df0c4b,"3 tố chất doanh nghiệp cần ở nhân viên: làm đúng như CV mô tả, tư duy phát triển, tư duy tích cực",nhan-su-quan-tri.tuyen-dung|nhan-su-quan-tri.dao-tao-phat-trien,framework,nguon-ben-ngoai|anh-anh-tudo|tuyen-dung|thai-do-lam-viec|tu-duy-phat-trien,4.2.3,Phỏng vấn & đánh giá ứng viên,,thiet-ke,framework,tap-doan,qt.nhan-su.a,nguon-ben-ngoai|nguon-anh-anh-tudo|thai-do-lam-viec|tu-duy-phat-trien,cao,,g6
6ab73d0bb43e7b02a2eab668,"Phỏng vấn theo bộ kỹ năng cụ thể: ứng viên phải đạt tối thiểu 60%, và bậc càng cao càng cần kinh nghiệm thực chiến",nhan-su-quan-tri.tuyen-dung,framework,nguon-ben-ngoai|tran-manh-hung|tuyen-dung|phong-van|quan-ly-nhan-su,4.2.3,Phỏng vấn & đánh giá ứng viên,4.1.2,thiet-ke,framework,tap-doan,qt.nhan-su.a,nguon-ben-ngoai|nguon-tran-manh-hung|phong-van|quan-ly-nhan-su,cao,,g6
6ab69f81f3ad31ef11df0c35,Ứng viên bùng offer phút chót sát ngày onboard: vấn đề không phải hủy offer mà là cách hủy thiếu tôn trọng,nhan-su-quan-tri.tuyen-dung,case_study,nguon-ben-ngoai|anh-anh-tudo|tuyen-dung|huy-offer|uy-tin-ca-nhan,4.2.4,Onboarding & thử việc,4.2.3,van-hanh,case_study,tap-doan,qt.nhan-su.a,nguon-ben-ngoai|nguon-anh-anh-tudo|huy-offer|uy-tin-ca-nhan,thap,"Giai đoạn offer, nằm giữa 4.2.3 và 4.2.4",g6
6ab4bb77b1c921b0a784dc6d,"Giữ tri thức ở công ty: quản lý bám sát người bán giỏi, bóc tách cách làm thành chuẩn rồi dạy lại cả đội",nhan-su-quan-tri.dao-tao-phat-trien|nhan-su-quan-tri.lanh-dao-quan-ly-doi-ngu,framework,dao-tao-noi-bo|chuan-hoa-quy-trinh|quan-tri-tri-thuc|nguon-ben-ngoai|do-xuan-tung,4.3.1,"Hệ thống đào tạo nội bộ, wiki & lộ trình học",5.5.4,thiet-ke,framework,tap-doan,qt.nhan-su.b,nguon-ben-ngoai|nguon-do-xuan-tung|dao-tao-noi-bo|chuan-hoa-quy-trinh|quan-tri-tri-thuc,cao,,g6
6ab4bb94b1c921b0a784dc72,Cử người đi học kỹ năng bán hàng: ưu tiên đào tạo quản lý trước và bắt cam kết thay đổi sau khóa học,nhan-su-quan-tri.dao-tao-phat-trien,lesson,dao-tao-quan-ly|cam-ket-sau-dao-tao|ky-nang-ban-hang|nguon-ben-ngoai|do-xuan-tung,4.3.1,"Hệ thống đào tạo nội bộ, wiki & lộ trình học",2.1.4,dieu-hanh,lesson,tap-doan,qt.nhan-su.b,nguon-ben-ngoai|nguon-do-xuan-tung|dao-tao-quan-ly|cam-ket-sau-dao-tao,cao,,g6
6ab69cdbf3ad31ef11df0bbb,"Dùng best sale đào tạo nội bộ thay vì thuê ngoài: giao việc nhỏ trước, ghi nhận giá trị bằng cả tinh thần và thu nhập",nhan-su-quan-tri.dao-tao-phat-trien,lesson,nguon-ben-ngoai|tran-manh-hung|dao-tao-noi-bo|giao-viec|ghi-nhan-nhan-su|van-hoa-hoc-hoi,4.3.1,"Hệ thống đào tạo nội bộ, wiki & lộ trình học",4.3.4,dieu-hanh,lesson,tap-doan,qt.nhan-su.b,nguon-ben-ngoai|nguon-tran-manh-hung|dao-tao-noi-bo|giao-viec|ghi-nhan-nhan-su|van-hoa-hoc-hoi,cao,,g6
6ab73d94b43e7b02a2eab684,"Khung 3 tầng phát triển năng lực: phương pháp luận làm nền chuyên môn, chuyên môn làm nền kỹ năng",nhan-su-quan-tri.dao-tao-phat-trien,framework,nguon-ben-ngoai|tran-manh-hung|dao-tao-phat-trien|phuong-phap-luan|nang-cao-nang-luc,4.3.1,"Hệ thống đào tạo nội bộ, wiki & lộ trình học",4.3.3,thiet-ke,framework,tap-doan,qt.nhan-su.b,nguon-ben-ngoai|nguon-tran-manh-hung|phuong-phap-luan|nang-cao-nang-luc,cao,,g6
6ab73dd7b43e7b02a2eab68d,"Đào tạo phải dạy điều người học cần, và động lực tự học chỉ hiệu quả khi đến từ nội tại",nhan-su-quan-tri.dao-tao-phat-trien|nganh-o-to.huong-nghiep-nganh-o-to,lesson,nguon-ben-ngoai|tran-manh-hung|dao-tao-phat-trien|tu-hoc|vcedu,4.3.1,"Hệ thống đào tạo nội bộ, wiki & lộ trình học",0.4.2|0.5.4,thiet-ke,lesson,tap-doan|vce,qt.nhan-su.b,nguon-ben-ngoai|nguon-tran-manh-hung|tu-hoc|vcedu,thap,Nguyên tắc thiết kế đào tạo; có thể 0.4.2 hoặc 0.5.4 nếu coi là nguyên tắc đào tạo VCE,g6
6ab4bb79b1c921b0a784dc6e,"Công ty phải đưa quy trình và tài liệu đào tạo cho sales ngay từ đầu: không bắt nhân viên tự nghĩ, không phó mặc sales cũ kèm người mới",nhan-su-quan-tri.dao-tao-phat-trien|nhan-su-quan-tri.lanh-dao-quan-ly-doi-ngu,framework,mo-ta-cong-viec|tai-lieu-dao-tao|quy-trinh|nguon-ben-ngoai|do-xuan-tung,4.3.2,Đào tạo hội nhập & kỹ năng nghề,4.1.2|2.1.2,thiet-ke,framework,vcpart,qt.nhan-su.b,nguon-ben-ngoai|nguon-do-xuan-tung|mo-ta-cong-viec|tai-lieu-dao-tao|quy-trinh,cao,,g6
6ab4bc3fb1c921b0a784dc92,"Đào tạo đầu vào cho sales mới: ra thị trường trong vòng 2 tuần, quản lý trực tiếp dạy và kiểm tra học thuộc liên tục",nhan-su-quan-tri.dao-tao-phat-trien|nhan-su-quan-tri.lanh-dao-quan-ly-doi-ngu,framework,dao-tao-dau-vao|onboarding|kiem-tra-kien-thuc|nguon-ben-ngoai|do-xuan-tung,4.3.2,Đào tạo hội nhập & kỹ năng nghề,4.2.4,thiet-ke,framework,vcpart,qt.nhan-su.b,nguon-ben-ngoai|nguon-do-xuan-tung|dao-tao-dau-vao|onboarding|kiem-tra-kien-thuc,cao,,g6
6ab4bc69b1c921b0a784dc98,"Soạn nội dung đào tạo sales cho sản phẩm kỹ thuật: đơn giản hóa thành tài liệu ngắn, bộ hỏi–đáp học thuộc, dạy cả điểm yếu và chuẩn hóa tình huống lặp lại",nhan-su-quan-tri.dao-tao-phat-trien|ban-hang-cskh.ky-nang-ban-hang,framework,tai-lieu-dao-tao|bo-hoi-dap|san-pham-ky-thuat|nguon-ben-ngoai|do-xuan-tung,4.3.2,Đào tạo hội nhập & kỹ năng nghề,2.2.2,thiet-ke,framework,vcpart,qt.nhan-su.b,nguon-ben-ngoai|nguon-do-xuan-tung|tai-lieu-dao-tao|bo-hoi-dap|san-pham-ky-thuat,cao,,g6
6ab4bc91b1c921b0a784dc9b,"Lộ trình huấn luyện sales 3 giai đoạn theo nguyên lý dạy võ: năm đầu làm giống hệt, sau đó sáng tạo có kiểm soát, từ năm thứ 3 mới ""khai phóng""",nhan-su-quan-tri.dao-tao-phat-trien|nhan-su-quan-tri.lanh-dao-quan-ly-doi-ngu,framework,lo-trinh-huan-luyen|sang-tao-co-kiem-soat|giu-chan-nhan-su|nguon-ben-ngoai|do-xuan-tung,4.3.2,Đào tạo hội nhập & kỹ năng nghề,2.1.4,thiet-ke,framework,vcpart,qt.nhan-su.b,nguon-ben-ngoai|nguon-do-xuan-tung|lo-trinh-huan-luyen|sang-tao-co-kiem-soat|giu-chan-nhan-su,cao,,g6
6ab694a0f3ad31ef11df0b1e,Kế toán ra trường thất nghiệp không phải vì hết cơ hội mà vì thiếu kỹ năng thực hành thực tế,nhan-su-quan-tri.dao-tao-phat-trien,insight,nguon-ben-ngoai|co-chinh-qttc|tuyen-dung-ke-toan|ky-nang-thuc-hanh|dao-tao-phat-trien,4.3.2,Đào tạo hội nhập & kỹ năng nghề,4.2.3,dieu-hanh,insight,tap-doan,qt.nhan-su.b,nguon-ben-ngoai|nguon-co-chinh-qttc|tuyen-dung-ke-toan|ky-nang-thuc-hanh,thap,Có thể 4.2.3 nếu dùng khi tuyển kế toán mới ra trường,g6
6ab694c7f3ad31ef11df0b24,"Học kế toán không phải để hành nghề mà để rèn tư duy số, giúp người kinh doanh ra quyết định bằng dữ liệu",nhan-su-quan-tri.dao-tao-phat-trien|ke-toan.ke-toan-quan-tri,insight,nguon-ben-ngoai|co-chinh-qttc|tu-duy-so|ke-toan-can-ban|quan-tri-tai-chinh-ca-nhan,4.3.3,Kỹ năng làm việc cá nhân,3.3.1,dieu-hanh,insight,tap-doan,,nguon-ben-ngoai|nguon-co-chinh-qttc|tu-duy-so|ke-toan-can-ban|quan-tri-tai-chinh-ca-nhan,thap,"Nói với người kinh doanh về việc học kế toán; có thể 3.3.1 (đọc & phân tích BCTC) | Quyết định A2-2: phát triển bản thân & tự học, giữ 4.3.3",g6
6ab699eaf3ad31ef11df0b45,"Vì sao giỏi nhưng lương thấp: cần định vị giá trị bản thân, không chỉ nâng năng lực",nhan-su-quan-tri.dao-tao-phat-trien|nhan-su-quan-tri.lanh-dao-quan-ly-doi-ngu,insight,nguon-ben-ngoai|mentor-ha-nguyen|dinh-vi-ban-than|tang-luong|phat-trien-su-nghiep,4.3.3,Kỹ năng làm việc cá nhân,,thuc-thi,insight,tap-doan,,nguon-ben-ngoai|nguon-mentor-ha-nguyen|dinh-vi-ban-than|tang-luong|phat-trien-su-nghiep,cao,"Quyết định A2-2: phát triển bản thân & tự học, giữ 4.3.3",g6
6ab69a1df3ad31ef11df0b51,Phát triển sự nghiệp: đầu tư vào năng lực để chủ động thay vì đầu tư vào quan hệ để phụ thuộc,nhan-su-quan-tri.dao-tao-phat-trien,insight,nguon-ben-ngoai|mentor-ha-nguyen|phat-trien-ban-than|ky-nang-mem|chu-dong-trong-cong-viec,4.3.3,Kỹ năng làm việc cá nhân,,thuc-thi,insight,tap-doan,,nguon-ben-ngoai|nguon-mentor-ha-nguyen|phat-trien-ban-than|ky-nang-mem|chu-dong-trong-cong-viec,cao,"Quyết định A2-2: phát triển bản thân & tự học, giữ 4.3.3",g6
6ab69a36f3ad31ef11df0b56,Trong công việc chỉ có tiến lên hoặc đào thải: đứng yên trong vùng an toàn là cái giá âm thầm phải trả,nhan-su-quan-tri.dao-tao-phat-trien|nhan-su-quan-tri.lanh-dao-quan-ly-doi-ngu,insight,nguon-ben-ngoai|mentor-ha-nguyen|phat-trien-ban-than|vung-an-toan|hoc-tap-lien-tuc,4.3.3,Kỹ năng làm việc cá nhân,,thuc-thi,insight,tap-doan,,nguon-ben-ngoai|nguon-mentor-ha-nguyen|phat-trien-ban-than|vung-an-toan|hoc-tap-lien-tuc,cao,"Quyết định A2-2: phát triển bản thân & tự học, giữ 4.3.3",g6
6ab69a63f3ad31ef11df0b63,Áp lực đồng trang lứa khiến nhiều người quên mất năng lực vượt trội của chính mình,nhan-su-quan-tri.dao-tao-phat-trien,insight,nguon-ben-ngoai|mentor-ha-nguyen|ap-luc-dong-trang-lua|nhan-dien-nang-luc|phat-trien-ban-than,4.3.3,Kỹ năng làm việc cá nhân,,thuc-thi,insight,tap-doan,,nguon-ben-ngoai|nguon-mentor-ha-nguyen|ap-luc-dong-trang-lua|nhan-dien-nang-luc|phat-trien-ban-than,cao,"Quyết định A2-2: phát triển bản thân & tự học, giữ 4.3.3",g6
6ab69a76f3ad31ef11df0b69,Bạn là trung bình cộng của 5 người xung quanh: muốn thành công phải chủ động thay đổi vòng ảnh hưởng,nhan-su-quan-tri.dao-tao-phat-trien|nhan-su-quan-tri.van-hoa-doanh-nghiep,insight,nguon-ben-ngoai|mentor-ha-nguyen|vong-anh-huong|moi-truong-lam-viec|phat-trien-ban-than,4.3.3,Kỹ năng làm việc cá nhân,,thuc-thi,insight,tap-doan,,nguon-ben-ngoai|nguon-mentor-ha-nguyen|vong-anh-huong|moi-truong-lam-viec|phat-trien-ban-than,cao,"Quyết định A2-2: phát triển bản thân & tự học, giữ 4.3.3",g6
6ab69a84f3ad31ef11df0b6d,Xác định rõ đích đến và thái độ quyết tâm mới quyết định kết quả phát triển bản thân,nhan-su-quan-tri.dao-tao-phat-trien,insight,nguon-ben-ngoai|mentor-ha-nguyen|dat-muc-tieu|phat-trien-ban-than,4.3.3,Kỹ năng làm việc cá nhân,,thuc-thi,insight,tap-doan,,nguon-ben-ngoai|nguon-mentor-ha-nguyen|dat-muc-tieu|phat-trien-ban-than,cao,"Quyết định A2-2: phát triển bản thân & tự học, giữ 4.3.3",g6
6ab69b6af3ad31ef11df0b8f,"Nên đầu tư 80% vào điểm mạnh, 20% vào điểm yếu — không nên dàn trải sửa yếu điểm",nhan-su-quan-tri.dao-tao-phat-trien,insight,nguon-ben-ngoai|mentor-ha-nguyen|phat-trien-ban-than|dinh-huong-nghe-nghiep,4.3.3,Kỹ năng làm việc cá nhân,,thuc-thi,insight,tap-doan,,nguon-ben-ngoai|nguon-mentor-ha-nguyen|phat-trien-ban-than|dinh-huong-nghe-nghiep,cao,"Quyết định A2-2: phát triển bản thân & tự học, giữ 4.3.3",g6
6ab69b82f3ad31ef11df0b91,Phân biệt kinh nghiệm và thế mạnh: có kinh nghiệm lâu năm chưa chắc có thế mạnh,nhan-su-quan-tri.dao-tao-phat-trien,concept,nguon-ben-ngoai|mentor-ha-nguyen|phat-trien-ban-than|dinh-huong-nghe-nghiep,4.3.3,Kỹ năng làm việc cá nhân,,nhap-mon,concept,tap-doan,,nguon-ben-ngoai|nguon-mentor-ha-nguyen|phat-trien-ban-than|dinh-huong-nghe-nghiep,cao,"Quyết định A2-2: phát triển bản thân & tự học, giữ 4.3.3",g6
6ab69b9bf3ad31ef11df0b93,Người làm được nhiều việc nhưng thiếu thế mạnh lõi dễ bị thiệt khi đánh giá thành tích,nhan-su-quan-tri.dao-tao-phat-trien|nhan-su-quan-tri.lanh-dao-quan-ly-doi-ngu,insight,nguon-ben-ngoai|mentor-ha-nguyen|danh-gia-nang-luc|dinh-huong-nghe-nghiep,4.3.3,Kỹ năng làm việc cá nhân,4.5.2,thuc-thi,insight,tap-doan,,nguon-ben-ngoai|nguon-mentor-ha-nguyen|danh-gia-nang-luc|dinh-huong-nghe-nghiep,cao,"Quyết định A2-2: phát triển bản thân & tự học, giữ 4.3.3",g6
6ab69cd9f3ad31ef11df0bb9,Doanh nghiệp không có nghĩa vụ đào tạo: nhân viên phải chủ động tự học sau khi đi làm,nhan-su-quan-tri.dao-tao-phat-trien,lesson,nguon-ben-ngoai|anh-anh-tudo|tu-hoc|phat-trien-ban-than|side-job,4.3.3,Kỹ năng làm việc cá nhân,,thuc-thi,lesson,tap-doan,,nguon-ben-ngoai|nguon-anh-anh-tudo|tu-hoc|phat-trien-ban-than|side-job,cao,"Quyết định A2-2: phát triển bản thân & tự học, giữ 4.3.3",g6
6ab69cf6f3ad31ef11df0bbf,"Làm việc xuất sắc thường tăng KPI trước, tăng lương sau — nhưng kỹ năng tích lũy luôn thuộc về nhân viên",nhan-su-quan-tri.lanh-dao-quan-ly-doi-ngu,insight,nguon-ben-ngoai|anh-anh-tudo|kpi|luong-thuong|dong-luc-nhan-vien,4.3.3,Kỹ năng làm việc cá nhân,4.5.1,thuc-thi,insight,tap-doan,,nguon-ben-ngoai|nguon-anh-anh-tudo|kpi|luong-thuong|dong-luc,cao,"Quyết định A2-2: phát triển bản thân & tự học, giữ 4.3.3",g5
6ab69d28f3ad31ef11df0bc9,"Hành động nhanh và rèn năng lực trước, đam mê hay ước mơ chỉ là yếu tố theo sau",nhan-su-quan-tri.dao-tao-phat-trien|nhan-su-quan-tri.tuyen-dung,insight,nguon-ben-ngoai|anh-anh-tudo|hanh-dong-nhanh|dam-me-va-ky-nang|dong-luc,4.3.3,Kỹ năng làm việc cá nhân,,thuc-thi,insight,tap-doan,,nguon-ben-ngoai|nguon-anh-anh-tudo|hanh-dong-nhanh|dam-me-va-ky-nang|dong-luc,cao,"Quyết định A2-2: phát triển bản thân & tự học, giữ 4.3.3",g6
6ab69d3cf3ad31ef11df0bcc,"Thời kinh tế khó khăn, doanh nghiệp vừa và nhỏ tái cấu trúc: nhân viên nên giữ tâm thế ổn định và chủ động giải quyết vấn đề",tai-chinh.ngan-sach-ke-hoach|nhan-su-quan-tri.van-hoa-doanh-nghiep,insight,nguon-ben-ngoai|anh-anh-tudo|tai-cau-truc|on-dinh-cong-viec|van-hoa-doanh-nghiep,4.3.3,Kỹ năng làm việc cá nhân,,thuc-thi,insight,tap-doan,,nguon-ben-ngoai|nguon-anh-anh-tudo|tai-cau-truc|on-dinh-cong-viec,cao,"Ngoài mảng 3: lời khuyên cho người lao động, không phải kế hoạch ngân sách. | Quyết định A2-2: phát triển bản thân & tự học, giữ 4.3.3",g3
6ab69d86f3ad31ef11df0bd9,Đừng để lời khuyên chung chung của người lạ trên mạng quyết định vấn đề công sở của mình,nhan-su-quan-tri.van-hoa-doanh-nghiep|nhan-su-quan-tri.lanh-dao-quan-ly-doi-ngu,lesson,nguon-ben-ngoai|anh-anh-tudo|ra-quyet-dinh|tu-van-mang-xa-hoi|van-hoa-doanh-nghiep,4.3.3,Kỹ năng làm việc cá nhân,,thuc-thi,lesson,tap-doan,,nguon-ben-ngoai|nguon-anh-anh-tudo|ra-quyet-dinh|tu-van-mang-xa-hoi,cao,"Quyết định A2-2: phát triển bản thân & tự học, giữ 4.3.3",g5
6ab69e1cf3ad31ef11df0bf3,"Thu nhập tỷ lệ thuận với tư duy, không phải chức danh: 2 bước rèn tư duy qua quan sát và xây framework",nhan-su-quan-tri.dao-tao-phat-trien,insight,nguon-ben-ngoai|anh-anh-tudo|phat-trien-ban-than|tu-duy|dao-tao-phat-trien,4.3.3,Kỹ năng làm việc cá nhân,,thuc-thi,insight,tap-doan,,nguon-ben-ngoai|nguon-anh-anh-tudo|phat-trien-ban-than|tu-duy,cao,"Quyết định A2-2: phát triển bản thân & tự học, giữ 4.3.3",g6
6ab69e32f3ad31ef11df0bf8,"Tách giá trị bản thân khỏi công việc: chức danh, thu nhập không định nghĩa con người bạn",nhan-su-quan-tri.van-hoa-doanh-nghiep,lesson,nguon-ben-ngoai|anh-anh-tudo|burn-out|gia-tri-ban-than|y-nghia-cong-viec,4.3.3,Kỹ năng làm việc cá nhân,,thuc-thi,lesson,tap-doan,,nguon-ben-ngoai|nguon-anh-anh-tudo|burn-out|gia-tri-ban-than|y-nghia-cong-viec,cao,"Quyết định A2-2: phát triển bản thân & tự học, giữ 4.3.3",g5
6ab69e77f3ad31ef11df0c06,"May mắn là năng lực có thể chủ động tạo ra, không chỉ là yếu tố ngẫu nhiên",nhan-su-quan-tri.van-hoa-doanh-nghiep,concept,nguon-ben-ngoai|anh-anh-tudo|may-man-la-nang-luc|chu-dong-hanh-dong|dam-bat-dau,4.3.3,Kỹ năng làm việc cá nhân,,nhap-mon,concept,tap-doan,,nguon-ben-ngoai|nguon-anh-anh-tudo|may-man-la-nang-luc|chu-dong-hanh-dong|dam-bat-dau,cao,"Quyết định A2-2: phát triển bản thân & tự học, giữ 4.3.3",g5
6ab69eb5f3ad31ef11df0c12,Book smart vs street smart: chọn đúng người để hỏi và đặt đúng người vào đúng môi trường,nhan-su-quan-tri.dao-tao-phat-trien,concept,nguon-ben-ngoai|anh-anh-tudo|tuyen-dung|phat-trien-ban-than|dao-tao-phat-trien,4.3.3,Kỹ năng làm việc cá nhân,4.2.3,nhap-mon,concept,tap-doan,,nguon-ben-ngoai|nguon-anh-anh-tudo|phat-trien-ban-than,cao,"Quyết định A2-2: phát triển bản thân & tự học, giữ 4.3.3",g6
6ab69ef6f3ad31ef11df0c1f,"Không có công việc nào thực sự ổn định: an toàn nghề nghiệp bền vững nhất đến từ nội lực, không từ tên công ty",nhan-su-quan-tri.van-hoa-doanh-nghiep,concept,nguon-ben-ngoai|anh-anh-tudo|on-dinh-cong-viec|phat-trien-ban-than|van-hoa-doanh-nghiep,4.3.3,Kỹ năng làm việc cá nhân,,nhap-mon,concept,tap-doan,,nguon-ben-ngoai|nguon-anh-anh-tudo|on-dinh-cong-viec|phat-trien-ban-than,cao,"Quyết định A2-2: phát triển bản thân & tự học, giữ 4.3.3",g5
6ab6f8ddf3ad31ef11df0d2d,"Tự học nền tảng, chọn đúng người dạy, và hệ thống hóa kiến thức thay vì học tràn lan nhiều nguồn mâu thuẫn",nhan-su-quan-tri.dao-tao-phat-trien|ban-hang-cskh.ky-nang-ban-hang,lesson,nguon-ben-ngoai|the-hoang-work|tu-hoc|dao-tao|tiktok-shop,4.3.3,Kỹ năng làm việc cá nhân,,thuc-thi,lesson,tap-doan,,nguon-ben-ngoai|nguon-the-hoang-work|tu-hoc|dao-tao|tiktok-shop,cao,"Quyết định A2-2: phát triển bản thân & tự học, giữ 4.3.3",g6
6ab73e27b43e7b02a2eab68f,"Lý thuyết kinh doanh đúc kết từ nghiên cứu thực tế, đáng tin cậy nhưng phải ứng dụng theo bối cảnh, quy mô và ngân sách",nhan-su-quan-tri.dao-tao-phat-trien,insight,nguon-ben-ngoai|tran-manh-hung|dao-tao-phat-trien|ly-thuyet-kinh-doanh,4.3.3,Kỹ năng làm việc cá nhân,5.5.4,dieu-hanh,insight,tap-doan,,nguon-ben-ngoai|nguon-tran-manh-hung|ly-thuyet-kinh-doanh,thap,"Về cách học và ứng dụng lý thuyết; có thể 5.5.4 (văn hoá học tập) | Quyết định A2-2: phát triển bản thân & tự học, giữ 4.3.3",g6
6ab6935bf3ad31ef11df0ace,"Kế toán cần giỏi giải trình và ""dịch"" ngôn ngữ chuyên môn sang ngôn ngữ người nghe, nhưng không giải trình để hợp thức hóa cái sai",nhan-su-quan-tri.lanh-dao-quan-ly-doi-ngu|nhan-su-quan-tri.dao-tao-phat-trien|nhan-su-quan-tri.van-hoa-doanh-nghiep,lesson,nguon-ben-ngoai|chi-gai-ke-toan|giai-trinh|ky-nang-giao-tiep|quan-tri-rui-ro,4.3.3.1,Giao tiếp & ứng xử công sở,3.6.7,thuc-thi,lesson,tap-doan,,nguon-ben-ngoai|nguon-chi-gai-ke-toan|giai-trinh|ky-nang-giao-tiep|quan-tri-rui-ro,cao,Quyết định A2-2: tầng 4 / chuyển node,g5
6ab699d4f3ad31ef11df0b40,"3 việc cần làm khi bị cô lập ở công sở: làm tốt việc, giữ bình tĩnh, không cần được yêu thích",nhan-su-quan-tri.van-hoa-doanh-nghiep,framework,nguon-ben-ngoai|mentor-ha-nguyen|co-lap-noi-lam-viec|van-hoa-doanh-nghiep,4.3.3.1,Giao tiếp & ứng xử công sở,,thuc-thi,framework,tap-doan,,nguon-ben-ngoai|nguon-mentor-ha-nguyen|co-lap-noi-lam-viec,cao,Quyết định A2-2: tầng 4 / chuyển node,g5
6ab699e4f3ad31ef11df0b44,Biến thời gian bị cô lập thành lợi thế: dùng không gian tự do để nâng cấp bản thân,nhan-su-quan-tri.van-hoa-doanh-nghiep,insight,nguon-ben-ngoai|mentor-ha-nguyen|co-lap-noi-lam-viec|phat-trien-ban-than,4.3.3.1,Giao tiếp & ứng xử công sở,,thuc-thi,insight,tap-doan,,nguon-ben-ngoai|nguon-mentor-ha-nguyen|co-lap-noi-lam-viec|phat-trien-ban-than,cao,Quyết định A2-2: tầng 4 / chuyển node,g5
6ab699f3f3ad31ef11df0b48,"Trong môi trường bè phái: không chọn phe, tập trung xây năng lực cho 3-5 năm tới",nhan-su-quan-tri.van-hoa-doanh-nghiep,insight,nguon-ben-ngoai|mentor-ha-nguyen|be-phai-cong-so|van-hoa-doanh-nghiep,4.3.3.1,Giao tiếp & ứng xử công sở,,thuc-thi,insight,tap-doan,,nguon-ben-ngoai|nguon-mentor-ha-nguyen|be-phai-cong-so,cao,Quyết định A2-2: tầng 4 / chuyển node,g5
6ab69a07f3ad31ef11df0b4a,"Đồng nghiệp toxic nói xấu sau lưng: nhận diện qua sự bất an, ứng phó bằng xây uy tín trực tiếp và giỏi hơn",nhan-su-quan-tri.lanh-dao-quan-ly-doi-ngu,insight,nguon-ben-ngoai|mentor-ha-nguyen|dong-nghiep-toxic|lanh-dao-quan-ly-doi-ngu,4.3.3.1,Giao tiếp & ứng xử công sở,5.4.4,thuc-thi,insight,tap-doan,,nguon-ben-ngoai|nguon-mentor-ha-nguyen|dong-nghiep-toxic,cao,Quyết định A2-2: tầng 4 / chuyển node,g5
6ab69a16f3ad31ef11df0b4e,Đọc vị bản chất con người qua cách họ đối xử với người yếu thế và người không mang lại lợi ích,nhan-su-quan-tri.van-hoa-doanh-nghiep|ban-hang-cskh.dam-phan,insight,nguon-ben-ngoai|mentor-ha-nguyen|danh-gia-con-nguoi|quan-he-cong-viec,4.3.3.1,Giao tiếp & ứng xử công sở,4.2.3,thuc-thi,insight,tap-doan,,nguon-ben-ngoai|nguon-mentor-ha-nguyen|danh-gia-con-nguoi|quan-he-cong-viec,cao,Quyết định A2-2: tầng 4 / chuyển node,g5
6ab69a24f3ad31ef11df0b53,"3 ảo tưởng khi sang công ty mới: bị đánh giá ngầm, cô đơn, vỡ mộng — và áp lực phải chứng minh lại từ đầu",nhan-su-quan-tri.van-hoa-doanh-nghiep|nhan-su-quan-tri.lanh-dao-quan-ly-doi-ngu,insight,nguon-ben-ngoai|mentor-ha-nguyen|nhan-vien-moi|hoi-nhap-cong-ty|van-hoa-doanh-nghiep,4.3.3.1,Giao tiếp & ứng xử công sở,4.2.4,thuc-thi,insight,tap-doan,qt.nhan-su.b,nguon-ben-ngoai|nguon-mentor-ha-nguyen|nhan-vien-moi|hoi-nhap-cong-ty,cao,Quyết định A2-2: tầng 4 / chuyển node,g5
6ab69a2bf3ad31ef11df0b54,"3 quy tắc ngầm phòng họp: đến trước chủ trì, chọn ghế đúng vị trí, nhường thứ tự phát biểu",nhan-su-quan-tri.van-hoa-doanh-nghiep|nhan-su-quan-tri.lanh-dao-quan-ly-doi-ngu,framework,nguon-ben-ngoai|mentor-ha-nguyen|ky-nang-hop|van-hoa-doanh-nghiep,4.3.3.1,Giao tiếp & ứng xử công sở,5.3.3,thuc-thi,framework,tap-doan,,nguon-ben-ngoai|nguon-mentor-ha-nguyen|ky-nang-hop,cao,Quyết định A2-2: tầng 4 / chuyển node,g5
6ab69a3af3ad31ef11df0b57,2 điều cấm kỵ trong phòng họp: ngồi im như tượng và không chuẩn bị số liệu nhưng muốn thể hiện,nhan-su-quan-tri.van-hoa-doanh-nghiep,lesson,nguon-ben-ngoai|mentor-ha-nguyen|ky-nang-hop|van-hoa-doanh-nghiep,4.3.3.1,Giao tiếp & ứng xử công sở,5.3.3,thuc-thi,lesson,tap-doan,,nguon-ben-ngoai|nguon-mentor-ha-nguyen|ky-nang-hop,cao,Quyết định A2-2: tầng 4 / chuyển node,g5
6ab69a6bf3ad31ef11df0b66,"4 logic người mới cần hiểu khi vào công ty: tâm thái rỗng, không vội chứng minh, luật ngầm, vận hành bằng con người",nhan-su-quan-tri.van-hoa-doanh-nghiep|nhan-su-quan-tri.lanh-dao-quan-ly-doi-ngu,framework,nguon-ben-ngoai|mentor-ha-nguyen|nhan-vien-moi|hoi-nhap-cong-ty|luat-ngam-cong-ty,4.3.3.1,Giao tiếp & ứng xử công sở,4.2.4,thuc-thi,framework,tap-doan,qt.nhan-su.b,nguon-ben-ngoai|nguon-mentor-ha-nguyen|nhan-vien-moi|hoi-nhap-cong-ty|luat-ngam-cong-ty,cao,Quyết định A2-2: tầng 4 / chuyển node,g5
6ab69ae2f3ad31ef11df0b82,Cạnh tranh ngầm của nhân viên cũ với người mới: vì sao im lặng nguy hiểm hơn phản đối ra mặt,nhan-su-quan-tri.van-hoa-doanh-nghiep,insight,nguon-ben-ngoai|mentor-ha-nguyen|nhan-vien-moi|canh-tranh-noi-bo|van-hoa-doanh-nghiep,4.3.3.1,Giao tiếp & ứng xử công sở,4.2.4,thuc-thi,insight,tap-doan,qt.nhan-su.b,nguon-ben-ngoai|nguon-mentor-ha-nguyen|nhan-vien-moi|canh-tranh-noi-bo,cao,Quyết định A2-2: tầng 4 / chuyển node,g5
6ab69b25f3ad31ef11df0b8b,"Vì sao người giỏi bị hiểu lầm và cô độc nơi làm việc, cách điều chỉnh góc nhìn thay vì cố thay đổi người khác",nhan-su-quan-tri.van-hoa-doanh-nghiep,insight,nguon-ben-ngoai|mentor-ha-nguyen|hieu-lam-noi-cong-so|nguoi-gioi-bi-co-lap|van-hoa-doanh-nghiep,4.3.3.1,Giao tiếp & ứng xử công sở,,thuc-thi,insight,tap-doan,,nguon-ben-ngoai|nguon-mentor-ha-nguyen|hieu-lam-noi-cong-so|nguoi-gioi-bi-co-lap,cao,Quyết định A2-2: tầng 4 / chuyển node,g5
6ab69b56f3ad31ef11df0b8e,5 dấu hiệu nhận biết bị cô lập âm thầm nơi công sở,nhan-su-quan-tri.van-hoa-doanh-nghiep,framework,nguon-ben-ngoai|mentor-ha-nguyen|co-lap-noi-cong-so|van-hoa-doanh-nghiep|quan-he-dong-nghiep,4.3.3.1,Giao tiếp & ứng xử công sở,,thuc-thi,framework,tap-doan,,nguon-ben-ngoai|nguon-mentor-ha-nguyen|co-lap-noi-cong-so|quan-he-dong-nghiep,cao,Quyết định A2-2: tầng 4 / chuyển node,g5
6ab69b93f3ad31ef11df0b92,"2 loại cô lập nơi công sở: do năng lực yếu hay do vượt trội bị đe dọa, và cách phân biệt",nhan-su-quan-tri.van-hoa-doanh-nghiep,concept,nguon-ben-ngoai|mentor-ha-nguyen|co-lap-noi-cong-so|van-hoa-doanh-nghiep|quan-he-dong-nghiep,4.3.3.1,Giao tiếp & ứng xử công sở,,nhap-mon,concept,tap-doan,,nguon-ben-ngoai|nguon-mentor-ha-nguyen|co-lap-noi-cong-so|quan-he-dong-nghiep,cao,Quyết định A2-2: tầng 4 / chuyển node,g5
6ab69c53f3ad31ef11df0b9e,"Liêm chính nơi công sở: tố cáo, hùa theo hay ngó lơ đều phải đánh đổi giữa lợi ích và niềm tin",nhan-su-quan-tri.van-hoa-doanh-nghiep|ke-toan.chung-tu-quy-trinh,lesson,nguon-ben-ngoai|anh-anh-tudo|liem-chinh|dao-duc-cong-viec|van-hoa-doanh-nghiep,4.3.3.1,Giao tiếp & ứng xử công sở,5.5.1,thuc-thi,lesson,tap-doan,,nguon-ben-ngoai|nguon-anh-anh-tudo|liem-chinh|dao-duc-cong-viec,cao,Quyết định A2-2: tầng 4 / chuyển node,g5
6ab69d16f3ad31ef11df0bc4,"Giỏi mà khô khan dễ thiệt: sếp ghét hướng nội ""giả"" và giao tiếp kém, không ghét tính cách",nhan-su-quan-tri.van-hoa-doanh-nghiep|nhan-su-quan-tri.lanh-dao-quan-ly-doi-ngu,insight,nguon-ben-ngoai|anh-anh-tudo|chu-dong-trong-cong-viec|quan-he-cong-so|van-hoa-doanh-nghiep,4.3.3.1,Giao tiếp & ứng xử công sở,,thuc-thi,insight,tap-doan,,nguon-ben-ngoai|nguon-anh-anh-tudo|chu-dong-trong-cong-viec|quan-he-cong-so,cao,Quyết định A2-2: tầng 4 / chuyển node,g5
6ab69d22f3ad31ef11df0bc7,"Business manner khi đi cùng sếp/đối tác: từ gọi món, đưa danh thiếp đến chăm sóc lái xe, lễ tân",ban-hang-cskh.dam-phan,framework,nguon-ben-ngoai|anh-anh-tudo|business-manner|van-hoa-doanh-nghiep|dam-phan,4.3.3.1,Giao tiếp & ứng xử công sở,2.3.3,thuc-thi,framework,tap-doan,,nguon-ben-ngoai|nguon-anh-anh-tudo|business-manner,cao,Nhánh dam-phan nhưng là business manner cá nhân → 4.3.3 | Quyết định A2-2: tầng 4 / chuyển node,g2
6ab69d62f3ad31ef11df0bd2,"Giải quyết xung đột công sở: đối thoại 1-1 trước, chỉ leo thang khi chắc thắng, nghe người giúp hạ nhiệt",nhan-su-quan-tri.van-hoa-doanh-nghiep|nhan-su-quan-tri.lanh-dao-quan-ly-doi-ngu,lesson,nguon-ben-ngoai|anh-anh-tudo|xung-dot-noi-bo|ky-nang-giao-tiep|van-hoa-doanh-nghiep,4.3.3.1,Giao tiếp & ứng xử công sở,5.4.5,thuc-thi,lesson,tap-doan,,nguon-ben-ngoai|nguon-anh-anh-tudo|xung-dot-noi-bo|ky-nang-giao-tiep,cao,Quyết định A2-2: tầng 4 / chuyển node,g5
6ab69d72f3ad31ef11df0bd5,"Phép tắc ứng xử công sở: phản hồi khi được giúp, tiết kiệm khi tiêu tiền chung, giữ kín chuyện riêng của sếp",nhan-su-quan-tri.van-hoa-doanh-nghiep,framework,nguon-ben-ngoai|anh-anh-tudo|van-hoa-doanh-nghiep|business-manner|ky-nang-giao-tiep,4.3.3.1,Giao tiếp & ứng xử công sở,5.5.1,thuc-thi,framework,tap-doan,,nguon-ben-ngoai|nguon-anh-anh-tudo|business-manner|ky-nang-giao-tiep,cao,Quyết định A2-2: tầng 4 / chuyển node,g5
6ab69db0f3ad31ef11df0bdf,"Kỹ năng không để bụng góp ý: tách hành vi khỏi con người, không xả cảm xúc tiêu cực ra ngoài",nhan-su-quan-tri.van-hoa-doanh-nghiep,lesson,nguon-ben-ngoai|anh-anh-tudo|quan-ly-cam-xuc|tiep-nhan-gop-y|van-hoa-cong-so,4.3.3.1,Giao tiếp & ứng xử công sở,,thuc-thi,lesson,tap-doan,,nguon-ben-ngoai|nguon-anh-anh-tudo|quan-ly-cam-xuc|tiep-nhan-gop-y|van-hoa-cong-so,cao,Quyết định A2-2: tầng 4 / chuyển node,g5
6ab69dcdf3ad31ef11df0be5,"Rèn tự tin và vượt nỗi sợ bị đánh giá: nhận diện thế mạnh, tập small talk, xung phong đối mặt",nhan-su-quan-tri.dao-tao-phat-trien|nhan-su-quan-tri.van-hoa-doanh-nghiep|ban-hang-cskh.ky-nang-ban-hang,lesson,nguon-ben-ngoai|anh-anh-tudo|phat-trien-ban-than|ky-nang-ban-hang|tu-tin,4.3.3.1,Giao tiếp & ứng xử công sở,,thuc-thi,lesson,tap-doan,,nguon-ben-ngoai|nguon-anh-anh-tudo|phat-trien-ban-than|tu-tin,cao,Quyết định A2-2: tầng 4 / chuyển node,g6
6ab69deff3ad31ef11df0be9,"Chê bai nơi đang trả lương cho mình trước khách hàng/đối tác chỉ làm xấu hình ảnh cá nhân, không phải công ty",nhan-su-quan-tri.van-hoa-doanh-nghiep,lesson,nguon-ben-ngoai|anh-anh-tudo|ung-xu-chuyen-nghiep|chuyen-nghiep-voi-khach-hang|van-hoa-doanh-nghiep,4.3.3.1,Giao tiếp & ứng xử công sở,5.5.1,thuc-thi,lesson,tap-doan,,nguon-ben-ngoai|nguon-anh-anh-tudo|ung-xu-chuyen-nghiep|chuyen-nghiep-voi-khach-hang,cao,Quyết định A2-2: tầng 4 / chuyển node,g5
6ab69df4f3ad31ef11df0bea,"Tránh tị nạnh công sức và so bì với sếp: mỗi vai trò trong team đều góp phần, không có thước đo tuyệt đối",nhan-su-quan-tri.lanh-dao-quan-ly-doi-ngu|nhan-su-quan-tri.dao-tao-phat-trien,insight,nguon-ben-ngoai|anh-anh-tudo|ghi-nhan-cong-suc|so-bi|tu-tin-cong-viec,4.3.3.1,Giao tiếp & ứng xử công sở,,thuc-thi,insight,tap-doan,,nguon-ben-ngoai|nguon-anh-anh-tudo|ghi-nhan-cong-suc|so-bi|tu-tin-cong-viec,cao,Quyết định A2-2: tầng 4 / chuyển node,g5
6ab69dfef3ad31ef11df0bed,"Tranh luận công sở nên dùng con số, không dùng cảm xúc để phân định đúng sai",nhan-su-quan-tri.van-hoa-doanh-nghiep,lesson,nguon-ben-ngoai|anh-anh-tudo|ky-nang-giao-tiep|xung-dot-noi-bo|van-hoa-doanh-nghiep,4.3.3.1,Giao tiếp & ứng xử công sở,5.5.1,thuc-thi,lesson,tap-doan,,nguon-ben-ngoai|nguon-anh-anh-tudo|ky-nang-giao-tiep|xung-dot-noi-bo,cao,Quyết định A2-2: tầng 4 / chuyển node,g5
6ab69e62f3ad31ef11df0c01,"Ma cũ bắt nạt ma mới và ngược lại: cách xử lý bằng sự kiện, không bằng cảm xúc",nhan-su-quan-tri.van-hoa-doanh-nghiep,framework,nguon-ben-ngoai|anh-anh-tudo|bat-nat-cong-so|onboarding-nhan-vien-moi|van-hoa-doanh-nghiep,4.3.3.1,Giao tiếp & ứng xử công sở,5.4.5,thuc-thi,framework,tap-doan,,nguon-ben-ngoai|nguon-anh-anh-tudo|bat-nat-cong-so|onboarding-nhan-vien-moi,cao,Quyết định A2-2: tầng 4 / chuyển node,g5
6ab69ec3f3ad31ef11df0c14,"Ứng xử với đồng nghiệp xấu tính, hay nói xấu: tập trung việc mình, đoạn tuyệt trong im lặng",nhan-su-quan-tri.van-hoa-doanh-nghiep,lesson,nguon-ben-ngoai|anh-anh-tudo|dong-nghiep-xau-tinh|van-hoa-doanh-nghiep|ky-nang-mem,4.3.3.1,Giao tiếp & ứng xử công sở,,thuc-thi,lesson,tap-doan,,nguon-ben-ngoai|nguon-anh-anh-tudo|dong-nghiep-xau-tinh|ky-nang-mem,cao,Quyết định A2-2: tầng 4 / chuyển node,g5
6ab69f0ef3ad31ef11df0c27,"Khi bị TẤT CẢ mọi người ghét, đó là vấn đề của bản thân — không phải do ""không biết nịnh""",nhan-su-quan-tri.van-hoa-doanh-nghiep,insight,nguon-ben-ngoai|anh-anh-tudo|tu-nhan-thuc|van-hoa-doanh-nghiep|ky-nang-mem,4.3.3.1,Giao tiếp & ứng xử công sở,,thuc-thi,insight,tap-doan,,nguon-ben-ngoai|nguon-anh-anh-tudo|tu-nhan-thuc|ky-nang-mem,cao,Quyết định A2-2: tầng 4 / chuyển node,g5
6ab69f66f3ad31ef11df0c32,"Chính trị công sở: 3 con đường sự nghiệp và cách tham gia ""phe"" mà không đánh mất chính kiến",nhan-su-quan-tri.van-hoa-doanh-nghiep,framework,nguon-ben-ngoai|anh-anh-tudo|chinh-tri-cong-so|van-hoa-doanh-nghiep|phat-trien-su-nghiep,4.3.3.1,Giao tiếp & ứng xử công sở,,thuc-thi,framework,tap-doan,,nguon-ben-ngoai|nguon-anh-anh-tudo|chinh-tri-cong-so|phat-trien-su-nghiep,cao,Quyết định A2-2: tầng 4 / chuyển node,g5
6ab69f89f3ad31ef11df0c36,Stress công sở thường đến từ con người chứ không phải khối lượng công việc: tách bạch nguyên nhân trước khi tìm cách xử lý,nhan-su-quan-tri.van-hoa-doanh-nghiep|nhan-su-quan-tri.lanh-dao-quan-ly-doi-ngu,lesson,nguon-ben-ngoai|anh-anh-tudo|stress-cong-viec|quan-tri-cam-xuc|van-hoa-doanh-nghiep,4.3.3.1,Giao tiếp & ứng xử công sở,,thuc-thi,lesson,tap-doan,,nguon-ben-ngoai|nguon-anh-anh-tudo|stress-cong-viec|quan-tri-cam-xuc,cao,Quyết định A2-2: tầng 4 / chuyển node,g5
6ab69f8ef3ad31ef11df0c37,"Nhận diện thao túng tâm lý (gaslighting) và chiêu ""vị cứu tinh"" thổi phồng lỗi ở công sở",nhan-su-quan-tri.van-hoa-doanh-nghiep|nhan-su-quan-tri.lanh-dao-quan-ly-doi-ngu,insight,nguon-ben-ngoai|anh-anh-tudo|quan-he-cong-so|van-hoa-doanh-nghiep,4.3.3.1,Giao tiếp & ứng xử công sở,,thuc-thi,insight,tap-doan,,nguon-ben-ngoai|nguon-anh-anh-tudo|quan-he-cong-so,cao,Quyết định A2-2: tầng 4 / chuyển node,g5
6ab6a012f3ad31ef11df0c46,"""Camera chạy bằng cơm"" nơi công sở: kiểm soát thông tin mình chia sẻ quan trọng hơn tìm ai báo tin",nhan-su-quan-tri.van-hoa-doanh-nghiep,insight,nguon-ben-ngoai|anh-anh-tudo|van-hoa-doanh-nghiep|bao-mat-thong-tin-noi-bo|chinh-tri-cong-so,4.3.3.1,Giao tiếp & ứng xử công sở,,thuc-thi,insight,tap-doan,,nguon-ben-ngoai|nguon-anh-anh-tudo|bao-mat-thong-tin-noi-bo|chinh-tri-cong-so,cao,Quyết định A2-2: tầng 4 / chuyển node,g5
6ab6a07af3ad31ef11df0c4a,"Linh hoạt vai trò, niềm tin có chọn lọc và ""dĩ hoà vi quý"" nơi công sở",nhan-su-quan-tri.van-hoa-doanh-nghiep,lesson,nguon-ben-ngoai|anh-anh-tudo|phat-trien-su-nghiep|van-hoa-doanh-nghiep|ky-nang-mem,4.3.3.1,Giao tiếp & ứng xử công sở,,thuc-thi,lesson,tap-doan,,nguon-ben-ngoai|nguon-anh-anh-tudo|phat-trien-su-nghiep|ky-nang-mem,cao,Quyết định A2-2: tầng 4 / chuyển node,g5
6ab6a35df3ad31ef11df0c73,"Hình ảnh chuyên nghiệp nơi công sở: trang phục phù hợp, lễ nghi tiếp khách chuẩn mực, ứng biến khéo khi gặp sự cố",nhan-su-quan-tri.van-hoa-doanh-nghiep|ban-hang-cskh.cham-soc-khach-hang|nhan-su-quan-tri.tuyen-dung,lesson,nguon-ben-ngoai|goc-ghe-hang-a|tac-phong-cong-so|tuyen-dung|van-hoa-doanh-nghiep,4.3.3.1,Giao tiếp & ứng xử công sở,5.5.1,thuc-thi,lesson,tap-doan,,nguon-ben-ngoai|nguon-goc-ghe-hang-a|tac-phong-cong-so,cao,Quyết định A2-2: tầng 4 / chuyển node,g5
6ab4bb60b1c921b0a784dc67,Nghe lại ghi âm 2–3 lần/tuần và rút kinh nghiệm sau mỗi việc; quản lý cung cấp góc nhìn chỉ ra kỹ năng còn thiếu,nhan-su-quan-tri.dao-tao-phat-trien|ban-hang-cskh.ky-nang-ban-hang,lesson,nghe-lai-ghi-am|rut-kinh-nghiem|tu-hoc|coaching|nguon-ben-ngoai|do-xuan-tung,4.3.3.2,Quản lý thời gian & hiệu suất cá nhân,2.1.4,thuc-thi,lesson,vcpart,,nguon-ben-ngoai|nguon-do-xuan-tung|nghe-lai-ghi-am|rut-kinh-nghiem|tu-hoc|coaching,cao,Quyết định A2-2: tầng 4 / chuyển node,g6
6ab69436f3ad31ef11df0b09,Sắp xếp công việc theo mức ưu tiên và làm chủ Excel là hai kỹ năng nền tảng giúp kế toán tiết kiệm thời gian và phát triển sâu về nghề,nhan-su-quan-tri.lanh-dao-quan-ly-doi-ngu|nhan-su-quan-tri.dao-tao-phat-trien,lesson,nguon-ben-ngoai|chi-gai-ke-toan|quan-ly-thoi-gian|excel|dao-tao-phat-trien,4.3.3.2,Quản lý thời gian & hiệu suất cá nhân,,thuc-thi,lesson,tap-doan,,nguon-ben-ngoai|nguon-chi-gai-ke-toan|quan-ly-thoi-gian|excel,cao,Quyết định A2-2: tầng 4 / chuyển node,g5
6ab69a4ef3ad31ef11df0b5e,Rút kinh nghiệm sau thất bại bằng 3 câu hỏi thay vì thử lại mà không phân tích nguyên nhân,nhan-su-quan-tri.dao-tao-phat-trien,framework,nguon-ben-ngoai|mentor-ha-nguyen|rut-kinh-nghiem|that-bai|phat-trien-ban-than,4.3.3.2,Quản lý thời gian & hiệu suất cá nhân,5.6.3,thuc-thi,framework,tap-doan,,nguon-ben-ngoai|nguon-mentor-ha-nguyen|rut-kinh-nghiem|that-bai|phat-trien-ban-than,cao,Quyết định A2-2: tầng 4 / chuyển node,g6
6ab69a50f3ad31ef11df0b5f,3 cấp độ kỷ luật bản thân (động lực → ý chí → thói quen) và 3 quy luật vượt trì hoãn,nhan-su-quan-tri.dao-tao-phat-trien,framework,nguon-ben-ngoai|mentor-ha-nguyen|ky-luat-ban-than|chong-tri-hoan|phat-trien-ban-than,4.3.3.2,Quản lý thời gian & hiệu suất cá nhân,,thuc-thi,framework,tap-doan,,nguon-ben-ngoai|nguon-mentor-ha-nguyen|ky-luat-ban-than|chong-tri-hoan|phat-trien-ban-than,cao,Quyết định A2-2: tầng 4 / chuyển node,g6
6ab69a63f3ad31ef11df0b64,Kỹ thuật Pomodoro 5 bước và 2 nguyên nhân chính gây phân tâm khi làm việc,nhan-su-quan-tri.dao-tao-phat-trien,framework,nguon-ben-ngoai|mentor-ha-nguyen|quan-ly-thoi-gian|tap-trung,4.3.3.2,Quản lý thời gian & hiệu suất cá nhân,,thuc-thi,framework,tap-doan,,nguon-ben-ngoai|nguon-mentor-ha-nguyen|quan-ly-thoi-gian|tap-trung,cao,Quyết định A2-2: tầng 4 / chuyển node,g6
6ab69a70f3ad31ef11df0b67,Đặt mục tiêu theo công thức SMART với ví dụ cụ thể,nhan-su-quan-tri.dao-tao-phat-trien,framework,nguon-ben-ngoai|mentor-ha-nguyen|dat-muc-tieu|quan-ly-thoi-gian,4.3.3.2,Quản lý thời gian & hiệu suất cá nhân,4.5.1,thuc-thi,framework,tap-doan,,nguon-ben-ngoai|nguon-mentor-ha-nguyen|dat-muc-tieu|quan-ly-thoi-gian,cao,Quyết định A2-2: tầng 4 / chuyển node,g6
6ab69a8af3ad31ef11df0b6e,Làm việc bạt mạng đến nửa đêm không phải nỗ lực đúng nghĩa: cần cân bằng 8 khía cạnh của cuộc sống,nhan-su-quan-tri.van-hoa-doanh-nghiep|nhan-su-quan-tri.dao-tao-phat-trien,insight,nguon-ben-ngoai|mentor-ha-nguyen|can-bang-cuoc-song|van-hoa-lam-viec|suc-khoe-tinh-than,4.3.3.2,Quản lý thời gian & hiệu suất cá nhân,,thuc-thi,insight,tap-doan,,nguon-ben-ngoai|nguon-mentor-ha-nguyen|can-bang-cuoc-song|van-hoa-lam-viec|suc-khoe-tinh-than,cao,Quyết định A2-2: tầng 4 / chuyển node,g5
6ab69a99f3ad31ef11df0b72,"Người có tinh thần trách nhiệm cao và cầu toàn dễ burnout nhất, không phải người lười hay yếu năng lực",nhan-su-quan-tri.van-hoa-doanh-nghiep,insight,nguon-ben-ngoai|mentor-ha-nguyen|burnout|cau-toan|suc-khoe-tinh-than,4.3.3.2,Quản lý thời gian & hiệu suất cá nhân,5.4.3,thuc-thi,insight,tap-doan,,nguon-ben-ngoai|nguon-mentor-ha-nguyen|burnout|cau-toan|suc-khoe-tinh-than,cao,Quyết định A2-2: tầng 4 / chuyển node,g5
6ab69ab9f3ad31ef11df0b7a,Ma trận Eisenhower: phân loại việc theo quan trọng/khẩn cấp để ưu tiên và ủy thác,nhan-su-quan-tri.dao-tao-phat-trien,framework,nguon-ben-ngoai|mentor-ha-nguyen|quan-ly-thoi-gian|uu-tien-cong-viec,4.3.3.2,Quản lý thời gian & hiệu suất cá nhân,,thuc-thi,framework,tap-doan,,nguon-ben-ngoai|nguon-mentor-ha-nguyen|quan-ly-thoi-gian|uu-tien-cong-viec,cao,Quyết định A2-2: tầng 4 / chuyển node,g6
6ab69ad3f3ad31ef11df0b7e,Định luật Pareto 80/20 qua ngụ ngôn 2 con cáo: làm việc thông minh thay vì chăm chỉ mù quáng,nhan-su-quan-tri.dao-tao-phat-trien|ban-hang-cskh.ky-nang-ban-hang,concept,nguon-ben-ngoai|mentor-ha-nguyen|nguyen-tac-80-20|uu-tien-cong-viec,4.3.3.2,Quản lý thời gian & hiệu suất cá nhân,,nhap-mon,concept,tap-doan,,nguon-ben-ngoai|nguon-mentor-ha-nguyen|nguyen-tac-80-20|uu-tien-cong-viec,cao,Quyết định A2-2: tầng 4 / chuyển node,g6
6ab69af3f3ad31ef11df0b84,Học thuyết con nhím (Jim Collins): tập trung một mục tiêu thay vì ôm đồm đa mục tiêu,nhan-su-quan-tri.dao-tao-phat-trien|nhan-su-quan-tri.lanh-dao-quan-ly-doi-ngu,concept,nguon-ben-ngoai|mentor-ha-nguyen|dat-muc-tieu|tap-trung,4.3.3.2,Quản lý thời gian & hiệu suất cá nhân,,nhap-mon,concept,tap-doan,,nguon-ben-ngoai|nguon-mentor-ha-nguyen|dat-muc-tieu|tap-trung,cao,Quyết định A2-2: tầng 4 / chuyển node,g6
6ab69c2ff3ad31ef11df0b95,"Rèn thói quen quan sát tỉ mỉ để tối ưu công việc, không cần khóa học đắt tiền",nhan-su-quan-tri.dao-tao-phat-trien,lesson,nguon-ben-ngoai|anh-anh-tudo|ky-nang-quan-sat|tu-hoc|toi-uu-cong-viec,4.3.3.2,Quản lý thời gian & hiệu suất cá nhân,,thuc-thi,lesson,tap-doan,,nguon-ben-ngoai|nguon-anh-anh-tudo|ky-nang-quan-sat|tu-hoc|toi-uu-cong-viec,cao,Quyết định A2-2: tầng 4 / chuyển node,g6
6ab69c9af3ad31ef11df0bad,"""Cách bạn làm một việc là cách bạn làm mọi việc"": xem nhẹ deadline, đi muộn hình thành quán tính khó sửa",nhan-su-quan-tri.van-hoa-doanh-nghiep|nhan-su-quan-tri.lanh-dao-quan-ly-doi-ngu,lesson,nguon-ben-ngoai|anh-anh-tudo|thai-do-lam-viec|ky-luat-cong-so|van-hoa-doanh-nghiep,4.3.3.2,Quản lý thời gian & hiệu suất cá nhân,5.5.1,thuc-thi,lesson,tap-doan,,nguon-ben-ngoai|nguon-anh-anh-tudo|thai-do-lam-viec|ky-luat-cong-so,cao,Quyết định A2-2: tầng 4 / chuyển node,g5
6ab69f0af3ad31ef11df0c26,PDCA và thực hành có chủ đích: cách hết lặp lỗi ở việc nhỏ lặp lại hàng ngày,nhan-su-quan-tri.dao-tao-phat-trien,framework,nguon-ben-ngoai|anh-anh-tudo|pdca|quan-ly-cong-viec|dao-tao-phat-trien,4.3.3.2,Quản lý thời gian & hiệu suất cá nhân,5.6.3,thuc-thi,framework,tap-doan,,nguon-ben-ngoai|nguon-anh-anh-tudo|pdca|quan-ly-cong-viec,cao,Quyết định A2-2: tầng 4 / chuyển node,g6
6ab69f2af3ad31ef11df0c29,Tự duyệt công việc qua 3 góc nhìn Doer-Checker-Approver để bắt lỗi sớm mà không mất thêm thời gian,nhan-su-quan-tri.lanh-dao-quan-ly-doi-ngu,framework,nguon-ben-ngoai|anh-anh-tudo|quy-trinh-duyet-viec|kiem-soat-chat-luong|quan-ly-thoi-gian,4.3.3.2,Quản lý thời gian & hiệu suất cá nhân,,thuc-thi,framework,tap-doan,,nguon-ben-ngoai|nguon-anh-anh-tudo|quy-trinh-duyet-viec|kiem-soat-chat-luong|quan-ly-thoi-gian,cao,Quyết định A2-2: tầng 4 / chuyển node,g5
6ab69f52f3ad31ef11df0c2f,Nguyên lý 3M sắp xếp công việc: Minimize - Maximize - Maintain,nhan-su-quan-tri.dao-tao-phat-trien,framework,nguon-ben-ngoai|anh-anh-tudo|quan-ly-cong-viec|nang-suat|dao-tao-phat-trien,4.3.3.2,Quản lý thời gian & hiệu suất cá nhân,,thuc-thi,framework,tap-doan,,nguon-ben-ngoai|nguon-anh-anh-tudo|quan-ly-cong-viec|nang-suat,cao,Quyết định A2-2: tầng 4 / chuyển node,g6
6ab69fa7f3ad31ef11df0c3b,"Quá tải không phải do việc nhiều mà do thiếu tư duy sắp xếp: ưu tiên nhanh, quyết định nhanh, tránh hoàn hảo hoá tiểu tiết",nhan-su-quan-tri.dao-tao-phat-trien|nhan-su-quan-tri.lanh-dao-quan-ly-doi-ngu,lesson,nguon-ben-ngoai|anh-anh-tudo|quan-ly-cong-viec|uu-tien-cong-viec|dao-tao-phat-trien,4.3.3.2,Quản lý thời gian & hiệu suất cá nhân,,thuc-thi,lesson,tap-doan,,nguon-ben-ngoai|nguon-anh-anh-tudo|quan-ly-cong-viec|uu-tien-cong-viec,cao,Quyết định A2-2: tầng 4 / chuyển node,g6
6ab4bbf4b1c921b0a784dc8b,"Muốn thăng tiến phải chủ động đề xuất kèm cam kết: 70% nỗ lực chứng minh bằng kết quả, 30% dám đòi hỏi",nhan-su-quan-tri.dao-tao-phat-trien|nhan-su-quan-tri.van-hoa-doanh-nghiep,insight,thang-tien|de-xuat-thang-chuc|van-hoa-phan-dau|nguon-ben-ngoai|do-xuan-tung,4.3.3.3,Làm việc với sếp,5.5.1,thuc-thi,insight,tap-doan,,nguon-ben-ngoai|nguon-do-xuan-tung|thang-tien|de-xuat-thang-chuc|van-hoa-phan-dau,cao,Quyết định A2-2: tầng 4 / chuyển node,g6
6ab6926bf3ad31ef11df0aa1,Nhân viên được đánh giá cao không phải vì hoàn thành đúng deadline mà vì chủ động báo cáo sớm và đề xuất phương án xử lý,tai-chinh.quan-tri-dong-tien|nhan-su-quan-tri.lanh-dao-quan-ly-doi-ngu,lesson,nguon-ben-ngoai|chi-gai-ke-toan|chu-dong-bao-cao|danh-gia-nhan-vien|quan-tri-tai-chinh,4.3.3.3,Làm việc với sếp,5.3.4,thuc-thi,lesson,tap-doan,,nguon-ben-ngoai|nguon-chi-gai-ke-toan|chu-dong-bao-cao|danh-gia-nhan-vien,cao,Ngoài mảng 3: kỹ năng chủ động báo cáo của nhân viên; liên quan Horenso 5.3.4. | Quyết định A2-2: tầng 4 / chuyển node,g3
6ab693bdf3ad31ef11df0ae9,"Thái độ chủ động, dám phản biện sếp và dám nhận lỗi mới là điều quyết định sự phát triển nghề nghiệp của kế toán",nhan-su-quan-tri.lanh-dao-quan-ly-doi-ngu|nhan-su-quan-tri.dao-tao-phat-trien|nhan-su-quan-tri.tuyen-dung,lesson,nguon-ben-ngoai|chi-gai-ke-toan|chu-dong-phan-bien|van-hoa-nhan-loi|tuyen-dung,4.3.3.3,Làm việc với sếp,,thuc-thi,lesson,tap-doan,,nguon-ben-ngoai|nguon-chi-gai-ke-toan|chu-dong-phan-bien|van-hoa-nhan-loi,cao,Quyết định A2-2: tầng 4 / chuyển node,g5
6ab69951f3ad31ef11df0b33,"Muốn được cấp trên trọng dụng: đề xuất giải pháp, biết khi nào tự quyết, và giỏi phối hợp",nhan-su-quan-tri.lanh-dao-quan-ly-doi-ngu,framework,nguon-ben-ngoai|mentor-ha-nguyen|trong-dung-nhan-vien|phat-trien-su-nghiep|ky-nang-de-xuat,4.3.3.3,Làm việc với sếp,,thuc-thi,framework,tap-doan,,nguon-ben-ngoai|nguon-mentor-ha-nguyen|trong-dung-nhan-vien|phat-trien-su-nghiep|ky-nang-de-xuat,cao,Quyết định A2-2: tầng 4 / chuyển node,g5
6ab69959f3ad31ef11df0b34,"4 kiểu sếp cơ bản: độc tài, ái kỷ, dĩ hòa vi quý, nhìn xa trông rộng và cách đọc vị hành vi lãnh đạo",nhan-su-quan-tri.lanh-dao-quan-ly-doi-ngu,framework,nguon-ben-ngoai|mentor-ha-nguyen|phong-cach-lanh-dao|ung-xu-voi-sep|4-kieu-sep,4.3.3.3,Làm việc với sếp,5.4.1,thuc-thi,framework,tap-doan,,nguon-ben-ngoai|nguon-mentor-ha-nguyen|phong-cach-lanh-dao|ung-xu-voi-sep|4-kieu-sep,cao,Quyết định A2-2: tầng 4 / chuyển node,g5
6ab6997ef3ad31ef11df0b36,4 dấu hiệu nhận biết bạn đang được sếp trọng dụng hay chỉ giao việc vụn vặt,nhan-su-quan-tri.lanh-dao-quan-ly-doi-ngu,framework,nguon-ben-ngoai|mentor-ha-nguyen|trong-dung-nhan-vien|phat-trien-su-nghiep,4.3.3.3,Làm việc với sếp,,thuc-thi,framework,tap-doan,,nguon-ben-ngoai|nguon-mentor-ha-nguyen|trong-dung-nhan-vien|phat-trien-su-nghiep,cao,Quyết định A2-2: tầng 4 / chuyển node,g5
6ab69995f3ad31ef11df0b38,4 kiểu sếp phản ứng khác nhau với việc nhân viên nghe lời: khi nào nên và không nên chỉ biết vâng lời,nhan-su-quan-tri.lanh-dao-quan-ly-doi-ngu,framework,nguon-ben-ngoai|mentor-ha-nguyen|ung-xu-voi-sep|4-kieu-sep|nghe-loi-sep,4.3.3.3,Làm việc với sếp,,thuc-thi,framework,tap-doan,,nguon-ben-ngoai|nguon-mentor-ha-nguyen|ung-xu-voi-sep|4-kieu-sep|nghe-loi-sep,cao,Quyết định A2-2: tầng 4 / chuyển node,g5
6ab699adf3ad31ef11df0b3b,Phân biệt giao việc để phát triển chuyên môn hay để khai thác vượt phạm vi,nhan-su-quan-tri.lanh-dao-quan-ly-doi-ngu,framework,nguon-ben-ngoai|mentor-ha-nguyen|giao-viec-phat-trien|pham-vi-cong-viec,4.3.3.3,Làm việc với sếp,5.4.2,thuc-thi,framework,tap-doan,,nguon-ben-ngoai|nguon-mentor-ha-nguyen|giao-viec-phat-trien|pham-vi-cong-viec,cao,Quyết định A2-2: tầng 4 / chuyển node,g5
6ab699b7f3ad31ef11df0b3d,"4 tử huyệt tâm lý của sếp: bản thân, danh tiếng, tiền bạc, mối quan hệ chi phối hành vi lãnh đạo",nhan-su-quan-tri.lanh-dao-quan-ly-doi-ngu,framework,nguon-ben-ngoai|mentor-ha-nguyen|tam-ly-lanh-dao|4-kieu-sep|ung-xu-voi-sep,4.3.3.3,Làm việc với sếp,,thuc-thi,framework,tap-doan,,nguon-ben-ngoai|nguon-mentor-ha-nguyen|tam-ly-lanh-dao|4-kieu-sep|ung-xu-voi-sep,cao,Quyết định A2-2: tầng 4 / chuyển node,g5
6ab699d8f3ad31ef11df0b41,2 mối quan tâm cốt lõi của mọi sếp: hiệu quả công việc và quản trị nhân sự tin cậy được,nhan-su-quan-tri.lanh-dao-quan-ly-doi-ngu,concept,nguon-ben-ngoai|mentor-ha-nguyen|ung-xu-voi-sep|trong-dung-nhan-su,4.3.3.3,Làm việc với sếp,,nhap-mon,concept,tap-doan,,nguon-ben-ngoai|nguon-mentor-ha-nguyen|ung-xu-voi-sep|trong-dung-nhan-su,cao,Quyết định A2-2: tầng 4 / chuyển node,g5
6ab699dcf3ad31ef11df0b43,"Vì sao sếp không nhận ra năng lực nhân viên giỏi: hiểu sai ngôn ngữ, gắn nhãn sớm, chưa đúng nỗi đau",nhan-su-quan-tri.lanh-dao-quan-ly-doi-ngu,insight,nguon-ben-ngoai|mentor-ha-nguyen|trong-dung-nhan-vien|phat-trien-su-nghiep,4.3.3.3,Làm việc với sếp,5.4.1,thuc-thi,insight,tap-doan,,nguon-ben-ngoai|nguon-mentor-ha-nguyen|trong-dung-nhan-vien|phat-trien-su-nghiep,cao,Quyết định A2-2: tầng 4 / chuyển node,g5
6ab69a0af3ad31ef11df0b4b,"3 kiểu im lặng của sếp: tin tưởng, thất vọng, và đang thử thách — đừng ngồi đoán mà hãy xác nhận",nhan-su-quan-tri.lanh-dao-quan-ly-doi-ngu,framework,nguon-ben-ngoai|mentor-ha-nguyen|ung-xu-voi-sep|giao-tiep-cong-so,4.3.3.3,Làm việc với sếp,,thuc-thi,framework,tap-doan,,nguon-ben-ngoai|nguon-mentor-ha-nguyen|ung-xu-voi-sep|giao-tiep-cong-so,cao,Quyết định A2-2: tầng 4 / chuyển node,g5
6ab69a0af3ad31ef11df0b4c,"Muốn sếp nể: trở thành người nói ít có sức nặng, hoặc nắm mối quan hệ then chốt",nhan-su-quan-tri.lanh-dao-quan-ly-doi-ngu,insight,nguon-ben-ngoai|mentor-ha-nguyen|xay-dung-anh-huong|giu-chan-nhan-su,4.3.3.3,Làm việc với sếp,,thuc-thi,insight,tap-doan,,nguon-ben-ngoai|nguon-mentor-ha-nguyen|xay-dung-anh-huong|giu-chan-nhan-su,cao,Quyết định A2-2: tầng 4 / chuyển node,g5
6ab69a2ff3ad31ef11df0b55,"3 nỗi sợ tâm lý của sếp: sợ sai trước mặt người khác, sợ mất kiểm soát, sợ bị vượt mặt",nhan-su-quan-tri.lanh-dao-quan-ly-doi-ngu,framework,nguon-ben-ngoai|mentor-ha-nguyen|ung-xu-voi-sep|tam-ly-lanh-dao,4.3.3.3,Làm việc với sếp,,thuc-thi,framework,tap-doan,,nguon-ben-ngoai|nguon-mentor-ha-nguyen|ung-xu-voi-sep|tam-ly-lanh-dao,cao,Quyết định A2-2: tầng 4 / chuyển node,g5
6ab69a3df3ad31ef11df0b5a,"Luật ngầm khi xét KPI và thưởng: sếp cân nhắc ai cần giữ lại cho chiến lược, không chỉ % chỉ tiêu",nhan-su-quan-tri.lanh-dao-quan-ly-doi-ngu,insight,nguon-ben-ngoai|mentor-ha-nguyen|danh-gia-kpi-thuong,4.3.3.3,Làm việc với sếp,4.5.2,thuc-thi,insight,tap-doan,,nguon-ben-ngoai|nguon-mentor-ha-nguyen|danh-gia-kpi-thuong,cao,Quyết định A2-2: tầng 4 / chuyển node,g5
6ab69a4bf3ad31ef11df0b5d,"3 điều sếp không nói thẳng: bảng xếp hạng ngầm, cần giải quyết vấn đề, đánh giá mỗi ngày",nhan-su-quan-tri.lanh-dao-quan-ly-doi-ngu,framework,nguon-ben-ngoai|mentor-ha-nguyen|ung-xu-voi-sep|danh-gia-hieu-suat,4.3.3.3,Làm việc với sếp,,thuc-thi,framework,tap-doan,,nguon-ben-ngoai|nguon-mentor-ha-nguyen|ung-xu-voi-sep|danh-gia-hieu-suat,cao,Quyết định A2-2: tầng 4 / chuyển node,g5
6ab69a7ff3ad31ef11df0b6b,"Ứng xử với sếp độc tài: cần sự tuân thủ và khuôn khổ, nên hỗ trợ thay vì thách thức quyền lực",nhan-su-quan-tri.lanh-dao-quan-ly-doi-ngu,lesson,nguon-ben-ngoai|mentor-ha-nguyen|ung-xu-voi-sep|sep-doc-tai,4.3.3.3,Làm việc với sếp,,thuc-thi,lesson,tap-doan,,nguon-ben-ngoai|nguon-mentor-ha-nguyen|ung-xu-voi-sep|sep-doc-tai,cao,Quyết định A2-2: tầng 4 / chuyển node,g5
6ab69a95f3ad31ef11df0b6f,"3 sai lầm khiến người giỏi bị kẹt: chỉ bám sếp trực tiếp, chỉ cống hiến âm thầm, chỉ chứng minh năng lực",nhan-su-quan-tri.van-hoa-doanh-nghiep|nhan-su-quan-tri.lanh-dao-quan-ly-doi-ngu,lesson,nguon-ben-ngoai|mentor-ha-nguyen|chinh-tri-noi-bo|lanh-dao-quan-ly-doi-ngu,4.3.3.3,Làm việc với sếp,,thuc-thi,lesson,tap-doan,,nguon-ben-ngoai|nguon-mentor-ha-nguyen|chinh-tri-noi-bo,cao,Quyết định A2-2: tầng 4 / chuyển node,g5
6ab69aa6f3ad31ef11df0b74,"3 giải pháp khi sếp thiếu chính kiến: chủ động đề xuất, đánh giá cơ hội phát triển, chọn ở lại hay rời đi",nhan-su-quan-tri.lanh-dao-quan-ly-doi-ngu,lesson,nguon-ben-ngoai|mentor-ha-nguyen|ung-xu-voi-sep|sep-di-hoa-vi-quy,4.3.3.3,Làm việc với sếp,,thuc-thi,lesson,tap-doan,,nguon-ben-ngoai|nguon-mentor-ha-nguyen|ung-xu-voi-sep|sep-di-hoa-vi-quy,cao,Quyết định A2-2: tầng 4 / chuyển node,g5
6ab69aaef3ad31ef11df0b77,Bất mãn với sếp mà chưa có lựa chọn khác chỉ là cảm xúc: cần action plan xây năng lực thay vì tìm sự công bằng,nhan-su-quan-tri.dao-tao-phat-trien|nhan-su-quan-tri.lanh-dao-quan-ly-doi-ngu,insight,nguon-ben-ngoai|mentor-ha-nguyen|quan-he-voi-sep|action-plan|xay-dung-nang-luc,4.3.3.3,Làm việc với sếp,,thuc-thi,insight,tap-doan,,nguon-ben-ngoai|nguon-mentor-ha-nguyen|quan-he-voi-sep|action-plan|xay-dung-nang-luc,cao,Quyết định A2-2: tầng 4 / chuyển node,g6
6ab69aaff3ad31ef11df0b78,"Quan hệ sếp – nhân viên luôn là quan hệ trên dưới, không phải bạn bè ngang hàng",nhan-su-quan-tri.van-hoa-doanh-nghiep|nhan-su-quan-tri.lanh-dao-quan-ly-doi-ngu,concept,nguon-ben-ngoai|mentor-ha-nguyen|quan-he-sep-nhan-vien|van-hoa-doanh-nghiep,4.3.3.3,Làm việc với sếp,5.5.1,nhap-mon,concept,tap-doan,,nguon-ben-ngoai|nguon-mentor-ha-nguyen|quan-he-sep-nhan-vien,cao,Quyết định A2-2: tầng 4 / chuyển node,g5
6ab69acef3ad31ef11df0b7d,Khi sếp có vẻ không ưa mình hoặc giao tiếp bế tắc: đối thoại chủ động thay vì im lặng chịu đựng,nhan-su-quan-tri.lanh-dao-quan-ly-doi-ngu,lesson,nguon-ben-ngoai|mentor-ha-nguyen|ung-xu-voi-sep|giao-tiep-cong-so,4.3.3.3,Làm việc với sếp,,thuc-thi,lesson,tap-doan,,nguon-ben-ngoai|nguon-mentor-ha-nguyen|ung-xu-voi-sep|giao-tiep-cong-so,cao,Quyết định A2-2: tầng 4 / chuyển node,g5
6ab69b21f3ad31ef11df0b8a,"Khi năng lực vượt sếp: phân biệt 2 tình huống, tránh 3 cái bẫy và 4 điều bị mất, dùng 3 câu hỏi để định hướng",nhan-su-quan-tri.lanh-dao-quan-ly-doi-ngu,framework,nguon-ben-ngoai|mentor-ha-nguyen|ung-xu-voi-sep|phat-trien-su-nghiep,4.3.3.3,Làm việc với sếp,,thuc-thi,framework,tap-doan,,nguon-ben-ngoai|nguon-mentor-ha-nguyen|ung-xu-voi-sep|phat-trien-su-nghiep,cao,Quyết định A2-2: tầng 4 / chuyển node,g5
6ab69c54f3ad31ef11df0b9f,Làm tốt thôi chưa đủ: phải biết ghi lại và trình bày kết quả công việc để được ghi nhận đúng,nhan-su-quan-tri.dao-tao-phat-trien|nhan-su-quan-tri.lanh-dao-quan-ly-doi-ngu|nhan-su-quan-tri.van-hoa-doanh-nghiep,lesson,nguon-ben-ngoai|anh-anh-tudo|ghi-nhan-thanh-tich|ky-nang-giao-tiep|thang-tien-su-nghiep,4.3.3.3,Làm việc với sếp,,thuc-thi,lesson,tap-doan,,nguon-ben-ngoai|nguon-anh-anh-tudo|ghi-nhan-thanh-tich|ky-nang-giao-tiep|thang-tien-su-nghiep,cao,Quyết định A2-2: tầng 4 / chuyển node,g6
6ab69c59f3ad31ef11df0ba0,Báo cáo vượt cấp: vì sao 2 nhân viên cùng khiếu nại lên sếp tổng nhưng kết quả trái ngược,nhan-su-quan-tri.lanh-dao-quan-ly-doi-ngu,case_study,nguon-ben-ngoai|anh-anh-tudo|bao-cao-vuot-cap|xung-dot-noi-bo|quy-trinh-lam-viec,4.3.3.3,Làm việc với sếp,5.4.5,thuc-thi,case_study,tap-doan,,nguon-ben-ngoai|nguon-anh-anh-tudo|bao-cao-vuot-cap|xung-dot-noi-bo|quy-trinh-lam-viec,cao,Quyết định A2-2: tầng 4 / chuyển node,g5
6ab69c67f3ad31ef11df0ba4,Chủ động báo cáo và làm việc kín kẽ: cách nhân viên tạo an toàn cho mình và ghi điểm với sếp,nhan-su-quan-tri.lanh-dao-quan-ly-doi-ngu|nhan-su-quan-tri.van-hoa-doanh-nghiep,lesson,nguon-ben-ngoai|anh-anh-tudo|bao-cao-cong-viec|chu-dong-trong-cong-viec|van-hoa-doanh-nghiep,4.3.3.3,Làm việc với sếp,5.3.4,thuc-thi,lesson,tap-doan,,nguon-ben-ngoai|nguon-anh-anh-tudo|bao-cao-cong-viec|chu-dong-trong-cong-viec,cao,Quyết định A2-2: tầng 4 / chuyển node,g5
6ab69cc8f3ad31ef11df0bb6,Quan tâm sếp chân thành khác nịnh bợ: 5 dấu hiệu nhận biết và vì sao đây là kỹ năng mềm cần có,nhan-su-quan-tri.lanh-dao-quan-ly-doi-ngu|nhan-su-quan-tri.van-hoa-doanh-nghiep,framework,nguon-ben-ngoai|anh-anh-tudo|ky-nang-mem|quan-he-cong-so|van-hoa-doanh-nghiep,4.3.3.3,Làm việc với sếp,,thuc-thi,framework,tap-doan,,nguon-ben-ngoai|nguon-anh-anh-tudo|ky-nang-mem|quan-he-cong-so,cao,Quyết định A2-2: tầng 4 / chuyển node,g5
6ab69d6ef3ad31ef11df0bd3,Đón nhận phê bình và sếp khó tính cầu toàn là cơ hội tiến bộ nhanh nhất,nhan-su-quan-tri.dao-tao-phat-trien|nhan-su-quan-tri.lanh-dao-quan-ly-doi-ngu,lesson,nguon-ben-ngoai|anh-anh-tudo|phe-binh-tich-cuc|tu-duy-cau-tien|sep-cau-toan,4.3.3.3,Làm việc với sếp,,thuc-thi,lesson,tap-doan,,nguon-ben-ngoai|nguon-anh-anh-tudo|phe-binh-tich-cuc|tu-duy-cau-tien|sep-cau-toan,cao,Quyết định A2-2: tầng 4 / chuyển node,g6
6ab69d7ef3ad31ef11df0bd8,"Nhận diện sếp micromanage và cách tự vệ: chủ động báo cáo sớm, nhiều hơn để lấy lại niềm tin",nhan-su-quan-tri.lanh-dao-quan-ly-doi-ngu|nhan-su-quan-tri.tuyen-dung,lesson,nguon-ben-ngoai|anh-anh-tudo|micromanage|sep-quan-ly-te|xay-dung-long-tin,4.3.3.3,Làm việc với sếp,5.4.2,thuc-thi,lesson,tap-doan,,nguon-ben-ngoai|nguon-anh-anh-tudo|micromanage|sep-quan-ly-te|xay-dung-long-tin,cao,Quyết định A2-2: tầng 4 / chuyển node,g5
6ab69d97f3ad31ef11df0bdb,"Giải mã ngôn ngữ sếp (P1): ""làm sao cũng được"", ""5 phút là xong"" và ""hiểu khó khăn nhưng..."" thực sự có nghĩa gì",nhan-su-quan-tri.lanh-dao-quan-ly-doi-ngu,framework,nguon-ben-ngoai|anh-anh-tudo|giao-tiep-voi-sep|van-hoa-doanh-nghiep,4.3.3.3,Làm việc với sếp,,thuc-thi,framework,tap-doan,,nguon-ben-ngoai|nguon-anh-anh-tudo|giao-tiep-voi-sep,cao,Quyết định A2-2: tầng 4 / chuyển node,g5
6ab69de5f3ad31ef11df0be8,"Giải mã ngôn ngữ sếp (P2): ""chỉ cần kết quả"", ""thích sự nhiệt tình"", ""cần linh hoạt lên"" và cách làm rõ ý sếp khi nói vòng vo",nhan-su-quan-tri.lanh-dao-quan-ly-doi-ngu,framework,nguon-ben-ngoai|anh-anh-tudo|giao-tiep-voi-sep|van-hoa-doanh-nghiep,4.3.3.3,Làm việc với sếp,,thuc-thi,framework,tap-doan,,nguon-ben-ngoai|nguon-anh-anh-tudo|giao-tiep-voi-sep,cao,Quyết định A2-2: tầng 4 / chuyển node,g5
6ab69e24f3ad31ef11df0bf5,6 kiểu sếp theo năng lực cốt lõi và cách ghi điểm tương ứng với từng kiểu,nhan-su-quan-tri.lanh-dao-quan-ly-doi-ngu,framework,nguon-ben-ngoai|anh-anh-tudo|giao-tiep-voi-sep|van-hoa-doanh-nghiep,4.3.3.3,Làm việc với sếp,,thuc-thi,framework,tap-doan,,nguon-ben-ngoai|nguon-anh-anh-tudo|giao-tiep-voi-sep,cao,Quyết định A2-2: tầng 4 / chuyển node,g5
6ab69e63f3ad31ef11df0c02,"Nền tảng sự nghiệp: xác lập giá trị để sếp thấy, xây lòng tin, bỏ yêu-ghét, và vị thế = năng lực × danh tiếng × tiềm năng",nhan-su-quan-tri.dao-tao-phat-trien|nhan-su-quan-tri.lanh-dao-quan-ly-doi-ngu,framework,nguon-ben-ngoai|anh-anh-tudo|phat-trien-su-nghiep|quan-ly-doi-ngu|dao-tao-phat-trien,4.3.3.3,Làm việc với sếp,,thuc-thi,framework,tap-doan,,nguon-ben-ngoai|nguon-anh-anh-tudo|phat-trien-su-nghiep,cao,Quyết định A2-2: tầng 4 / chuyển node,g6
6ab69e71f3ad31ef11df0c04,"Sếp cũng là con người: cách ứng xử với sếp độc đoán ""vua chúa"" và sếp cảm tính, sáng nắng chiều mưa",nhan-su-quan-tri.van-hoa-doanh-nghiep|nhan-su-quan-tri.lanh-dao-quan-ly-doi-ngu,insight,nguon-ben-ngoai|anh-anh-tudo|quan-he-cong-so|van-hoa-doanh-nghiep,4.3.3.3,Làm việc với sếp,,thuc-thi,insight,tap-doan,,nguon-ben-ngoai|nguon-anh-anh-tudo|quan-he-cong-so,cao,Quyết định A2-2: tầng 4 / chuyển node,g5
6ab69ec3f3ad31ef11df0c15,"Hảo cảm của sếp rất khó lấy lại một khi đã mất, và cách ứng xử khi bị sếp ghét",nhan-su-quan-tri.van-hoa-doanh-nghiep|nhan-su-quan-tri.lanh-dao-quan-ly-doi-ngu,insight,nguon-ben-ngoai|anh-anh-tudo|quan-he-cong-so|van-hoa-doanh-nghiep,4.3.3.3,Làm việc với sếp,,thuc-thi,insight,tap-doan,,nguon-ben-ngoai|nguon-anh-anh-tudo|quan-he-cong-so,cao,Quyết định A2-2: tầng 4 / chuyển node,g5
6ab69f07f3ad31ef11df0c24,"Được sếp tin tưởng có 5 đặc quyền, nhưng cũng đi kèm cái giá là bị đồng nghiệp không ưa",nhan-su-quan-tri.van-hoa-doanh-nghiep|nhan-su-quan-tri.lanh-dao-quan-ly-doi-ngu,insight,nguon-ben-ngoai|anh-anh-tudo|quan-he-cong-so|van-hoa-doanh-nghiep,4.3.3.3,Làm việc với sếp,,thuc-thi,insight,tap-doan,,nguon-ben-ngoai|nguon-anh-anh-tudo|quan-he-cong-so,cao,Quyết định A2-2: tầng 4 / chuyển node,g5
6ab69f81f3ad31ef11df0c34,"Mô hình GROW: 4 bước để tìm nhiều phương án hơn khi bị sếp trực tiếp bắt nạt, không chỉ nghỉ việc là lựa chọn duy nhất",nhan-su-quan-tri.lanh-dao-quan-ly-doi-ngu,framework,nguon-ben-ngoai|anh-anh-tudo|mo-hinh-grow|coaching-nhan-vien|giai-quyet-mau-thuan,4.3.3.3,Làm việc với sếp,4.3.4,thuc-thi,framework,tap-doan,,nguon-ben-ngoai|nguon-anh-anh-tudo|mo-hinh-grow|coaching-nhan-vien|giai-quyet-mau-thuan,cao,Quyết định A2-2: tầng 4 / chuyển node,g5
6ab69f96f3ad31ef11df0c38,"Chủ động nhận thêm việc dù chưa tăng lương: tích lũy tín nhiệm, kỹ năng quan trọng hơn lương ngắn hạn",nhan-su-quan-tri.lanh-dao-quan-ly-doi-ngu,lesson,nguon-ben-ngoai|anh-anh-tudo|chu-dong-trong-cong-viec|phat-trien-su-nghiep|tin-nhiem,4.3.3.3,Làm việc với sếp,,thuc-thi,lesson,tap-doan,,nguon-ben-ngoai|nguon-anh-anh-tudo|chu-dong-trong-cong-viec|phat-trien-su-nghiep|tin-nhiem,cao,Quyết định A2-2: tầng 4 / chuyển node,g5
6ab69fccf3ad31ef11df0c3f,"Sếp bất tài hay phông bạt: giữ tác phong chuyên nghiệp thay vì ""phục"" hay công kích, chờ thời gian trả lời",nhan-su-quan-tri.van-hoa-doanh-nghiep|nhan-su-quan-tri.lanh-dao-quan-ly-doi-ngu,lesson,nguon-ben-ngoai|anh-anh-tudo|quan-he-cong-so|van-hoa-doanh-nghiep,4.3.3.3,Làm việc với sếp,,thuc-thi,lesson,tap-doan,,nguon-ben-ngoai|nguon-anh-anh-tudo|quan-he-cong-so,cao,Quyết định A2-2: tầng 4 / chuyển node,g5
6ab69fedf3ad31ef11df0c44,"Ranh giới khi nhận việc ngoài phạm vi: đặt vấn đề quyền lợi ngay từ đầu, tránh trở thành ""thùng rác"" chung",nhan-su-quan-tri.lanh-dao-quan-ly-doi-ngu|nhan-su-quan-tri.van-hoa-doanh-nghiep,lesson,nguon-ben-ngoai|anh-anh-tudo|ranh-gioi-cong-viec|quyen-loi-nhan-vien|quan-ly-doi-ngu,4.3.3.3,Làm việc với sếp,,thuc-thi,lesson,tap-doan,,nguon-ben-ngoai|nguon-anh-anh-tudo|ranh-gioi-cong-viec|quyen-loi-nhan-vien,cao,Quyết định A2-2: tầng 4 / chuyển node,g5
6ab6a391f3ad31ef11df0c75,"Trả lời khéo khi sếp hỏi có định nhảy việc không, và ứng xử nhanh khi gặp lãnh đạo bất ngờ",nhan-su-quan-tri.lanh-dao-quan-ly-doi-ngu,lesson,nguon-ben-ngoai|goc-ghe-hang-a|ung-xu-cong-so|giao-tiep-voi-lanh-dao|giu-nhan-vien,4.3.3.3,Làm việc với sếp,,thuc-thi,lesson,tap-doan,,nguon-ben-ngoai|nguon-goc-ghe-hang-a|ung-xu-cong-so|giao-tiep-voi-lanh-dao,cao,Quyết định A2-2: tầng 4 / chuyển node,g5
6ab4bbd2b1c921b0a784dc83,Promote from within ngay khi công ty còn nhỏ: nói rõ lộ trình từ buổi phỏng vấn và coi nhân viên sales là khách hàng nội bộ,nhan-su-quan-tri.dao-tao-phat-trien|nhan-su-quan-tri.tuyen-dung,framework,lo-trinh-thang-tien|promote-from-within|giu-chan-nhan-su|nguon-ben-ngoai|do-xuan-tung,4.3.4,Kèm cặp & phát triển kế thừa,4.1.3|5.4.6,thiet-ke,framework,tap-doan,qt.nhan-su.d,nguon-ben-ngoai|nguon-do-xuan-tung|lo-trinh-thang-tien|promote-from-within|giu-chan-nhan-su,cao,,g6
6ab69d0af3ad31ef11df0bc3,"Đào tạo người kế nhiệm không phải ""vẽ đường cho hươu chạy"" mà là điều kiện để chính mình được thăng tiến",nhan-su-quan-tri.dao-tao-phat-trien|nhan-su-quan-tri.lanh-dao-quan-ly-doi-ngu|nhan-su-quan-tri.van-hoa-doanh-nghiep,lesson,nguon-ben-ngoai|anh-anh-tudo|dao-tao-ke-nhiem|thang-tien-su-nghiep|chia-se-kien-thuc,4.3.4,Kèm cặp & phát triển kế thừa,4.3.3,thuc-thi,lesson,tap-doan,,nguon-ben-ngoai|nguon-anh-anh-tudo|dao-tao-ke-nhiem|thang-tien-su-nghiep|chia-se-kien-thuc,cao,,g6
6ab4ba39b1c921b0a784dc1e,"Tăng lương sales theo luật công khai gắn KPI: tránh bậc thang doanh số tự chọn, tránh thâm niên ""sống lâu lên lão làng"", tăng dần để giữ người",nhan-su-quan-tri.lanh-dao-quan-ly-doi-ngu|nhan-su-quan-tri.van-hoa-doanh-nghiep,lesson,co-che-luong|tang-luong|tham-nien|giu-chan-nhan-su|nguon-ben-ngoai|do-xuan-tung,4.4.1,Cơ chế lương & thang bảng lương,2.1.3,thiet-ke,lesson,tap-doan,qt.nhan-su.c,nguon-ben-ngoai|nguon-do-xuan-tung|co-che-luong|tang-luong|tham-nien|giu-chan-nhan-su,cao,,g5
6ab4badeb1c921b0a784dc47,"Xây lương khoán cho tổ kỹ thuật gara: quỹ lương theo % doanh thu tổ, định biên từ quỹ, chia phần vượt theo tỷ lệ",nhan-su-quan-tri.lanh-dao-quan-ly-doi-ngu|nganh-o-to.dich-vu-garage|nhan-su-quan-tri.tuyen-dung,framework,luong-khoan|quy-luong|dinh-bien-nhan-su|nguon-ben-ngoai|goc-gara,4.4.1,Cơ chế lương & thang bảng lương,4.4.3|0.3.3,thiet-ke,framework,vcservice,qt.nhan-su.c,nguon-ben-ngoai|nguon-goc-gara|luong-khoan|quy-luong|dinh-bien-nhan-su,cao,,g5
6ab4bb06b1c921b0a784dc52,"Triển khai lương khoán cần chuẩn bị đồng bộ: đủ khách, quy trình chặt, cơ chế cho vị trí gián tiếp, trao quyền trưởng bộ phận",nhan-su-quan-tri.lanh-dao-quan-ly-doi-ngu|nganh-o-to.dich-vu-garage,lesson,luong-khoan|trao-quyen|tang-luong|quan-tri-bang-co-che|nguon-ben-ngoai|goc-gara,4.4.1,Cơ chế lương & thang bảng lương,0.3.1,thiet-ke,lesson,vcservice,qt.nhan-su.c,nguon-ben-ngoai|nguon-goc-gara|luong-khoan|trao-quyen|tang-luong|quan-tri-bang-co-che,cao,,g5
6ab4bb3cb1c921b0a784dc5d,Thang thu nhập thợ gara theo mảng và mức làm được độc lập; thợ giỏi nhảy việc chủ yếu vì thu nhập không tương xứng và không có đường thăng tiến,nhan-su-quan-tri.lanh-dao-quan-ly-doi-ngu|nganh-o-to.huong-nghiep-nganh-o-to|nhan-su-quan-tri.tuyen-dung,insight,thang-luong|luong-tho|luong-khoan|nhay-viec|nguon-ben-ngoai|goc-gara,4.4.1,Cơ chế lương & thang bảng lương,0.4.3,thiet-ke,insight,vcservice,qt.nhan-su.c,nguon-ben-ngoai|nguon-goc-gara|thang-luong|luong-tho|luong-khoan|nhay-viec,cao,,g5
6ab68d04f3ad31ef11df09d1,Xây quy chế lương theo 6 bước để chi phí lương không bị loại khi quyết toán thuế TNDN,ke-toan.thue|ke-toan.ke-toan-quan-tri,framework,nguon-ben-ngoai|chi-gai-ke-toan|quy-che-luong|chi-phi-duoc-tru|ke-toan-quan-tri,4.4.1,Cơ chế lương & thang bảng lương,3.6.3,thiet-ke,framework,tap-doan,,nguon-ben-ngoai|nguon-chi-gai-ke-toan|quy-che-luong|chi-phi-duoc-tru,cao,,g4
6ab68e62f3ad31ef11df0a11,Khung 4 nhóm khoản thu nhập để thiết kế cơ chế lương tối ưu bảo hiểm hợp pháp,ke-toan.thue|nhan-su-quan-tri.lanh-dao-quan-ly-doi-ngu,framework,nguon-ben-ngoai|co-chinh-qttc|bao-hiem-xa-hoi|co-che-luong|luong-khoan,4.4.1,Cơ chế lương & thang bảng lương,4.6.2,thiet-ke,framework,tap-doan,,nguon-ben-ngoai|nguon-co-chinh-qttc|bao-hiem-xa-hoi|co-che-luong|luong-khoan,cao,,g4
6ab691a9f3ad31ef11df0a7f,"Cơ chế lương phải trả lời 3 câu hỏi tài chính: giữ ai, thưởng gì, quỹ lương chịu được không",nhan-su-quan-tri.lanh-dao-quan-ly-doi-ngu|tai-chinh.quan-tri-dong-tien,framework,nguon-ben-ngoai|co-chinh-qttc|quy-luong|co-che-luong|bao-hiem-xa-hoi,4.4.1,Cơ chế lương & thang bảng lương,4.4.3,thiet-ke,framework,tap-doan,qt.nhan-su.c,nguon-ben-ngoai|nguon-co-chinh-qttc|quy-luong|co-che-luong|bao-hiem-xa-hoi,cao,,g5
6ab691b1f3ad31ef11df0a80,"NĐ 283/2026: phải công khai thang bảng lương, quy chế thưởng trước khi áp dụng, phạt 10-20 triệu nếu thiếu",nhan-su-quan-tri.lanh-dao-quan-ly-doi-ngu,regulation,nguon-ben-ngoai|co-chinh-qttc|nghi-dinh-283-2026|thang-bang-luong|quy-che-thuong|xu-phat-lao-dong,4.4.1,Cơ chế lương & thang bảng lương,4.6.1,thuc-thi,regulation,tap-doan,,nguon-ben-ngoai|nguon-co-chinh-qttc|nghi-dinh-283-2026|thang-bang-luong|quy-che-thuong|xu-phat-lao-dong,cao,,g5
6ab691eef3ad31ef11df0a85,"Hệ số lương chấm theo vị trí (tầng giá trị A-F), bậc lương chấm theo con người (12 bậc)",nhan-su-quan-tri.lanh-dao-quan-ly-doi-ngu,framework,nguon-ben-ngoai|co-chinh-qttc|he-so-luong|bac-luong|co-che-luong,4.4.1,Cơ chế lương & thang bảng lương,4.1.3,thiet-ke,framework,tap-doan,qt.nhan-su.c,nguon-ben-ngoai|nguon-co-chinh-qttc|he-so-luong|bac-luong|co-che-luong,cao,,g5
6ab69248f3ad31ef11df0a98,5 chiều cần cân khi chốt lương và cách xử lý chênh lệch lương người mới cao hơn người cũ,nhan-su-quan-tri.lanh-dao-quan-ly-doi-ngu,framework,nguon-ben-ngoai|co-chinh-qttc|co-che-luong|quy-luong|dong-tien,4.4.1,Cơ chế lương & thang bảng lương,,thiet-ke,framework,tap-doan,qt.nhan-su.c,nguon-ben-ngoai|nguon-co-chinh-qttc|co-che-luong|quy-luong|dong-tien,cao,,g5
6ab69285f3ad31ef11df0aa5,"Trả lương theo cảm tính, không nguyên tắc mới là nguyên nhân mất người, không phải trả lương thấp",nhan-su-quan-tri.lanh-dao-quan-ly-doi-ngu,insight,nguon-ben-ngoai|co-chinh-qttc|co-che-luong|dong-luc-nhan-vien,4.4.1,Cơ chế lương & thang bảng lương,5.4.3,dieu-hanh,insight,tap-doan,qt.nhan-su.c,nguon-ben-ngoai|nguon-co-chinh-qttc|co-che-luong|dong-luc,cao,,g5
6ab692d4f3ad31ef11df0ab5,"Rà soát bảng lương cũ theo 5 điểm trước khi xây cơ chế lương mới, không xóa bỏ hoàn toàn",nhan-su-quan-tri.lanh-dao-quan-ly-doi-ngu,framework,nguon-ben-ngoai|co-chinh-qttc|co-che-luong|bao-hiem-xa-hoi|quy-luong,4.4.1,Cơ chế lương & thang bảng lương,,thiet-ke,checklist,tap-doan,qt.nhan-su.c,nguon-ben-ngoai|nguon-co-chinh-qttc|co-che-luong|bao-hiem-xa-hoi|quy-luong,cao,Đổi type framework → checklist vì là 5 điểm rà soát trước khi xây cơ chế lương.,g5
6ab69313f3ad31ef11df0ac0,"Lương khoán tạo động lực nhưng phải test luật cân bằng trước khi chạy thật, tránh vỡ quỹ",nhan-su-quan-tri.lanh-dao-quan-ly-doi-ngu,framework,nguon-ben-ngoai|co-chinh-qttc|luong-khoan|co-che-luong|quy-luong,4.4.1,Cơ chế lương & thang bảng lương,4.4.3,thiet-ke,framework,tap-doan,qt.nhan-su.c,nguon-ben-ngoai|nguon-co-chinh-qttc|luong-khoan|co-che-luong|quy-luong,cao,,g5
6ab69412f3ad31ef11df0aff,Phân biệt bảng lương và cơ chế lương: có bảng lương đầy đủ cột không có nghĩa là đã có hệ thống trả lương đúng,nhan-su-quan-tri.lanh-dao-quan-ly-doi-ngu,concept,nguon-ben-ngoai|co-chinh-qttc|co-che-luong|bang-luong|ke-toan-quan-tri,4.4.1,Cơ chế lương & thang bảng lương,4.4.4,nhap-mon,concept,tap-doan,qt.nhan-su.c,nguon-ben-ngoai|nguon-co-chinh-qttc|co-che-luong|bang-luong,cao,,g5
6ab6946bf3ad31ef11df0b13,Giám đốc không được đứng ngoài cơ chế lương: giao hết cho nhân sự/kế toán khiến quỹ lương phình mà không rõ hiệu quả,nhan-su-quan-tri.lanh-dao-quan-ly-doi-ngu,lesson,nguon-ben-ngoai|co-chinh-qttc|co-che-luong|quan-tri-nhan-su|quy-luong,4.4.1,Cơ chế lương & thang bảng lương,4.4.3,dieu-hanh,lesson,tap-doan,qt.nhan-su.c,nguon-ben-ngoai|nguon-co-chinh-qttc|co-che-luong|quan-tri-nhan-su|quy-luong,cao,,g5
6ab694cbf3ad31ef11df0b25,"Cơ chế lương phải làm được 3 việc cùng lúc: hợp pháp, kiểm soát quỹ lương, kéo hiệu suất lên",nhan-su-quan-tri.lanh-dao-quan-ly-doi-ngu|ke-toan.thue|ke-toan.ke-toan-quan-tri,framework,nguon-ben-ngoai|co-chinh-qttc|co-che-luong|nghi-dinh-158-2025|bao-hiem-xa-hoi|ke-toan-quan-tri,4.4.1,Cơ chế lương & thang bảng lương,4.4.3|4.6.2,thiet-ke,framework,tap-doan,qt.nhan-su.c,nguon-ben-ngoai|nguon-co-chinh-qttc|co-che-luong|nghi-dinh-158-2025|bao-hiem-xa-hoi,cao,,g5
6ab69527f3ad31ef11df0b2b,"Trả tiền theo bản chất, không theo tên gọi: cách phân loại đúng lương chức danh, phụ cấp, khoán công vụ, phúc lợi, thưởng",nhan-su-quan-tri.lanh-dao-quan-ly-doi-ngu|ke-toan.ke-toan-quan-tri,concept,nguon-ben-ngoai|co-chinh-qttc|co-che-luong|phu-cap|khoan-cong-vu|ke-toan-quan-tri,4.4.1,Cơ chế lương & thang bảng lương,4.4.4,thiet-ke,concept,tap-doan,qt.nhan-su.c,nguon-ben-ngoai|nguon-co-chinh-qttc|co-che-luong|phu-cap|khoan-cong-vu,cao,,g5
6ab69f00f3ad31ef11df0c22,"Trả lương theo giá trị lao động thực tạo ra, và quyền lợi phải đi cùng quyền hạn theo đúng cấp bậc",nhan-su-quan-tri.lanh-dao-quan-ly-doi-ngu,framework,nguon-ben-ngoai|tran-manh-hung|tra-luong-theo-gia-tri|quyen-han-quyen-loi|dai-ngo-nhan-su,4.4.1,Cơ chế lương & thang bảng lương,,thiet-ke,framework,tap-doan,qt.nhan-su.c,nguon-ben-ngoai|nguon-tran-manh-hung|tra-luong-theo-gia-tri|quyen-han-quyen-loi|dai-ngo-nhan-su,cao,,g5
6ab701e1f3ad31ef11df0e2d,"Cơ cấu lương nhân viên livestream: lương theo giờ + hoa hồng theo đơn + thưởng hiệu suất, gắn mã livestream để tính doanh số chính xác",nhan-su-quan-tri.tuyen-dung|nhan-su-quan-tri.lanh-dao-quan-ly-doi-ngu,framework,nguon-ben-ngoai|the-hoang-work|luong-nhan-vien|livestream|van-hanh-san-tmdt,4.4.1,Cơ chế lương & thang bảng lương,2.5.5,thiet-ke,framework,vcpart,qt.nhan-su.c,nguon-ben-ngoai|nguon-the-hoang-work|luong-nhan-vien|livestream|van-hanh-san-tmdt,cao,,g6
6ab73d1fb43e7b02a2eab66a,"Cơ cấu lương cứng-thưởng khác nhau cho sales và marketing: thưởng cao hơn cứng cho sales, cứng cao hơn thưởng cho marketing",nhan-su-quan-tri.lanh-dao-quan-ly-doi-ngu,framework,nguon-ben-ngoai|tran-manh-hung|luong-thuong|co-cau-luong|danh-gia-nhan-su,4.4.1,Cơ chế lương & thang bảng lương,,thiet-ke,framework,tap-doan,qt.nhan-su.c,nguon-ben-ngoai|nguon-tran-manh-hung|luong-thuong|co-cau-luong|danh-gia-nhan-su,cao,,g5
6ab4bb52b1c921b0a784dc64,"Hoa hồng % không giới hạn gây mất cân bằng nội bộ: giữ tỷ lệ ở mức trung bình thị trường, tăng thu nhập qua lộ trình thăng chức",nhan-su-quan-tri.lanh-dao-quan-ly-doi-ngu|nhan-su-quan-tri.van-hoa-doanh-nghiep,case_study,hoa-hong|co-che-luong|cong-bang-noi-bo|lo-trinh-thang-tien|nguon-ben-ngoai|do-xuan-tung,4.4.2,"Thưởng, hoa hồng & phúc lợi",2.1.3,thiet-ke,case_study,tap-doan,qt.nhan-su.c,nguon-ben-ngoai|nguon-do-xuan-tung|hoa-hong|co-che-luong|cong-bang-noi-bo|lo-trinh-thang-tien,cao,,g5
6ab4bb92b1c921b0a784dc71,"Quyền lợi đi đôi trách nhiệm: việc ngoài phạm vi của thợ (báo giá, lái thử, đào tạo) phải có phụ cấp riêng mới được giao và mới được phạt",nhan-su-quan-tri.lanh-dao-quan-ly-doi-ngu|nhan-su-quan-tri.dao-tao-phat-trien|nganh-o-to.dich-vu-garage,framework,phu-cap|phu-cap-dao-tao|to-truong|thuong-phat|nguon-ben-ngoai|goc-gara,4.4.2,"Thưởng, hoa hồng & phúc lợi",0.3.3,thiet-ke,framework,vcservice,qt.nhan-su.c,nguon-ben-ngoai|nguon-goc-gara|phu-cap|phu-cap-dao-tao|to-truong|thuong-phat,cao,,g5
6ab4bbafb1c921b0a784dc7a,"Thưởng Tết công bằng cho gara: thu nhập bình quân tháng nhân tỷ lệ theo kết quả kinh doanh, trích lập quỹ hàng tháng",nhan-su-quan-tri.lanh-dao-quan-ly-doi-ngu|tai-chinh.quan-tri-dong-tien|ke-toan.ke-toan-quan-tri,framework,thuong-tet|quy-thuong|chinh-sach-dai-ngo|nguon-ben-ngoai|goc-gara,4.4.2,"Thưởng, hoa hồng & phúc lợi",3.2.1,thiet-ke,framework,vcservice,qt.nhan-su.c,nguon-ben-ngoai|nguon-goc-gara|thuong-tet|quy-thuong|chinh-sach-dai-ngo,cao,,g5
6ab693fef3ad31ef11df0afb,"Lương tháng 13: không bắt buộc theo luật, vẫn tính thuế TNCN nhưng không tính đóng BHXH",ke-toan.ke-toan-quan-tri,regulation,nguon-ben-ngoai|co-chinh-qttc|luong-thang-13|thue-tncn|bao-hiem-xa-hoi,4.4.2,"Thưởng, hoa hồng & phúc lợi",3.6.4,thuc-thi,regulation,tap-doan,,nguon-ben-ngoai|nguon-co-chinh-qttc|luong-thang-13|thue-tncn|bao-hiem-xa-hoi,cao,Thực chất là thưởng/lương → 4.4.2.,g3
6ab69d1ef3ad31ef11df0bc6,Môi trường làm việc đẹp không cứu được doanh nghiệp chậm lương: xây đãi ngộ đồng đều nhiều bậc theo tháp Maslow,nhan-su-quan-tri.van-hoa-doanh-nghiep,insight,nguon-ben-ngoai|tran-manh-hung|moi-truong-lam-viec|dai-ngo-nhan-su|van-hoa-doanh-nghiep|giu-chan-nhan-su,4.4.2,"Thưởng, hoa hồng & phúc lợi",5.4.3,thiet-ke,insight,tap-doan,qt.nhan-su.c,nguon-ben-ngoai|nguon-tran-manh-hung|moi-truong-lam-viec|dai-ngo-nhan-su|giu-chan-nhan-su,cao,,g5
6ab4babab1c921b0a784dc3d,"Tính điểm hoà vốn nhân sự từ KPI trước khi tuyển sales hoặc nâng người lên quản lý, và soát tốc độ tăng quỹ lương so với doanh số, lợi nhuận mỗi năm",tai-chinh.ngan-sach-ke-hoach|nhan-su-quan-tri.tuyen-dung|ke-toan.ke-toan-quan-tri,framework,diem-hoa-von|quy-luong|kpi-sales|de-bat-quan-ly|nguon-ben-ngoai|do-xuan-tung,4.4.3,Quỹ lương & chi phí nhân sự,2.1.2,thiet-ke,framework,tap-doan,qt.nhan-su.a,nguon-ben-ngoai|nguon-do-xuan-tung|diem-hoa-von|quy-luong|kpi-sales|de-bat-quan-ly,cao,Thực chất là quỹ lương/định biên → 4.4.3; phương án tài chính: 3.1.1.,g3
6ab6936cf3ad31ef11df0ad4,Quy trình 10 ngày: từ mô hình tài chính đến quỹ lương và biểu giao việc hàng ngày,tai-chinh.ngan-sach-ke-hoach|nhan-su-quan-tri.lanh-dao-quan-ly-doi-ngu,framework,nguon-ben-ngoai|co-chinh-qttc|co-che-luong|ke-hoach-tai-chinh|bao-hiem-xa-hoi,4.4.3,Quỹ lương & chi phí nhân sự,3.1.1,thiet-ke,framework,tap-doan,,nguon-ben-ngoai|nguon-co-chinh-qttc|co-che-luong|ke-hoach-tai-chinh|bao-hiem-xa-hoi,cao,Trọng tâm là quỹ lương/cơ chế lương đi từ mô hình tài chính → 4.4.3; phương án giữ tài chính: 3.1.1.,g3
6ab693b3f3ad31ef11df0ae7,"Lương net và lương gross khác nhau ở đâu, và công ty có được nộp bảo hiểm thay người lao động không",ke-toan.ke-toan-quan-tri|ke-toan.thue,concept,nguon-ben-ngoai|chi-gai-ke-toan|luong-net-gross|bao-hiem-xa-hoi,4.4.4,Tính lương & bảng lương,4.6.2,nhap-mon,concept,tap-doan,,nguon-ben-ngoai|nguon-chi-gai-ke-toan|luong-net-gross|bao-hiem-xa-hoi,cao,Thực chất là tính lương → 4.4.4.,g3
6ab4ba10b1c921b0a784dc0e,"KPI và cơ chế lương phải được đồng thuận hai chiều, không áp từ trên xuống",nhan-su-quan-tri.lanh-dao-quan-ly-doi-ngu,lesson,kpi|dong-thuan|co-che-luong|nguon-ben-ngoai|do-xuan-tung,4.5.1,KPI cá nhân & thiết lập mục tiêu,4.4.1,van-hanh,lesson,tap-doan,qt.nhan-su.c,nguon-ben-ngoai|nguon-do-xuan-tung|kpi|dong-thuan|co-che-luong,cao,,g5
6ab4badfb1c921b0a784dc48,Đo năng lực lãnh đạo của quản lý sales bằng 2 chỉ số: người ở lại và người được thăng chức,nhan-su-quan-tri.lanh-dao-quan-ly-doi-ngu,framework,nang-luc-lanh-dao|danh-gia-quan-ly|ty-le-nghi-viec|ke-can|nguon-ben-ngoai|do-xuan-tung,4.5.1,KPI cá nhân & thiết lập mục tiêu,5.4.6,thiet-ke,kpi,tap-doan,qt.nhan-su.c,nguon-ben-ngoai|nguon-do-xuan-tung|nang-luc-lanh-dao|danh-gia-quan-ly|ty-le-nghi-viec|ke-can,cao,"Đổi type framework → kpi vì thẻ định nghĩa 2 chỉ số đo năng lực lãnh đạo (tỷ lệ ở lại so với trung bình công ty, số cấp dưới được thăng chức).",g5
6ab69d3bf3ad31ef11df0bcb,Vẫn nên thưởng một phần khi nhân viên hụt KPI vì lý do khách quan như nghỉ lễ,nhan-su-quan-tri.lanh-dao-quan-ly-doi-ngu,lesson,nguon-ben-ngoai|anh-anh-tudo|kpi|khen-thuong|quan-ly-doi-ngu,4.5.1,KPI cá nhân & thiết lập mục tiêu,4.4.2,van-hanh,lesson,tap-doan,qt.nhan-su.c,nguon-ben-ngoai|nguon-anh-anh-tudo|kpi|khen-thuong,cao,,g5
6ab69e92f3ad31ef11df0c0c,Phân biệt output và outcome: hoàn thành việc khác với tạo ra giá trị thực cho tập thể,nhan-su-quan-tri.lanh-dao-quan-ly-doi-ngu,concept,nguon-ben-ngoai|anh-anh-tudo|output-outcome|do-luong-hieu-qua,4.5.1,KPI cá nhân & thiết lập mục tiêu,4.3.3,nhap-mon,concept,tap-doan,,nguon-ben-ngoai|nguon-anh-anh-tudo|output-outcome|do-luong-hieu-qua,cao,,g5
6ab73080e8a762a4385a5363,"Đánh giá nhân sự theo kết quả tạo giá trị thực, không theo việc biết dùng AI hay tốc độ làm việc",cong-nghe-chuyen-doi-so.ai-tu-dong-hoa|nhan-su-quan-tri.lanh-dao-quan-ly-doi-ngu,insight,nguon-ben-ngoai|origin-ai-agent|ai-agent|danh-gia-hieu-suat|dai-ngo,4.5.1,KPI cá nhân & thiết lập mục tiêu,5.7.3|4.4.2,dieu-hanh,insight,tap-doan,qt.nhan-su.c,nguon-ben-ngoai|nguon-origin-ai-agent|ai-agent|danh-gia-hieu-suat|dai-ngo,thap,Thực chất về đánh giá hiệu suất trong thời AI; có thể giữ 5.7.3 theo map mặc định,g4
6ab4bb09b1c921b0a784dc54,"Đánh giá quản lý sales theo cách làm và bối cảnh, không chỉ theo doanh thu: đạt chỉ tiêu vẫn có thể bị chấn chỉnh, hụt vẫn có thể được thưởng",nhan-su-quan-tri.lanh-dao-quan-ly-doi-ngu,framework,danh-gia-quan-ly|luong-thuong|chi-tieu-doanh-so|nguon-ben-ngoai|do-xuan-tung,4.5.2,Đánh giá định kỳ & phản hồi,5.4.4,dieu-hanh,framework,vcpart,qt.nhan-su.c,nguon-ben-ngoai|nguon-do-xuan-tung|danh-gia-quan-ly|luong-thuong|chi-tieu-doanh-so,cao,,g5
6ab69ee6f3ad31ef11df0c1a,"Hiệu suất không đo bằng giờ ở lại muộn: bận rộn nhiều khi là dấu hiệu quản lý công việc kém, không phải chăm chỉ",nhan-su-quan-tri.lanh-dao-quan-ly-doi-ngu,insight,nguon-ben-ngoai|anh-anh-tudo|hieu-suat-lam-viec|do-luong-hieu-qua|quan-ly-thoi-gian,4.5.2,Đánh giá định kỳ & phản hồi,4.3.3,van-hanh,insight,tap-doan,,nguon-ben-ngoai|nguon-anh-anh-tudo|hieu-suat-lam-viec|do-luong-hieu-qua|quan-ly-thoi-gian,thap,Nằm giữa đánh giá hiệu suất (4.5.2) và kỹ năng quản lý thời gian cá nhân (4.3.3).,g5
6ab6a020f3ad31ef11df0c47,"Cho cả team nghỉ 1 tuần có lương để tự nhìn lại: doanh nghiệp đo hiệu suất bằng kết quả, không phải sự cố gắng",nhan-su-quan-tri.lanh-dao-quan-ly-doi-ngu,case_study,nguon-ben-ngoai|anh-anh-tudo|do-luong-hieu-qua|van-hoa-cong-bang|ky-luat-nhan-su,4.5.3,Xử lý hiệu suất kém,5.4.2,dieu-hanh,case_study,tap-doan,qt.nhan-su.c,nguon-ben-ngoai|nguon-anh-anh-tudo|do-luong-hieu-qua|van-hoa-cong-bang|ky-luat-nhan-su,cao,,g5
6ab4bb8fb1c921b0a784dc70,"Cho thợ làm thêm ngoài giờ với 3 điều kiện: đủ nghỉ ngơi, không làm trong giờ gara, tuyệt đối không lấy khách của gara",nhan-su-quan-tri.lanh-dao-quan-ly-doi-ngu|nganh-o-to.dich-vu-garage,framework,giu-chan-tho|lam-them|noi-quy|nguon-ben-ngoai|goc-gara,4.6.1,HĐLĐ & nội quy,0.3.3,thiet-ke,framework,vcservice,,nguon-ben-ngoai|nguon-goc-gara|giu-chan-tho|lam-them|noi-quy,cao,,g5
6ab6903ff3ad31ef11df0a69,Hợp đồng dịch vụ chỉ hợp lệ khi mua kết quả — quản lý như nhân viên thì vẫn là hợp đồng lao động,ke-toan.thue|nhan-su-quan-tri.lanh-dao-quan-ly-doi-ngu,concept,nguon-ben-ngoai|co-chinh-qttc|hop-dong-dich-vu|bao-hiem-xa-hoi|chi-phi-duoc-tru,4.6.1,HĐLĐ & nội quy,4.6.2|3.6.3,dieu-hanh,concept,tap-doan,,nguon-ben-ngoai|nguon-co-chinh-qttc|hop-dong-dich-vu|bao-hiem-xa-hoi|chi-phi-duoc-tru,cao,,g4
6ab69205f3ad31ef11df0a8b,"NĐ 283/2026: rà 6 nhóm hồ sơ lao động (tuyển dụng, HĐLĐ, lương, nội quy, giờ làm, BHXH) để tránh bị phạt",nhan-su-quan-tri.lanh-dao-quan-ly-doi-ngu,regulation,nguon-ben-ngoai|co-chinh-qttc|nghi-dinh-283-2026|ho-so-lao-dong|bao-hiem-xa-hoi|xu-phat-lao-dong,4.6.1,HĐLĐ & nội quy,4.6.2,thuc-thi,regulation,tap-doan,,nguon-ben-ngoai|nguon-co-chinh-qttc|nghi-dinh-283-2026|ho-so-lao-dong|bao-hiem-xa-hoi|xu-phat-lao-dong,cao,,g5
6ab69258f3ad31ef11df0a9e,"NĐ 283/2026: các mức phạt vi phạm lao động mới từ 10/9/2026 (HĐLĐ, nghỉ phép, nội quy, trả lương, sổ lao động)",nhan-su-quan-tri.lanh-dao-quan-ly-doi-ngu,regulation,nguon-ben-ngoai|co-chinh-qttc|nghi-dinh-283-2026|xu-phat-lao-dong|hop-dong-lao-dong|luong-toi-thieu-vung,4.6.1,HĐLĐ & nội quy,4.6.5|4.6.3,thuc-thi,regulation,tap-doan,,nguon-ben-ngoai|nguon-co-chinh-qttc|nghi-dinh-283-2026|xu-phat-lao-dong|hop-dong-lao-dong|luong-toi-thieu-vung,cao,,g5
6ab692aef3ad31ef11df0aad,Nghị định 337/2025 công nhận hợp đồng lao động điện tử và mức phạt tới 70 triệu khi vi phạm hợp đồng người giúp việc gia đình,phap-ly.hop-dong|phap-ly.quy-dinh-nganh,regulation,nguon-ben-ngoai|chi-gai-ke-toan|hop-dong-lao-dong|hop-dong-dien-tu,4.6.1,HĐLĐ & nội quy,,nhap-mon,regulation,tap-doan,,nguon-ben-ngoai|nguon-chi-gai-ke-toan|hop-dong-lao-dong|hop-dong-dien-tu,cao,,g4
6ab69328f3ad31ef11df0ac6,"Hợp đồng lao động hết hạn nhưng NLĐ vẫn đi làm: mốc 30 ngày phải ký lại, kèm rủi ro chấm dứt trái luật và HĐLĐ điện tử",nhan-su-quan-tri.lanh-dao-quan-ly-doi-ngu|phap-ly.hop-dong,regulation,nguon-ben-ngoai|co-chinh-qttc|nghi-dinh-283-2026|hop-dong-lao-dong|hop-dong-dien-tu|cham-dut-hop-dong,4.6.1,HĐLĐ & nội quy,4.6.4,thuc-thi,regulation,tap-doan,,nguon-ben-ngoai|nguon-co-chinh-qttc|nghi-dinh-283-2026|hop-dong-lao-dong|hop-dong-dien-tu|cham-dut-hop-dong,cao,,g5
6ab693c1f3ad31ef11df0aeb,"Điều chuyển lao động tạm thời: tối đa 60 ngày/năm, giữ lương 30 ngày đầu — phân biệt với lương ngừng việc và tiền hỗ trợ",nhan-su-quan-tri.lanh-dao-quan-ly-doi-ngu,regulation,nguon-ben-ngoai|co-chinh-qttc|nghi-dinh-283-2026|dieu-chuyen-lao-dong|luong-ngung-viec|chi-phi-duoc-tru,4.6.1,HĐLĐ & nội quy,4.4.4,thuc-thi,regulation,tap-doan,,nguon-ben-ngoai|nguon-co-chinh-qttc|nghi-dinh-283-2026|dieu-chuyen-lao-dong|luong-ngung-viec|chi-phi-duoc-tru,cao,,g5
6ab69eedf3ad31ef11df0c1c,Không hiểu luật BHXH thì mất quyền lợi; vi phạm thoả thuận bảo mật/không cạnh tranh thì mất uy tín nghề nghiệp,phap-ly.hop-dong|nhan-su-quan-tri.lanh-dao-quan-ly-doi-ngu,regulation,nguon-ben-ngoai|anh-anh-tudo|bao-hiem-xa-hoi|thoa-thuan-bao-mat|khong-canh-tranh,4.6.1,HĐLĐ & nội quy,4.6.2|4.3.3,nhap-mon,regulation,tap-doan,,nguon-ben-ngoai|nguon-anh-anh-tudo|bao-hiem-xa-hoi|thoa-thuan-bao-mat|khong-canh-tranh,thap,"Thẻ gộp 2 video rời (BHXH và thoả thuận bảo mật); có thể 4.6.2 hoặc 4.3.3, cân nhắc tách thẻ",g4
6ab68d5cf3ad31ef11df09e1,"Căn cứ đóng BHXH: khoản trả thường xuyên ổn định vẫn phải tính, dù đặt tên là phụ cấp hay hỗ trợ",nhan-su-quan-tri.lanh-dao-quan-ly-doi-ngu|ke-toan.thue,regulation,nguon-ben-ngoai|co-chinh-qttc|bao-hiem-xa-hoi|co-che-luong|can-cu-dong-bhxh,4.6.2,"BHXH, BHYT, BHTN",4.4.1,thuc-thi,regulation,tap-doan,qt.nhan-su.c,nguon-ben-ngoai|nguon-co-chinh-qttc|bao-hiem-xa-hoi|co-che-luong|can-cu-dong-bhxh,cao,,g5
6ab68dadf3ad31ef11df09f0,Tách lương thành nhiều tên gọi mà vẫn trả cố định đều mỗi tháng thì vẫn bị truy thu BHXH,nhan-su-quan-tri.lanh-dao-quan-ly-doi-ngu,insight,nguon-ben-ngoai|co-chinh-qttc|bao-hiem-xa-hoi|co-che-luong|truy-thu-bhxh,4.6.2,"BHXH, BHYT, BHTN",4.4.1,thiet-ke,insight,tap-doan,qt.nhan-su.c,nguon-ben-ngoai|nguon-co-chinh-qttc|bao-hiem-xa-hoi|co-che-luong|truy-thu-bhxh,cao,,g5
6ab68e02f3ad31ef11df09fd,"Khai lương thấp hơn thực tế để giảm BHXH bị coi là trốn đóng, kèm phạt tiền và mất chi phí được trừ",ke-toan.thue|nhan-su-quan-tri.lanh-dao-quan-ly-doi-ngu,regulation,nguon-ben-ngoai|co-chinh-qttc|bao-hiem-xa-hoi|tron-dong-bhxh|co-che-luong,4.6.2,"BHXH, BHYT, BHTN",4.4.1|3.6.3,dieu-hanh,regulation,tap-doan,,nguon-ben-ngoai|nguon-co-chinh-qttc|bao-hiem-xa-hoi|tron-dong-bhxh|co-che-luong,cao,,g4
6ab68ec9f3ad31ef11df0a27,"Đối tượng bắt buộc đóng BHXH: xác định theo bản chất quan hệ lao động, không theo tên hợp đồng hay chức danh",nhan-su-quan-tri.lanh-dao-quan-ly-doi-ngu|ke-toan.thue,regulation,nguon-ben-ngoai|co-chinh-qttc|bao-hiem-xa-hoi|doi-tuong-dong-bhxh|hop-dong-lao-dong,4.6.2,"BHXH, BHYT, BHTN",4.6.1,thuc-thi,regulation,tap-doan,,nguon-ben-ngoai|nguon-co-chinh-qttc|bao-hiem-xa-hoi|doi-tuong-dong-bhxh|hop-dong-lao-dong,cao,,g5
6ab68f28f3ad31ef11df0a3a,Thuê lao động cao tuổi/hưu trí: không đóng BHXH nhưng vẫn phải trả thêm khoản tương đương vào lương,nhan-su-quan-tri.lanh-dao-quan-ly-doi-ngu|ke-toan.thue,regulation,nguon-ben-ngoai|co-chinh-qttc|bao-hiem-xa-hoi|lao-dong-cao-tuoi|luong-huu,4.6.2,"BHXH, BHYT, BHTN",,thuc-thi,regulation,tap-doan,,nguon-ben-ngoai|nguon-co-chinh-qttc|bao-hiem-xa-hoi|lao-dong-cao-tuoi|luong-huu,cao,,g5
6ab68fa0f3ad31ef11df0a4f,"Lao động làm 2 công ty: công ty thứ hai không đóng trùng BHXH nhưng vẫn phải trả thêm 21% và đóng riêng 0,5% TNLĐ-BNN",nhan-su-quan-tri.lanh-dao-quan-ly-doi-ngu|ke-toan.thue,regulation,nguon-ben-ngoai|co-chinh-qttc|bao-hiem-xa-hoi|hop-dong-nhieu-noi|tai-nan-lao-dong,4.6.2,"BHXH, BHYT, BHTN",,thuc-thi,regulation,tap-doan,,nguon-ben-ngoai|nguon-co-chinh-qttc|bao-hiem-xa-hoi|hop-dong-nhieu-noi|tai-nan-lao-dong,cao,,g5
6ab68ff7f3ad31ef11df0a5e,"Trả thêm khoản tương đương BHXH cho lao động không thuộc diện bắt buộc: nghĩa vụ cũ, mức phạt mới từ 10/9/2026",nhan-su-quan-tri.lanh-dao-quan-ly-doi-ngu|ke-toan.thue,regulation,nguon-ben-ngoai|co-chinh-qttc|bao-hiem-xa-hoi|lao-dong-thoi-vu|nghi-dinh-283-2026,4.6.2,"BHXH, BHYT, BHTN",4.4.4,thuc-thi,regulation,tap-doan,,nguon-ben-ngoai|nguon-co-chinh-qttc|bao-hiem-xa-hoi|lao-dong-thoi-vu|nghi-dinh-283-2026,cao,,g5
6ab6908df3ad31ef11df0a70,"Hà Nội siết BHXH bằng dữ liệu liên ngành (Quy chế 3036): 8 cơ quan đối chiếu dữ liệu lao động, lương, thuế",nhan-su-quan-tri.lanh-dao-quan-ly-doi-ngu|ke-toan.thue,regulation,nguon-ben-ngoai|co-chinh-qttc|bao-hiem-xa-hoi|ha-noi|quy-che-3036,4.6.2,"BHXH, BHYT, BHTN",3.6.7,dieu-hanh,regulation,tap-doan,,nguon-ben-ngoai|nguon-co-chinh-qttc|bao-hiem-xa-hoi|ha-noi|quy-che-3036,cao,,g5
6ab690caf3ad31ef11df0a76,"Nghị định 105/2026: kinh phí công đoàn 2% quỹ lương là nghĩa vụ doanh nghiệp, không được trừ vào lương người lao động",ke-toan.thue|nhan-su-quan-tri.lanh-dao-quan-ly-doi-ngu,regulation,nguon-ben-ngoai|co-chinh-qttc|kinh-phi-cong-doan|nghi-dinh-105-2026|bao-hiem-xa-hoi,4.6.2,"BHXH, BHYT, BHTN",4.4.3,thuc-thi,regulation,tap-doan,,nguon-ben-ngoai|nguon-co-chinh-qttc|kinh-phi-cong-doan|nghi-dinh-105-2026|bao-hiem-xa-hoi,thap,Kinh phí công đoàn không phải BHXH; có thể 4.4.3 (quỹ lương & chi phí nhân sự),g4
6ab69294f3ad31ef11df0aa9,Mức hưởng trợ cấp thất nghiệp 60% lương BHTN và 5 trường hợp được rút BHXH một lần theo Luật BHXH 2024,phap-ly.quy-dinh-nganh,regulation,nguon-ben-ngoai|chi-gai-ke-toan|bao-hiem-xa-hoi|tro-cap-that-nghiep,4.6.2,"BHXH, BHYT, BHTN",4.6.4,nhap-mon,regulation,tap-doan,,nguon-ben-ngoai|nguon-chi-gai-ke-toan|bao-hiem-xa-hoi|tro-cap-that-nghiep,cao,,g4
6ab6932df3ad31ef11df0ac8,"Chủ hộ kinh doanh bắt buộc đóng BHXH, BHYT từ 1/7/2025 theo lộ trình 3 giai đoạn",ke-toan.thue,regulation,nguon-ben-ngoai|chi-gai-ke-toan|bao-hiem-xa-hoi|ho-kinh-doanh|bao-hiem-y-te,4.6.2,"BHXH, BHYT, BHTN",3.6.6,nhap-mon,regulation,tap-doan,,nguon-ben-ngoai|nguon-chi-gai-ke-toan|bao-hiem-xa-hoi|ho-kinh-doanh|bao-hiem-y-te,cao,,g4
6ab69364f3ad31ef11df0ad3,"Kinh phí công đoàn 2026: đối tượng, mức đóng 2%/0,5%, thời hạn và mức phạt chậm nộp",ke-toan.thue,regulation,nguon-ben-ngoai|chi-gai-ke-toan|kinh-phi-cong-doan|ho-kinh-doanh|bao-hiem-xa-hoi,4.6.2,"BHXH, BHYT, BHTN",4.4.3,thuc-thi,regulation,tap-doan,,nguon-ben-ngoai|nguon-chi-gai-ke-toan|kinh-phi-cong-doan|ho-kinh-doanh|bao-hiem-xa-hoi,thap,Kinh phí công đoàn không phải BHXH; có thể 4.4.3 (quỹ lương & chi phí nhân sự),g4
6ab69413f3ad31ef11df0b00,Mức sàn và trần đóng BHXH bắt buộc: theo lương tối thiểu vùng và 20 lần lương cơ sở,ke-toan.ke-toan-quan-tri,regulation,nguon-ben-ngoai|chi-gai-ke-toan|bao-hiem-xa-hoi|luong-toi-thieu-vung|ke-toan-tien-luong,4.6.2,"BHXH, BHYT, BHTN",4.4.4,thuc-thi,regulation,tap-doan,,nguon-ben-ngoai|nguon-chi-gai-ke-toan|bao-hiem-xa-hoi|luong-toi-thieu-vung|ke-toan-tien-luong,cao,Thực chất là BHXH → mảng 4.,g3
6ab69460f3ad31ef11df0b0f,"Hơn 10 khoản phụ cấp, phúc lợi được miễn đóng BHXH theo Thông tư 10/2020",ke-toan.ke-toan-quan-tri|ke-toan.thue,regulation,nguon-ben-ngoai|chi-gai-ke-toan|bao-hiem-xa-hoi|thong-tu-10-2020|ke-toan-tien-luong,4.6.2,"BHXH, BHYT, BHTN",4.4.2,thuc-thi,regulation,tap-doan,,nguon-ben-ngoai|nguon-chi-gai-ke-toan|bao-hiem-xa-hoi|thong-tu-10-2020|ke-toan-tien-luong,cao,Thực chất là BHXH/phúc lợi → mảng 4.,g3
6ab6949cf3ad31ef11df0b1d,Thử việc 2 tháng có phải đóng BHXH không: phụ thuộc loại hợp đồng ký kết,phap-ly.quy-dinh-nganh|nhan-su-quan-tri.tuyen-dung,regulation,nguon-ben-ngoai|chi-gai-ke-toan|bao-hiem-xa-hoi|thu-viec|hop-dong-lao-dong,4.6.2,"BHXH, BHYT, BHTN",4.2.4|4.6.1,thuc-thi,regulation,tap-doan,qt.nhan-su.b,nguon-ben-ngoai|nguon-chi-gai-ke-toan|bao-hiem-xa-hoi|thu-viec|hop-dong-lao-dong,cao,,g4
6ab69293f3ad31ef11df0aa8,"Cấm dùng phạt tiền, cắt lương thay kỷ luật lao động: phạt tới 80 triệu và buộc trả lại tiền",nhan-su-quan-tri.lanh-dao-quan-ly-doi-ngu,regulation,nguon-ben-ngoai|co-chinh-qttc|nghi-dinh-283-2026|ky-luat-lao-dong|noi-quy-lao-dong,4.6.3,Kỷ luật & xử lý vi phạm,,thuc-thi,regulation,tap-doan,,nguon-ben-ngoai|nguon-co-chinh-qttc|nghi-dinh-283-2026|ky-luat-lao-dong|noi-quy-lao-dong,cao,,g5
6ab692daf3ad31ef11df0ab9,"Nhân viên thôi việc: 5 nghĩa vụ doanh nghiệp phải làm đủ trong 14 ngày (lương, phép năm, trợ cấp, hồ sơ, BHXH)",nhan-su-quan-tri.lanh-dao-quan-ly-doi-ngu,regulation,nguon-ben-ngoai|co-chinh-qttc|nghi-dinh-283-2026|thoi-viec|tro-cap-thoi-viec|bao-hiem-xa-hoi,4.6.4,Nghỉ việc & bàn giao,,thuc-thi,regulation,tap-doan,qt.nhan-su.d,nguon-ben-ngoai|nguon-co-chinh-qttc|nghi-dinh-283-2026|thoi-viec|tro-cap-thoi-viec|bao-hiem-xa-hoi,cao,,g5
6ab6991bf3ad31ef11df0b32,"Đánh giá công việc hiện tại qua 4 yếu tố: phát triển, thu nhập, môi trường, cân bằng cuộc sống",nhan-su-quan-tri.dao-tao-phat-trien,framework,nguon-ben-ngoai|mentor-ha-nguyen|gan-bo-cong-ty|nhay-viec|danh-gia-cong-viec,4.6.4,Nghỉ việc & bàn giao,,thuc-thi,framework,tap-doan,,nguon-ben-ngoai|nguon-mentor-ha-nguyen|gan-bo-cong-ty|nhay-viec|danh-gia-cong-viec,cao,Quyết định A2-2: tầng 4 / chuyển node,g6
6ab69968f3ad31ef11df0b35,"Nghỉ việc đúng cách: chuẩn bị tài chính, đối thoại trước khi quyết, giữ quan hệ win-win sau khi rời đi",nhan-su-quan-tri.dao-tao-phat-trien|nhan-su-quan-tri.lanh-dao-quan-ly-doi-ngu|nhan-su-quan-tri.van-hoa-doanh-nghiep,lesson,nguon-ben-ngoai|mentor-ha-nguyen|nghi-viec|networking|quan-ly-doi-ngu,4.6.4,Nghỉ việc & bàn giao,4.6.4,thuc-thi,lesson,tap-doan,qt.nhan-su.d,nguon-ben-ngoai|nguon-mentor-ha-nguyen|nghi-viec|networking,cao,Quyết định A2-2: tầng 4 / chuyển node,g6
6ab699abf3ad31ef11df0b3a,Chuẩn bị năng lực và vị thế trước khi nhảy việc: 3 yếu tố thăng chức và 3 bước chuyển đổi an toàn,nhan-su-quan-tri.dao-tao-phat-trien|nhan-su-quan-tri.lanh-dao-quan-ly-doi-ngu,framework,nguon-ben-ngoai|mentor-ha-nguyen|nhay-viec|phat-trien-su-nghiep|dinh-vi-ban-than,4.6.4,Nghỉ việc & bàn giao,,thuc-thi,framework,tap-doan,,nguon-ben-ngoai|nguon-mentor-ha-nguyen|nhay-viec|phat-trien-su-nghiep|dinh-vi-ban-than,cao,Quyết định A2-2: tầng 4 / chuyển node,g6
6ab69acaf3ad31ef11df0b7c,"Chán việc: cần phân biệt do tính chất công việc, do môi trường, hay do chưa dùng đúng thế mạnh bản thân",nhan-su-quan-tri.lanh-dao-quan-ly-doi-ngu|nhan-su-quan-tri.van-hoa-doanh-nghiep,insight,nguon-ben-ngoai|mentor-ha-nguyen|chan-viec|moi-truong-lam-viec|nhan-dien-nang-luc,4.6.4,Nghỉ việc & bàn giao,,thuc-thi,insight,tap-doan,,nguon-ben-ngoai|nguon-mentor-ha-nguyen|chan-viec|moi-truong-lam-viec|nhan-dien-nang-luc,cao,Quyết định A2-2: tầng 4 / chuyển node,g5
6ab69af7f3ad31ef11df0b85,"Trước khi nhảy việc, cần trả lời 3 câu hỏi hiểu bản thân thay vì chạy theo lương cao hơn",nhan-su-quan-tri.dao-tao-phat-trien|nhan-su-quan-tri.lanh-dao-quan-ly-doi-ngu,framework,nguon-ben-ngoai|mentor-ha-nguyen|nhay-viec|hieu-ban-than|muc-tieu-nghe-nghiep,4.6.4,Nghỉ việc & bàn giao,,thuc-thi,framework,tap-doan,,nguon-ben-ngoai|nguon-mentor-ha-nguyen|nhay-viec|hieu-ban-than|muc-tieu-nghe-nghiep,cao,Quyết định A2-2: tầng 4 / chuyển node,g6
6ab69b12f3ad31ef11df0b87,Nỗi sợ và sự chần chừ khi nhảy việc: cái giá của việc trì hoãn còn đắt hơn nỗi sợ ban đầu,nhan-su-quan-tri.dao-tao-phat-trien|nhan-su-quan-tri.lanh-dao-quan-ly-doi-ngu,insight,nguon-ben-ngoai|mentor-ha-nguyen|nhay-viec|noi-so-thay-doi|gan-bo-cong-ty,4.6.4,Nghỉ việc & bàn giao,,thuc-thi,insight,tap-doan,,nguon-ben-ngoai|nguon-mentor-ha-nguyen|nhay-viec|noi-so-thay-doi|gan-bo-cong-ty,cao,Quyết định A2-2: tầng 4 / chuyển node,g6
6ab69c4bf3ad31ef11df0b9a,"Nên quyết định nghỉ việc xong mới đi tìm việc mới, để có thời gian nhìn lại bản thân trước khi bắt đầu công ty mới",nhan-su-quan-tri.van-hoa-doanh-nghiep,lesson,nguon-ben-ngoai|anh-anh-tudo|nghi-viec|tim-viec-moi|van-hoa-doanh-nghiep,4.6.4,Nghỉ việc & bàn giao,,thuc-thi,lesson,tap-doan,,nguon-ben-ngoai|nguon-anh-anh-tudo|nghi-viec|tim-viec-moi,cao,Quyết định A2-2: tầng 4 / chuyển node,g5
6ab69c94f3ad31ef11df0bab,"Nghỉ việc nên khép lại nhẹ nhàng: nói điều bức xúc trong exit interview, sau đó chỉ nói tích cực",nhan-su-quan-tri.van-hoa-doanh-nghiep,lesson,nguon-ben-ngoai|anh-anh-tudo|nghi-viec|exit-interview|van-hoa-doanh-nghiep,4.6.4,Nghỉ việc & bàn giao,4.6.4,thuc-thi,lesson,tap-doan,qt.nhan-su.d,nguon-ben-ngoai|nguon-anh-anh-tudo|nghi-viec|exit-interview,cao,Quyết định A2-2: tầng 4 / chuyển node,g5
6ab69ceaf3ad31ef11df0bbe,"Bị cho nghỉ việc đột ngột: hỏi 3 câu Why-When-What benefit, không ký gì tại chỗ, và hiểu đó không phải chuyện cá nhân",nhan-su-quan-tri.lanh-dao-quan-ly-doi-ngu|nhan-su-quan-tri.van-hoa-doanh-nghiep,lesson,nguon-ben-ngoai|anh-anh-tudo|cham-dut-hop-dong|lay-off|van-hoa-doanh-nghiep,4.6.4,Nghỉ việc & bàn giao,4.3.3,thuc-thi,lesson,tap-doan,qt.nhan-su.d,nguon-ben-ngoai|nguon-anh-anh-tudo|cham-dut-hop-dong|lay-off,thap,Viết cho người lao động bị cho nghỉ; có thể 4.3.3 (kỹ năng cá nhân).,g5
6ab69ec8f3ad31ef11df0c18,"Chọn môi trường và sếp trước công việc: trước 30 tuổi ưu tiên sếp tốt để tích lũy, sau 30 mới chọn việc tốt",nhan-su-quan-tri.lanh-dao-quan-ly-doi-ngu|nhan-su-quan-tri.dao-tao-phat-trien,lesson,nguon-ben-ngoai|anh-anh-tudo|chon-sep|moi-truong-lam-viec|mentor,4.6.4,Nghỉ việc & bàn giao,,thuc-thi,lesson,tap-doan,,nguon-ben-ngoai|nguon-anh-anh-tudo|chon-sep|moi-truong-lam-viec|mentor,cao,Quyết định A2-2: tầng 4 / chuyển node,g5
6ab69f64f3ad31ef11df0c31,Nhảy việc để tăng lương nhanh: hiệu quả ngắn hạn nhưng cần kỹ năng chuyên môn vững để không tự kìm hãm mình,nhan-su-quan-tri.dao-tao-phat-trien,insight,nguon-ben-ngoai|anh-anh-tudo|nhay-viec|tang-luong|chuyen-mon-sau,4.6.4,Nghỉ việc & bàn giao,,thuc-thi,insight,tap-doan,,nguon-ben-ngoai|nguon-anh-anh-tudo|nhay-viec|tang-luong|chuyen-mon-sau,cao,Quyết định A2-2: tầng 4 / chuyển node,g6
6ab69fa8f3ad31ef11df0c3c,Đổi việc ở tuổi 35-40 khó không phải vì tuổi tác mà vì thiếu quyết tâm và kế hoạch dự phòng,nhan-su-quan-tri.dao-tao-phat-trien,insight,nguon-ben-ngoai|anh-anh-tudo|doi-viec-tuoi-trung-nien|ke-hoach-du-phong|y-nghia-cong-viec,4.6.4,Nghỉ việc & bàn giao,,thuc-thi,insight,tap-doan,,nguon-ben-ngoai|nguon-anh-anh-tudo|doi-viec-tuoi-trung-nien|ke-hoach-du-phong|y-nghia-cong-viec,cao,Quyết định A2-2: tầng 4 / chuyển node,g6
6ab69fe3f3ad31ef11df0c41,Khung quyết định đi hay ở: phân biệt trở ngại bình thường với tín hiệu cảnh báo cần rời đi,nhan-su-quan-tri.van-hoa-doanh-nghiep|nhan-su-quan-tri.lanh-dao-quan-ly-doi-ngu,framework,nguon-ben-ngoai|anh-anh-tudo|quyet-dinh-nghi-viec|phat-trien-su-nghiep|van-hoa-doanh-nghiep,4.6.4,Nghỉ việc & bàn giao,,thuc-thi,framework,tap-doan,,nguon-ben-ngoai|nguon-anh-anh-tudo|quyet-dinh-nghi-viec|phat-trien-su-nghiep,cao,Quyết định A2-2: tầng 4 / chuyển node,g5
6ab69374f3ad31ef11df0ad6,"Thời giờ làm việc: tính đúng tiền tăng ca 150/200/300%, quyền nghỉ việc riêng, nghỉ hành kinh/nuôi con nhỏ",nhan-su-quan-tri.lanh-dao-quan-ly-doi-ngu,regulation,nguon-ben-ngoai|co-chinh-qttc|nghi-dinh-283-2026|tien-luong-lam-them-gio|nghi-viec-rieng|lao-dong-nu,4.6.5,"Giờ làm, ngày nghỉ & chấm công",4.4.4,thuc-thi,regulation,tap-doan,,nguon-ben-ngoai|nguon-co-chinh-qttc|nghi-dinh-283-2026|tien-luong-lam-them-gio|nghi-viec-rieng|lao-dong-nu,cao,,g5
6ab6ffb7f3ad31ef11df0e16,"Chỉ nên bố trí 1 nhân viên trực quảng cáo/chăm sóc đơn dịp nghỉ lễ, còn lại phải được nghỉ đúng luật lao động",nhan-su-quan-tri.lanh-dao-quan-ly-doi-ngu,lesson,nguon-ben-ngoai|the-hoang-work|nghi-le-tet|nhan-su-truc|luat-lao-dong,4.6.5,"Giờ làm, ngày nghỉ & chấm công",2.5.2,van-hanh,lesson,vcpart,,nguon-ben-ngoai|nguon-the-hoang-work|nghi-le-tet|nhan-su-truc|luat-lao-dong,cao,,g5
6ab68f6bf3ad31ef11df0a48,9 việc cần làm sau khi thành lập doanh nghiệp và nghĩa vụ nộp tờ khai kể cả không phát sinh giao dịch,ke-toan.chung-tu-quy-trinh|ke-toan.thue,framework,nguon-ben-ngoai|chi-gai-ke-toan|thanh-lap-doanh-nghiep|ke-khai-thue|chung-tu-quy-trinh,4.7.2,"Văn thư, con dấu & giấy phép DN",3.6.7,thuc-thi,checklist,tap-doan,,nguon-ben-ngoai|nguon-chi-gai-ke-toan|thanh-lap-doanh-nghiep|ke-khai-thue,thap,"Thủ tục sau thành lập DN: nằm giữa 4.7.2 (giấy phép, con dấu) và 3.6.7 (nghĩa vụ kê khai); đổi type sang checklist.",g3
6ab69072f3ad31ef11df0a6c,Nghị định 296/2026 và Nghị quyết 12/2026 (Hà Nội): giảm giấy tờ đăng ký doanh nghiệp nhưng doanh nghiệp vẫn phải tự lưu hồ sơ nội bộ,ke-toan.thue,regulation,nguon-ben-ngoai|co-chinh-qttc|dang-ky-doanh-nghiep|quy-dinh-moi|ho-so-noi-bo,4.7.2,"Văn thư, con dấu & giấy phép DN",5.2.4,nhap-mon,regulation,tap-doan,,nguon-ben-ngoai|nguon-co-chinh-qttc|dang-ky-doanh-nghiep|quy-dinh-moi|ho-so-noi-bo,thap,"Thủ tục đăng ký doanh nghiệp, không phải thuế; có thể 5.2.4 (pháp nhân)",g4
6ab693a5f3ad31ef11df0ae3,"Nghị định 339/2026: phạt tới 130 triệu đồng khi thuê chung cư làm văn phòng, người đi thuê là đối tượng bị phạt",phap-ly.quy-dinh-nganh,regulation,nguon-ben-ngoai|chi-gai-ke-toan|bat-dong-san|van-phong-cho-thue,4.7.2,"Văn thư, con dấu & giấy phép DN",3.6.3,nhap-mon,regulation,tap-doan,,nguon-ben-ngoai|nguon-chi-gai-ke-toan|bat-dong-san|van-phong-cho-thue,thap,Không có node riêng cho thuê trụ sở/văn phòng; có thể 4.7.1 (tài sản & mua sắm nội bộ),g4
6ab69f34f3ad31ef11df0c2b,"Team building không cứu được nội bộ đang lục đục: nên đơn giản, trả lương đầy đủ, tránh ""hành xác"" nhân viên",nhan-su-quan-tri.van-hoa-doanh-nghiep,lesson,nguon-ben-ngoai|anh-anh-tudo|team-building|gan-ket-doi-ngu|van-hoa-doanh-nghiep,4.7.3,Sự kiện & gắn kết nội bộ,5.5.3,van-hanh,lesson,tap-doan,,nguon-ben-ngoai|nguon-anh-anh-tudo|team-building|gan-ket-doi-ngu,cao,,g5
6ab69c35f3ad31ef11df0b97,"4 bánh xe doanh nghiệp (sản xuất, vận hành, bán hàng, marketing) phải cân bằng động theo lĩnh vực, quy mô và 4 nhóm lợi ích liên quan",marketing.chien-luoc-thuong-hieu|nhan-su-quan-tri.lanh-dao-quan-ly-doi-ngu,framework,nguon-ben-ngoai|tran-manh-hung|chien-luoc-kinh-doanh|quan-tri-doanh-nghiep|van-hoa-doanh-nghiep,5.1.1,Chiến lược tập đoàn & danh mục division,1.1,dieu-hanh,framework,tap-doan,,nguon-ben-ngoai|nguon-tran-manh-hung|chien-luoc-kinh-doanh|quan-tri-doanh-nghiep,cao,,g1
6ab69d42f3ad31ef11df0bcd,Chiến lược bán hàng đi trước marketing: 4 giai đoạn tăng trưởng doanh nghiệp (bán hàng → marketing → nhân sự → tài chính),marketing.chien-luoc-thuong-hieu,framework,nguon-ben-ngoai|tran-manh-hung|chien-luoc-kinh-doanh|ban-hang|marketing-tong-the,5.1.1,Chiến lược tập đoàn & danh mục division,1.1.1,dieu-hanh,framework,tap-doan,,nguon-ben-ngoai|nguon-tran-manh-hung|chien-luoc-kinh-doanh|ban-hang|marketing-tong-the,cao,,g1
6ab73d45b43e7b02a2eab670,"CEO phải tự lập chiến lược: đừng giao kế hoạch, chiến lược cho nhân viên mới thiếu kinh nghiệm sản phẩm và khách hàng",marketing.chien-luoc-thuong-hieu|nhan-su-quan-tri.lanh-dao-quan-ly-doi-ngu,framework,nguon-ben-ngoai|tran-manh-hung|chien-luoc-marketing|lanh-dao-doanh-nghiep|dao-tao-nhan-vien-moi,5.1.1,Chiến lược tập đoàn & danh mục division,1.1.1,dieu-hanh,framework,tap-doan,,nguon-ben-ngoai|nguon-tran-manh-hung|chien-luoc-marketing|lanh-dao-doanh-nghiep|dao-tao-nhan-vien-moi,thap,"Chiến lược vs chiến thuật, CEO tự lập chiến lược — vượt khỏi marketing; có thể 1.1.1",g1
6ab73d9cb43e7b02a2eab687,"Doanh nghiệp chết theo từng giai đoạn: năm 1 vì không biết bán hàng, năm 2-4 vì marketing yếu, từ năm 4 vì vấn đề nhân sự",nhan-su-quan-tri.lanh-dao-quan-ly-doi-ngu|tai-chinh.quan-tri-dong-tien|ban-hang-cskh.ky-nang-ban-hang,framework,nguon-ben-ngoai|tran-manh-hung|giai-doan-phat-trien|quan-tri-nhan-su|dong-tien,5.1.1,Chiến lược tập đoàn & danh mục division,3.2.1,dieu-hanh,framework,tap-doan,,nguon-ben-ngoai|nguon-tran-manh-hung|giai-doan-phat-trien|quan-tri-nhan-su|dong-tien,cao,,g5
6ab693d7f3ad31ef11df0af0,"Kinh doanh thành công cần hợp nhất 5 năng lực: pháp lý, tài chính, khách hàng, nhân sự, sản phẩm",nhan-su-quan-tri.lanh-dao-quan-ly-doi-ngu,insight,nguon-ben-ngoai|co-chinh-qttc|nang-luc-chu-doanh-nghiep|mo-hinh-kinh-doanh|phap-ly-kinh-doanh,5.1.2,Mô hình kinh doanh & đơn vị kinh tế,5.4.1,dieu-hanh,insight,tap-doan,,nguon-ben-ngoai|nguon-co-chinh-qttc|nang-luc-chu-doanh-nghiep|mo-hinh-kinh-doanh|phap-ly-kinh-doanh,cao,,g5
6ab69426f3ad31ef11df0b04,"Kinh doanh bằng mô hình tài chính, sản phẩm chỉ là công cụ đạt mục tiêu",tai-chinh.phan-tich-tai-chinh,insight,nguon-ben-ngoai|co-chinh-qttc|mo-hinh-kinh-doanh|muc-tieu-tai-chinh|tai-cau-truc,5.1.2,Mô hình kinh doanh & đơn vị kinh tế,3.1.1,dieu-hanh,insight,tap-doan,,nguon-ben-ngoai|nguon-co-chinh-qttc|mo-hinh-kinh-doanh|muc-tieu-tai-chinh|tai-cau-truc,thap,Nằm giữa 5.1.2 (mô hình kinh doanh) và 3.1.1 (mô hình/kế hoạch tài chính).,g3
6ab693a9f3ad31ef11df0ae4,"Khởi nghiệp: xác định đầu ra theo 7 bước và học tài chính ngay từ đầu, không đợi có quy mô",ban-hang-cskh.kenh-phan-phoi|marketing.chan-dung-khach-hang,insight,nguon-ben-ngoai|co-chinh-qttc|khoi-nghiep|chan-dung-khach-hang|quan-tri-tai-chinh,5.1.4,"Mở mới, M&A & đóng",1.2.1,dieu-hanh,insight,tap-doan,,nguon-ben-ngoai|nguon-co-chinh-qttc|khoi-nghiep,cao,Nhánh kenh-phan-phoi nhưng nội dung khởi nghiệp → 5.1.4,g2
6ab693fbf3ad31ef11df0af9,"Giải thể doanh nghiệp: rà soát sạch công nợ, tài sản, hồ sơ thuế theo 5 bước trước khi nộp hồ sơ giải thể",phap-ly.quy-dinh-nganh|phap-ly.hop-dong|ke-toan.thue,regulation,nguon-ben-ngoai|co-chinh-qttc|giai-the-doanh-nghiep|thue|phap-ly-doanh-nghiep,5.1.4,"Mở mới, M&A & đóng",3.6.7,dieu-hanh,regulation,tap-doan,,nguon-ben-ngoai|nguon-co-chinh-qttc|giai-the-doanh-nghiep|phap-ly-doanh-nghiep|quyet-toan-thue,cao,,g4
6ab69e9df3ad31ef11df0c0e,Trước khi tách ra kinh doanh riêng: tự hỏi cái giá đắt nhất mình chấp nhận trả và giá trị muốn để lại cho con cháu,tai-chinh.dau-tu-huy-dong-von,insight,nguon-ben-ngoai|anh-anh-tudo|khoi-nghiep|ra-quyet-dinh|can-bang-gia-dinh-cong-viec,5.1.4,"Mở mới, M&A & đóng",4.3.3,dieu-hanh,insight,tap-doan,,nguon-ben-ngoai|nguon-anh-anh-tudo|khoi-nghiep|ra-quyet-dinh|can-bang-gia-dinh-cong-viec,thap,Không phải đầu tư/huy động vốn; nằm giữa 5.1.4 (khởi nghiệp) và 4.3.3 (quyết định cá nhân về sự nghiệp).,g3
6ab6fb7cf3ad31ef11df0dbb,"Đừng vội nghỉ việc để làm TikTok Shop: chỉ nghỉ khi đã có đủ kiến thức, kinh nghiệm và kênh phụ đã chứng minh được tiềm năng",ban-hang-cskh.kenh-phan-phoi,lesson,nguon-ben-ngoai|the-hoang-work|nghi-viec-lam-tiktok|lay-ngan-nuoi-dai|rui-ro-khoi-nghiep,5.1.4,"Mở mới, M&A & đóng",2.5,dieu-hanh,lesson,tap-doan,,nguon-ben-ngoai|nguon-the-hoang-work|nghi-viec-lam-tiktok|lay-ngan-nuoi-dai|rui-ro-khoi-nghiep,thap,"Lời khuyên cá nhân khởi nghiệp TikTok Shop, ít liên quan VCPV; có thể 4.3.3",g2
6ab73ce6b43e7b02a2eab665,"Coi doanh nghiệp là một sản phẩm, không phải đứa con tinh thần, để dám thay đổi hoặc buông bỏ khi nó hết phù hợp",tai-chinh.dau-tu-huy-dong-von,insight,nguon-ben-ngoai|tran-manh-hung|tu-duy-kinh-doanh|quan-tri-rui-ro,5.1.4,"Mở mới, M&A & đóng",3.4.3,dieu-hanh,insight,tap-doan,,nguon-ben-ngoai|nguon-tran-manh-hung|tu-duy-kinh-doanh|quan-tri-rui-ro,thap,Nằm giữa 5.1.4 (dừng/đổi mô hình) và 3.4.3 (dám chia sẻ cổ phần).,g3
6ab73d49b43e7b02a2eab671,"Nên đi làm thuê 3–8 năm trước khi khởi nghiệp, thử sai trong giới hạn tài chính và không vi phạm pháp luật",nhan-su-quan-tri.dao-tao-phat-trien,lesson,nguon-ben-ngoai|tran-manh-hung|khoi-nghiep|di-lam-thue|phat-trien-nhan-su,5.1.4,"Mở mới, M&A & đóng",,thuc-thi,lesson,tap-doan,,nguon-ben-ngoai|nguon-tran-manh-hung|khoi-nghiep|di-lam-thue|phat-trien-nhan-su,cao,Quyết định A2-2: tầng 4 / chuyển node,g6
6ab4bbc6b1c921b0a784dc81,"Sales, marketing, kế toán, nhân sự là các phòng ngang hàng chạy song song: chia rõ vai trò và để sếp đặt luật xử lý xung đột",nhan-su-quan-tri.van-hoa-doanh-nghiep|nhan-su-quan-tri.lanh-dao-quan-ly-doi-ngu|marketing,framework,phoi-hop-phong-ban|sales-marketing|xung-dot-noi-bo|nguon-ben-ngoai|do-xuan-tung,5.2.1,Mô hình khối – division,5.4.5,thiet-ke,framework,tap-doan,,nguon-ben-ngoai|nguon-do-xuan-tung|phoi-hop-phong-ban|sales-marketing|xung-dot-noi-bo,thap,Có thể 5.4.5 (sếp đặt luật xử lý xung đột liên phòng).,g5
6ab4bb0fb1c921b0a784dc55,"Trao quyền cho quản lý sales: quyền tuyển – sa thải – thưởng phạt đi kèm tiêu chí đánh giá rõ, và đãi ngộ đi trước thăng tiến một chút",nhan-su-quan-tri.lanh-dao-quan-ly-doi-ngu,framework,trao-quyen|quan-ly-cap-trung|dai-ngo-quan-ly|nguon-ben-ngoai|do-xuan-tung,5.2.2,Phân quyền & uỷ quyền,5.4.4,thiet-ke,framework,tap-doan,,nguon-ben-ngoai|nguon-do-xuan-tung|trao-quyen|quan-ly-cap-trung|dai-ngo-quan-ly,cao,,g5
6ab4bb32b1c921b0a784dc5b,"Giải phóng lãnh đạo và trao cổ phần cho thợ: chỉ giao khi bộ máy, cơ chế và người vận hành đủ tài đủ tâm; chủ luôn giữ chiến lược, tài chính, kiểm soát mua phụ tùng",nhan-su-quan-tri.lanh-dao-quan-ly-doi-ngu|nganh-o-to.dich-vu-garage,lesson,giai-phong-lanh-dao|trao-quyen|co-phan|kiem-soat-mua-hang|nguon-ben-ngoai|goc-gara,5.2.2,Phân quyền & uỷ quyền,5.4.2,dieu-hanh,lesson,vcservice,,nguon-ben-ngoai|nguon-goc-gara|giai-phong-lanh-dao|trao-quyen|co-phan|kiem-soat-mua-hang,cao,,g5
6ab73ca5b43e7b02a2eab663,"Cổ đông chỉ có quyền nhận cổ tức và biểu quyết bổ nhiệm/miễn nhiệm CEO, không được can thiệp điều hành hằng ngày",tai-chinh.dau-tu-huy-dong-von|nhan-su-quan-tri.lanh-dao-quan-ly-doi-ngu,regulation,nguon-ben-ngoai|tran-manh-hung|co-dong|quan-tri-doanh-nghiep|phan-quyen,5.2.3,"Quản trị công ty (HĐQT, cổ đông, điều lệ)",,dieu-hanh,regulation,tap-doan,,nguon-ben-ngoai|nguon-tran-manh-hung|co-dong|quan-tri-doanh-nghiep|phan-quyen,cao,3.4 loại trừ quản trị công ty & cổ đông → 5.2.3.,g3
6ab4bad4b1c921b0a784dc44,"Kỹ năng điều hành họp là kỹ năng đầu tiên của quản lý sales: vừa vui vừa nghiêm, tìm cách làm chưa đúng thay vì truy lỗi, hỏi trước nói sau",nhan-su-quan-tri.lanh-dao-quan-ly-doi-ngu|nhan-su-quan-tri.dao-tao-phat-trien,framework,hop-doi-sales|ky-nang-quan-ly|dieu-hanh-hop|nguon-ben-ngoai|do-xuan-tung,5.3.3,Họp & biên bản,2.1.4,van-hanh,framework,tap-doan,,nguon-ben-ngoai|nguon-do-xuan-tung|hop-doi-sales|dieu-hanh-hop,cao,,g5
6ab4bb44b1c921b0a784dc62,"Báo cáo của quản lý lên cấp trên: gói trên một trang với 3–4 chỉ số, kèm đánh giá riêng của quản lý, dự báo và cam kết",nhan-su-quan-tri.lanh-dao-quan-ly-doi-ngu|ke-toan.ke-toan-quan-tri,framework,bao-cao-quan-ly|chi-so-cot-loi|one-page|quan-ly-sales|nguon-ben-ngoai|do-xuan-tung,5.3.4,Báo cáo Horenso & Ohitashi,2.1.4,van-hanh,framework,tap-doan,qt.dieu-hanh-thang.b,nguon-ben-ngoai|nguon-do-xuan-tung|bao-cao-quan-ly|chi-so-cot-loi|one-page|quan-ly-sales,cao,,g5
6ab6935bf3ad31ef11df0acd,"Báo cáo nhân sự nên làm hằng ngày, tập trung vào nút thắt quy trình chứ không liệt kê mọi việc",nhan-su-quan-tri.lanh-dao-quan-ly-doi-ngu,lesson,nguon-ben-ngoai|co-chinh-qttc|bao-cao-quan-tri|kiem-soat-quy-trinh|nut-that-quy-trinh,5.3.4,Báo cáo Horenso & Ohitashi,5.6.1,van-hanh,lesson,tap-doan,,nguon-ben-ngoai|nguon-co-chinh-qttc|bao-cao-quan-tri|kiem-soat-quy-trinh|nut-that-quy-trinh,cao,,g5
6ab4ba99b1c921b0a784dc35,"Quản trị gara theo quy mô: nhỏ dùng tình cảm, vừa dùng quy trình, lớn dùng cơ chế — và thay cảm tính bằng quy định văn bản",nhan-su-quan-tri.lanh-dao-quan-ly-doi-ngu|nganh-o-to.dich-vu-garage|nhan-su-quan-tri.van-hoa-doanh-nghiep,framework,quan-tri-gara|quy-dinh-noi-bo|quan-tri-cam-tinh|nguon-ben-ngoai|goc-gara,5.4.1,Tư duy & phong cách lãnh đạo,0.3.1,dieu-hanh,framework,vcservice,,nguon-ben-ngoai|nguon-goc-gara|quan-tri-gara|quy-dinh-noi-bo|quan-tri-cam-tinh,cao,,g5
6ab4bb07b1c921b0a784dc53,"Gara chỉ lớn tới giới hạn năng lực của người điều hành: chủ đừng là người giỏi nhất, hãy thuê người giỏi hơn và trao quyền",nhan-su-quan-tri.lanh-dao-quan-ly-doi-ngu|nganh-o-to.dich-vu-garage,insight,lanh-dao|trao-quyen|chu-gara|nguyen-tac-gioi-han|nguon-ben-ngoai|goc-gara,5.4.1,Tư duy & phong cách lãnh đạo,0.3.4,dieu-hanh,insight,vcservice,,nguon-ben-ngoai|nguon-goc-gara|lanh-dao|trao-quyen|chu-gara|nguyen-tac-gioi-han,cao,,g5
6ab4bbf3b1c921b0a784dc8a,"Ân – uy 70/30 khi quản lý đội sales: kỷ luật và quy trình trước, tình cảm sau, không dễ dãi rồi mới siết",nhan-su-quan-tri.lanh-dao-quan-ly-doi-ngu|nhan-su-quan-tri.van-hoa-doanh-nghiep,framework,an-uy|ky-luat|quan-ly-sales|van-hoa-doi-sales|nguon-ben-ngoai|do-xuan-tung,5.4.1,Tư duy & phong cách lãnh đạo,2.1.4,van-hanh,framework,tap-doan,,nguon-ben-ngoai|nguon-do-xuan-tung|an-uy|ky-luat|quan-ly-sales|van-hoa-doi-sales,cao,,g5
6ab4bc1db1c921b0a784dc8d,"Giữ uy trong tình huống hằng ngày: sếp tự tuân thủ luật, nắm kênh thông báo, du di có điều kiện và không để nhân viên thử độ dễ dãi",nhan-su-quan-tri.lanh-dao-quan-ly-doi-ngu,lesson,lam-guong|uy-lanh-dao|ky-luat|quan-ly-sales|nguon-ben-ngoai|do-xuan-tung,5.4.1,Tư duy & phong cách lãnh đạo,5.4.5,van-hanh,lesson,tap-doan,,nguon-ben-ngoai|nguon-do-xuan-tung|lam-guong|uy-lanh-dao|ky-luat|quan-ly-sales,cao,,g5
6ab4bc47b1c921b0a784dc94,"Biết mình là kiểu quản lý nào: phân biệt quản lý – quản trị, leadership – management, tự đánh giá qua mắt người khác và tìm người bổ khuyết",nhan-su-quan-tri.lanh-dao-quan-ly-doi-ngu|nhan-su-quan-tri.dao-tao-phat-trien,framework,phong-cach-lanh-dao|quan-ly-va-quan-tri|tu-danh-gia|nguon-ben-ngoai|do-xuan-tung,5.4.1,Tư duy & phong cách lãnh đạo,,dieu-hanh,framework,tap-doan,,nguon-ben-ngoai|nguon-do-xuan-tung|phong-cach-lanh-dao|quan-ly-va-quan-tri|tu-danh-gia,cao,,g5
6ab69444f3ad31ef11df0b0b,"Lãnh đạo có 3 việc chính: chia tiền, chia việc, đào tạo-dẫn dắt; càng nhỏ càng phải kiêm nhiệm cả 3 tầng",nhan-su-quan-tri.lanh-dao-quan-ly-doi-ngu,concept,nguon-ben-ngoai|co-chinh-qttc|vai-tro-lanh-dao|giao-viec|quy-luong,5.4.1,Tư duy & phong cách lãnh đạo,5.4.2,dieu-hanh,concept,tap-doan,,nguon-ben-ngoai|nguon-co-chinh-qttc|vai-tro-lanh-dao|giao-viec|quy-luong,cao,,g5
6ab6949bf3ad31ef11df0b1b,Phân biệt điều hành (giám đốc) và vận hành (nhân sự): 5 kỹ năng cốt lõi giám đốc cần,nhan-su-quan-tri.lanh-dao-quan-ly-doi-ngu,concept,nguon-ben-ngoai|co-chinh-qttc|vai-tro-lanh-dao|ke-hoach-tai-chinh,5.4.1,Tư duy & phong cách lãnh đạo,5.2.2,dieu-hanh,concept,tap-doan,,nguon-ben-ngoai|nguon-co-chinh-qttc|vai-tro-lanh-dao|ke-hoach-tai-chinh,cao,,g5
6ab69a24f3ad31ef11df0b52,"Mềm mỏng không phải là yếu đuối: leader cả nể sẽ mất nguyên tắc, bị thử giới hạn, rồi mất uy tín",nhan-su-quan-tri.lanh-dao-quan-ly-doi-ngu,concept,nguon-ben-ngoai|mentor-ha-nguyen|phong-cach-lanh-dao|lanh-dao-doi-ngu,5.4.1,Tư duy & phong cách lãnh đạo,5.4.5,van-hanh,concept,tap-doan,,nguon-ben-ngoai|nguon-mentor-ha-nguyen|phong-cach-lanh-dao,cao,,g5
6ab69a3df3ad31ef11df0b59,"2 sai lầm khiến leader mất uy tín: quá hiền mất nể trọng, quá vội chứng minh bản thân mất công bằng",nhan-su-quan-tri.lanh-dao-quan-ly-doi-ngu,lesson,nguon-ben-ngoai|mentor-ha-nguyen|lanh-dao-doi-ngu|phong-cach-lanh-dao,5.4.1,Tư duy & phong cách lãnh đạo,5.4.4,van-hanh,lesson,tap-doan,,nguon-ben-ngoai|nguon-mentor-ha-nguyen|phong-cach-lanh-dao,cao,,g5
6ab69a75f3ad31ef11df0b68,"Người giỏi kỳ vọng gì ở sếp: tấm gương về ra quyết định, chịu trách nhiệm, nhìn xa",nhan-su-quan-tri.lanh-dao-quan-ly-doi-ngu,framework,nguon-ben-ngoai|mentor-ha-nguyen|lanh-dao-co-tam|giu-chan-nhan-su,5.4.1,Tư duy & phong cách lãnh đạo,5.4.3,dieu-hanh,framework,tap-doan,,nguon-ben-ngoai|nguon-mentor-ha-nguyen|lanh-dao-co-tam|giu-chan-nhan-su,cao,,g5
6ab69a81f3ad31ef11df0b6c,"3 điều để làm sếp vừa bản lĩnh vừa hạnh phúc: quản trị khối lượng việc, tối ưu kết quả, tối ưu nguồn lực",nhan-su-quan-tri.lanh-dao-quan-ly-doi-ngu,framework,nguon-ben-ngoai|mentor-ha-nguyen|can-bang-cong-viec-cuoc-song|quan-tri-thoi-gian|uy-thac-cong-viec,5.4.1,Tư duy & phong cách lãnh đạo,5.4.2,van-hanh,framework,tap-doan,,nguon-ben-ngoai|nguon-mentor-ha-nguyen|can-bang-cong-viec-cuoc-song|quan-tri-thoi-gian|uy-thac-cong-viec,cao,,g5
6ab69aaaf3ad31ef11df0b75,3 đặc điểm giúp một người sếp nhanh chóng chiếm được lòng tin của nhân viên,nhan-su-quan-tri.lanh-dao-quan-ly-doi-ngu,framework,nguon-ben-ngoai|mentor-ha-nguyen|lanh-dao-co-tam|uy-tin-lanh-dao,5.4.1,Tư duy & phong cách lãnh đạo,,van-hanh,framework,tap-doan,,nguon-ben-ngoai|nguon-mentor-ha-nguyen|lanh-dao-co-tam|uy-tin-lanh-dao,cao,,g5
6ab69ae3f3ad31ef11df0b83,Ngôn từ của sếp là thước đo bản lĩnh và mức độ tôn trọng nhân viên,nhan-su-quan-tri.lanh-dao-quan-ly-doi-ngu,insight,nguon-ben-ngoai|mentor-ha-nguyen|giao-tiep-lanh-dao|ung-xu-noi-bo,5.4.1,Tư duy & phong cách lãnh đạo,,van-hanh,insight,tap-doan,,nguon-ben-ngoai|nguon-mentor-ha-nguyen|giao-tiep-lanh-dao|ung-xu-noi-bo,cao,,g5
6ab69c85f3ad31ef11df0ba9,"Lãnh đạo quyết đoán như một thuyền trưởng, nhưng phải tự hỏi ""để làm gì"" trước khi ra mục tiêu và tránh quyết định theo cảm xúc nhất thời",nhan-su-quan-tri.lanh-dao-quan-ly-doi-ngu,insight,nguon-ben-ngoai|tran-manh-hung|lanh-dao-quyet-doan|quan-tri-cam-xuc|muc-tieu-kinh-doanh|can-bang-cong-viec-gia-dinh,5.4.1,Tư duy & phong cách lãnh đạo,,dieu-hanh,insight,tap-doan,,nguon-ben-ngoai|nguon-tran-manh-hung|lanh-dao-quyet-doan|quan-tri-cam-xuc|muc-tieu-kinh-doanh|can-bang-cong-viec-gia-dinh,cao,,g5
6ab69dbef3ad31ef11df0be2,"3 trụ cột vai trò của người làm sếp: nhân viên, khách hàng/chuyên môn, và cầu nối tổ chức",nhan-su-quan-tri.lanh-dao-quan-ly-doi-ngu,framework,nguon-ben-ngoai|anh-anh-tudo|vai-tro-quan-ly|ky-nang-quan-ly|lanh-dao-doi-ngu,5.4.1,Tư duy & phong cách lãnh đạo,,van-hanh,framework,tap-doan,,nguon-ben-ngoai|nguon-anh-anh-tudo|vai-tro-quan-ly,cao,,g5
6ab69de3f3ad31ef11df0be6,"Sếp chơi đẹp: không nhận công về mình, đứng ra chịu trách nhiệm đầu tiên, và tuân thủ luật chơi công bằng",nhan-su-quan-tri.lanh-dao-quan-ly-doi-ngu,insight,nguon-ben-ngoai|anh-anh-tudo|ghi-nhan-cong-lao|trach-nhiem-lanh-dao|van-hoa-cong-bang,5.4.1,Tư duy & phong cách lãnh đạo,,van-hanh,insight,tap-doan,,nguon-ben-ngoai|nguon-anh-anh-tudo|ghi-nhan-cong-lao|trach-nhiem-lanh-dao|van-hoa-cong-bang,cao,,g5
6ab69e09f3ad31ef11df0bf0,Leader và Manager khác nhau về bản chất; chuyên môn giỏi cần thiết cho leader nhưng không phải bảo chứng cho một sếp tốt,nhan-su-quan-tri.lanh-dao-quan-ly-doi-ngu,concept,nguon-ben-ngoai|anh-anh-tudo|leader-vs-manager|ky-nang-quan-ly|vai-tro-quan-ly,5.4.1,Tư duy & phong cách lãnh đạo,,nhap-mon,concept,tap-doan,,nguon-ben-ngoai|nguon-anh-anh-tudo|leader-vs-manager|vai-tro-quan-ly,cao,,g5
6ab69e4af3ad31ef11df0bfb,Càng lên cao càng nhiều điểm mù: sếp cần chủ động xin feedback ngược và phân biệt cảm xúc nhất thời với mô thức lặp lại,nhan-su-quan-tri.lanh-dao-quan-ly-doi-ngu,insight,nguon-ben-ngoai|anh-anh-tudo|feedback-nguoc|diem-mu-lanh-dao|phan-hoi-noi-bo,5.4.1,Tư duy & phong cách lãnh đạo,5.4.2,dieu-hanh,insight,tap-doan,,nguon-ben-ngoai|nguon-anh-anh-tudo|feedback-nguoc|diem-mu-lanh-dao|phan-hoi-noi-bo,cao,,g5
6ab69e57f3ad31ef11df0bff,"Logic vận hành doanh nghiệp: chủ trả giá bằng tiền túi, sếp là người đi làm thuê cấp cao, nhân viên là tài sản có thứ bậc ưu tiên",nhan-su-quan-tri.lanh-dao-quan-ly-doi-ngu|nhan-su-quan-tri.van-hoa-doanh-nghiep,insight,nguon-ben-ngoai|anh-anh-tudo|chu-va-sep|van-hanh-doanh-nghiep|lanh-dao-quan-ly,5.4.1,Tư duy & phong cách lãnh đạo,5.2.2,nhap-mon,insight,tap-doan,,nguon-ben-ngoai|nguon-anh-anh-tudo|chu-va-sep|van-hanh-doanh-nghiep|lanh-dao-quan-ly,thap,Viết cho nhân viên hiểu logic chủ–sếp–nhân viên; có thể 4.3.3 hoặc 5.2.2.,g5
6ab69e58f3ad31ef11df0c00,"""Việc nhẹ lương cao"" của sếp thực chất là ra quyết định: nhận đủ dữ liệu, quyết nhanh, và không né tránh xung đột",nhan-su-quan-tri.lanh-dao-quan-ly-doi-ngu,lesson,nguon-ben-ngoai|anh-anh-tudo|ra-quyet-dinh|ky-nang-quan-ly|xu-ly-xung-dot,5.4.1,Tư duy & phong cách lãnh đạo,5.4.5,van-hanh,lesson,tap-doan,,nguon-ben-ngoai|nguon-anh-anh-tudo|ra-quyet-dinh|xu-ly-xung-dot,cao,,g5
6ab69ef3f3ad31ef11df0c1e,"Sếp không cần được nhân viên yêu quý, nhưng bắt buộc phải được tôn trọng — nhượng bộ quá mức chỉ mua được sự yêu quý ngắn hạn",nhan-su-quan-tri.lanh-dao-quan-ly-doi-ngu,lesson,nguon-ben-ngoai|anh-anh-tudo|uy-tin-lanh-dao|sai-lam-quan-ly|van-hoa-doanh-nghiep,5.4.1,Tư duy & phong cách lãnh đạo,5.4.4,van-hanh,lesson,tap-doan,,nguon-ben-ngoai|nguon-anh-anh-tudo|uy-tin-lanh-dao|sai-lam-quan-ly,cao,,g5
6ab69f3cf3ad31ef11df0c2c,"Đừng bắt nhân viên làm giống mình: sếp chỉ nên can thiệp vào việc, không can thiệp vào tính cách và tư duy nhân viên",nhan-su-quan-tri.lanh-dao-quan-ly-doi-ngu,lesson,nguon-ben-ngoai|anh-anh-tudo|quan-ly-nhan-vien|dao-tao-phat-trien|ky-nang-quan-ly,5.4.1,Tư duy & phong cách lãnh đạo,5.4.3,van-hanh,lesson,tap-doan,,nguon-ben-ngoai|nguon-anh-anh-tudo|quan-ly-nhan-vien,cao,,g5
6ab69fecf3ad31ef11df0c43,"Giữ khoảng cách: sếp đối xử với nhân viên như bạn thân dễ mất kiểm soát đội ngũ, và nhân viên coi sếp là bạn dễ đánh mất chuyên nghiệp",nhan-su-quan-tri.lanh-dao-quan-ly-doi-ngu|nhan-su-quan-tri.van-hoa-doanh-nghiep,lesson,nguon-ben-ngoai|anh-anh-tudo|khoang-cach-lanh-dao|sai-lam-quan-ly|van-hoa-doanh-nghiep,5.4.1,Tư duy & phong cách lãnh đạo,4.3.3,van-hanh,lesson,tap-doan,,nguon-ben-ngoai|nguon-anh-anh-tudo|khoang-cach-lanh-dao|sai-lam-quan-ly,cao,,g5
6ab6a059f3ad31ef11df0c49,Tháp nhân sự đảo ngược: đặt niềm tin và lợi ích của nhân viên lên hàng đầu để tăng tính chủ động và giữ người giỏi,nhan-su-quan-tri.van-hoa-doanh-nghiep,framework,nguon-ben-ngoai|tran-manh-hung|thap-nhan-su-dao-nguoc|tinh-chu-dong|niem-tin-nhan-vien,5.4.1,Tư duy & phong cách lãnh đạo,5.5.1,dieu-hanh,framework,tap-doan,,nguon-ben-ngoai|nguon-tran-manh-hung|thap-nhan-su-dao-nguoc|tinh-chu-dong|niem-tin-nhan-vien,cao,,g5
6ab6f84cf3ad31ef11df0d09,Sợ mất tiền và tâm lý làm việc quyết định tỷ lệ thành công khi bán hàng trên TikTok Shop,tai-chinh.dau-tu-huy-dong-von,insight,nguon-ben-ngoai|the-hoang-work|tu-duy-kinh-doanh|tiktok-shop|quan-ly-doi-ngu,5.4.1,Tư duy & phong cách lãnh đạo,2.5.1,dieu-hanh,insight,vcpart,,nguon-ben-ngoai|nguon-the-hoang-work|tu-duy-kinh-doanh|tiktok-shop,thap,"Tâm lý người làm chủ shop, không phải đầu tư/huy động vốn; có thể 4.3.3 nếu coi là kỹ năng cá nhân.",g3
6ab70197f3ad31ef11df0e29,"Chủ shop nên hiểu đủ mọi khâu để giám sát, nhưng thuê ngoài phần mình không giỏi để giữ đầu óc cho chiến lược",nhan-su-quan-tri.lanh-dao-quan-ly-doi-ngu,lesson,nguon-ben-ngoai|the-hoang-work|quan-ly-doi-ngu|van-hanh-san-tmdt|thue-ngoai,5.4.1,Tư duy & phong cách lãnh đạo,2.5.2,dieu-hanh,lesson,vcpart,,nguon-ben-ngoai|nguon-the-hoang-work|van-hanh-san-tmdt|thue-ngoai,cao,,g5
6ab4bb64b1c921b0a784dc69,"Khen và ghi nhận để định hướng hành vi sales: khen đúng phong cách qua KPI, khen nỗ lực cụ thể, không tỏ ra hài lòng",nhan-su-quan-tri.lanh-dao-quan-ly-doi-ngu|nhan-su-quan-tri.van-hoa-doanh-nghiep,framework,khen-ngoi|ghi-nhan|kpi-sales|dong-luc|nguon-ben-ngoai|do-xuan-tung,5.4.2,"Giao việc, uỷ quyền & phản hồi",5.5.3,van-hanh,framework,tap-doan,,nguon-ben-ngoai|nguon-do-xuan-tung|khen-ngoi|ghi-nhan|kpi-sales|dong-luc,cao,,g5
6ab69516f3ad31ef11df0b29,"Giao việc kèm tiêu chuẩn kết quả: chia theo năng lực, giao đề bài và đích, không vẽ sẵn cách làm",nhan-su-quan-tri.lanh-dao-quan-ly-doi-ngu,framework,nguon-ben-ngoai|co-chinh-qttc|giao-viec|vai-tro-lanh-dao,5.4.2,"Giao việc, uỷ quyền & phản hồi",,van-hanh,framework,tap-doan,,nguon-ben-ngoai|nguon-co-chinh-qttc|giao-viec|vai-tro-lanh-dao,cao,,g5
6ab69cd4f3ad31ef11df0bb8,"Sếp giỏi làm ít nhưng nghĩ nhiều: ủy thác rõ ràng và tin tưởng để nhân sự tự chủ, đặc biệt với high performer",nhan-su-quan-tri.lanh-dao-quan-ly-doi-ngu,framework,nguon-ben-ngoai|anh-anh-tudo|trao-quyen|uy-thac-cong-viec|quan-ly-nhan-su-gioi,5.4.2,"Giao việc, uỷ quyền & phản hồi",,van-hanh,framework,tap-doan,,nguon-ben-ngoai|nguon-anh-anh-tudo|trao-quyen|uy-thac-cong-viec|quan-ly-nhan-su-gioi,cao,,g5
6ab69d2df3ad31ef11df0bca,Quản lý từ xa dễ vận hành trơn tru nhưng dễ khiến nhân viên hụt hẫng nếu thiếu ghi nhận kịp thời và phân quyền rõ,nhan-su-quan-tri.lanh-dao-quan-ly-doi-ngu,case_study,nguon-ben-ngoai|anh-anh-tudo|lam-viec-tu-xa|tu-chu-cong-viec|phan-quyen-ro-rang,5.4.2,"Giao việc, uỷ quyền & phản hồi",5.4.3,van-hanh,case_study,tap-doan,,nguon-ben-ngoai|nguon-anh-anh-tudo|lam-viec-tu-xa|tu-chu-cong-viec|phan-quyen-ro-rang,cao,,g5
6ab69db9f3ad31ef11df0be1,"Khi nào nên góp ý, khi nào nên im lặng: quy tắc 10 giây và tránh mắng-chê công khai",nhan-su-quan-tri.lanh-dao-quan-ly-doi-ngu|nhan-su-quan-tri.van-hoa-doanh-nghiep,lesson,nguon-ben-ngoai|anh-anh-tudo|phan-hoi-nhan-vien|ky-nang-giao-tiep|van-hoa-doanh-nghiep,5.4.2,"Giao việc, uỷ quyền & phản hồi",,van-hanh,lesson,tap-doan,,nguon-ben-ngoai|nguon-anh-anh-tudo|phan-hoi-nhan-vien|ky-nang-giao-tiep,cao,,g5
6ab69eebf3ad31ef11df0c1b,Phân biệt nhân viên cãi vì kiến thức phản biện hay vì cái tôi: 4 câu hỏi để kiểm tra,nhan-su-quan-tri.dao-tao-phat-trien|nhan-su-quan-tri.lanh-dao-quan-ly-doi-ngu,framework,nguon-ben-ngoai|anh-anh-tudo|dao-tao-nhan-vien|quan-ly-doi-ngu|phan-bien,5.4.2,"Giao việc, uỷ quyền & phản hồi",4.3.4|5.4.5,van-hanh,framework,tap-doan,,nguon-ben-ngoai|nguon-anh-anh-tudo|dao-tao-nhan-vien|phan-bien,thap,Kỹ năng của leader khi nhân viên phản biện; có thể 5.4.5 (xử lý xung đột),g6
6ab73cbfb43e7b02a2eab664,"Gen Z nhạy cảm và mộng mơ hơn: quản lý phải phản hồi tức thời, cụ thể, thay vì phó mặc rồi trách",nhan-su-quan-tri.lanh-dao-quan-ly-doi-ngu|nhan-su-quan-tri.tuyen-dung,insight,nguon-ben-ngoai|tran-manh-hung|quan-ly-gen-z|phan-hoi-nhan-vien|tuyen-dung,5.4.2,"Giao việc, uỷ quyền & phản hồi",5.4.3,van-hanh,insight,tap-doan,,nguon-ben-ngoai|nguon-tran-manh-hung|quan-ly-gen-z|phan-hoi-nhan-vien,cao,,g5
6ab4bb42b1c921b0a784dc60,"Lương cao không tự tạo động lực: động lực sales đổi theo giai đoạn (nghề, tiền, danh, quyền) và cần lãnh đạo tạo giá trị thật",nhan-su-quan-tri.lanh-dao-quan-ly-doi-ngu|nhan-su-quan-tri.van-hoa-doanh-nghiep,insight,dong-luc|co-che-luong|lo-trinh-thang-tien|gen-z|nguon-ben-ngoai|do-xuan-tung,5.4.3,Tạo động lực & giữ người (Gen Z),,dieu-hanh,insight,tap-doan,qt.nhan-su.d,nguon-ben-ngoai|nguon-do-xuan-tung|dong-luc|co-che-luong|lo-trinh-thang-tien|gen-z,cao,,g5
6ab4bb5fb1c921b0a784dc66,"Giữ thợ bằng 4 tầng nhu cầu (đủ sống, an toàn, chia sẻ, được tôn trọng) và bằng xưởng có việc đều — trả đủ lương thôi chưa đủ",nhan-su-quan-tri.lanh-dao-quan-ly-doi-ngu|nhan-su-quan-tri.van-hoa-doanh-nghiep|nganh-o-to.dich-vu-garage,framework,giu-chan-nhan-su|thap-nhu-cau|xuong-vang|tho-ky-thuat|nguon-ben-ngoai|goc-gara,5.4.3,Tạo động lực & giữ người (Gen Z),0.3.3,dieu-hanh,framework,vcservice,qt.nhan-su.d,nguon-ben-ngoai|nguon-goc-gara|giu-chan-nhan-su|thap-nhu-cau|xuong-vang|tho-ky-thuat,cao,,g5
6ab4bbf1b1c921b0a784dc89,"Đọc tín hiệu để giữ người: 3 dấu hiệu sales sắp nghỉ, dấu hiệu nhân tài cần đề bạt ngay và kịch bản giữ người mới xin nghỉ trong 2–3 tháng đầu",nhan-su-quan-tri.lanh-dao-quan-ly-doi-ngu|nhan-su-quan-tri.dao-tao-phat-trien,framework,giu-chan-nhan-su|dau-hieu-nghi-viec|de-bat|nguon-ben-ngoai|do-xuan-tung,5.4.3,Tạo động lực & giữ người (Gen Z),4.2.4,van-hanh,framework,tap-doan,qt.nhan-su.d,nguon-ben-ngoai|nguon-do-xuan-tung|giu-chan-nhan-su|dau-hieu-nghi-viec|de-bat,cao,,g5
6ab4bc37b1c921b0a784dc91,"Giữ sales giỏi lâu dài bằng ""làm thầy – làm sếp – làm anh"", không bằng thả tự do hay hợp đồng ràng buộc",nhan-su-quan-tri.lanh-dao-quan-ly-doi-ngu|nhan-su-quan-tri.van-hoa-doanh-nghiep,insight,giu-chan-nhan-su|lam-thay-lam-sep-lam-anh|khach-hang-noi-bo|nguon-ben-ngoai|do-xuan-tung,5.4.3,Tạo động lực & giữ người (Gen Z),,dieu-hanh,insight,tap-doan,qt.nhan-su.d,nguon-ben-ngoai|nguon-do-xuan-tung|giu-chan-nhan-su|lam-thay-lam-sep-lam-anh|khach-hang-noi-bo,cao,,g5
6ab693c1f3ad31ef11df0aec,"Giữ chân nhân sự: tăng lương liên tục vẫn nghỉ vì thiếu công bằng, mục tiêu rõ và cảm giác được thấu hiểu",nhan-su-quan-tri.lanh-dao-quan-ly-doi-ngu|nhan-su-quan-tri.van-hoa-doanh-nghiep,insight,nguon-ben-ngoai|co-chinh-qttc|giu-chan-nhan-vien|dong-luc-nhan-vien|van-hoa-doanh-nghiep,5.4.3,Tạo động lực & giữ người (Gen Z),4.4.1,dieu-hanh,insight,tap-doan,qt.nhan-su.d,nguon-ben-ngoai|nguon-co-chinh-qttc|giu-chan-nhan-vien|dong-luc,cao,,g5
6ab699dcf3ad31ef11df0b42,"Nhân viên giỏi nghỉ việc không đột ngột: họ đã chuẩn bị âm thầm, còn quản lý thì chưa tìm hiểu đủ kỹ",nhan-su-quan-tri.lanh-dao-quan-ly-doi-ngu,insight,nguon-ben-ngoai|mentor-ha-nguyen|giu-nhan-tai|lanh-dao-doi-ngu,5.4.3,Tạo động lực & giữ người (Gen Z),,van-hanh,insight,tap-doan,qt.nhan-su.d,nguon-ben-ngoai|nguon-mentor-ha-nguyen|giu-nhan-tai,cao,,g5
6ab699f4f3ad31ef11df0b49,"Khi nhân viên xin tăng lương: ghi nhận sự dũng cảm, rà lại cơ chế lương, và chuẩn bị sẵn 2 kịch bản đàm phán",nhan-su-quan-tri.lanh-dao-quan-ly-doi-ngu,lesson,nguon-ben-ngoai|mentor-ha-nguyen|tang-luong|quan-ly-nhan-su,5.4.3,Tạo động lực & giữ người (Gen Z),4.4.1,van-hanh,lesson,tap-doan,qt.nhan-su.c,nguon-ben-ngoai|nguon-mentor-ha-nguyen|tang-luong|quan-ly-nhan-su,cao,,g5
6ab69ae2f3ad31ef11df0b81,Người giỏi nghỉ việc không phải vì lương mà vì mất cơ hội thể hiện năng lực và sợ nhàm chán,nhan-su-quan-tri.dao-tao-phat-trien|nhan-su-quan-tri.van-hoa-doanh-nghiep|nhan-su-quan-tri.lanh-dao-quan-ly-doi-ngu,insight,nguon-ben-ngoai|mentor-ha-nguyen|giu-chan-nhan-tai|nghi-viec|dong-luc-lam-viec,5.4.3,Tạo động lực & giữ người (Gen Z),4.6.4,dieu-hanh,insight,tap-doan,qt.nhan-su.d,nguon-ben-ngoai|nguon-mentor-ha-nguyen|giu-chan-nhan-tai|nghi-viec|dong-luc-lam-viec,cao,,g6
6ab69b7bf3ad31ef11df0b90,4 yếu tố quyết định nhân viên có trung thành với công ty hay không,nhan-su-quan-tri.lanh-dao-quan-ly-doi-ngu,framework,nguon-ben-ngoai|mentor-ha-nguyen|giu-chan-nhan-su,5.4.3,Tạo động lực & giữ người (Gen Z),,thiet-ke,framework,tap-doan,qt.nhan-su.d,nguon-ben-ngoai|nguon-mentor-ha-nguyen|giu-chan-nhan-su,cao,,g5
6ab69c4cf3ad31ef11df0b9b,"4 nhóm hình thức ghi nhận nhân viên ngoài tăng lương: vinh danh, đặc quyền, cơ hội phát triển",nhan-su-quan-tri.lanh-dao-quan-ly-doi-ngu|nhan-su-quan-tri.dao-tao-phat-trien,framework,nguon-ben-ngoai|anh-anh-tudo|ghi-nhan-nhan-vien|luong-thuong|dong-luc-nhan-vien,5.4.3,Tạo động lực & giữ người (Gen Z),5.5.3,thiet-ke,framework,tap-doan,,nguon-ben-ngoai|nguon-anh-anh-tudo|ghi-nhan-nhan-vien|luong-thuong|dong-luc,cao,,g5
6ab69c66f3ad31ef11df0ba3,Sếp cần chủ động tìm hiểu hoàn cảnh sống của từng nhân viên trước khi đánh giá thái độ hay hiệu suất,nhan-su-quan-tri.lanh-dao-quan-ly-doi-ngu|nhan-su-quan-tri.van-hoa-doanh-nghiep,lesson,nguon-ben-ngoai|anh-anh-tudo|thau-hieu-nhan-vien|giao-tiep-sep-nhan-vien|van-hoa-doanh-nghiep,5.4.3,Tạo động lực & giữ người (Gen Z),4.5.2,van-hanh,lesson,tap-doan,,nguon-ben-ngoai|nguon-anh-anh-tudo|thau-hieu-nhan-vien|giao-tiep-sep-nhan-vien,cao,,g5
6ab69ca7f3ad31ef11df0baf,"""Trả đúng năng lực, muốn đi thì đi"" nghe win-win nhưng phủ nhận công sức và dễ mất người tốt",nhan-su-quan-tri.lanh-dao-quan-ly-doi-ngu|nhan-su-quan-tri.van-hoa-doanh-nghiep,insight,nguon-ben-ngoai|anh-anh-tudo|dam-phan-luong|giu-chan-nhan-vien|van-hoa-doanh-nghiep,5.4.3,Tạo động lực & giữ người (Gen Z),4.4.1,dieu-hanh,insight,tap-doan,qt.nhan-su.d,nguon-ben-ngoai|nguon-anh-anh-tudo|dam-phan-luong|giu-chan-nhan-vien,cao,,g5
6ab69d90f3ad31ef11df0bda,"4 kiểu ""không ghi nhận"" khiến nhân viên gắn bó lâu năm âm thầm rời đi",nhan-su-quan-tri.lanh-dao-quan-ly-doi-ngu,insight,nguon-ben-ngoai|anh-anh-tudo|ghi-nhan-nhan-vien|nghi-viec|quan-ly-doi-ngu,5.4.3,Tạo động lực & giữ người (Gen Z),5.5.3,van-hanh,insight,tap-doan,qt.nhan-su.d,nguon-ben-ngoai|nguon-anh-anh-tudo|ghi-nhan-nhan-vien|nghi-viec,cao,,g5
6ab69dc1f3ad31ef11df0be3,"Thuyết Herzberg và tháp Maslow: lương cao chỉ hết bất mãn, muốn có động lực cao phải có ghi nhận và cơ hội thành đạt",nhan-su-quan-tri.lanh-dao-quan-ly-doi-ngu,framework,nguon-ben-ngoai|tran-manh-hung|thuyet-herzberg|thap-maslow|dong-luc-nhan-vien|ghi-nhan-nhan-su,5.4.3,Tạo động lực & giữ người (Gen Z),4.4.2,thiet-ke,framework,tap-doan,qt.nhan-su.d,nguon-ben-ngoai|nguon-tran-manh-hung|thuyet-herzberg|thap-maslow|dong-luc|ghi-nhan-nhan-su,cao,,g5
6ab69de5f3ad31ef11df0be7,"Nhân viên gia nhập vì điều lớn, nghỉ vì điều nhỏ: kỳ vọng ngầm không nói ra và tiểu tiết bị ngó lơ",nhan-su-quan-tri.lanh-dao-quan-ly-doi-ngu,case_study,nguon-ben-ngoai|anh-anh-tudo|nghi-viec|ky-vong-ngam|van-hoa-doanh-nghiep,5.4.3,Tạo động lực & giữ người (Gen Z),,van-hanh,case_study,tap-doan,qt.nhan-su.d,nguon-ben-ngoai|nguon-anh-anh-tudo|nghi-viec|ky-vong-ngam,cao,,g5
6ab69e32f3ad31ef11df0bf7,"Sếp nên ủng hộ nhân viên rời đi vì mục tiêu mới, nhưng cần chủ động trấn an tinh thần đội ngũ còn lại",nhan-su-quan-tri.lanh-dao-quan-ly-doi-ngu|nhan-su-quan-tri.van-hoa-doanh-nghiep,lesson,nguon-ben-ngoai|anh-anh-tudo|nghi-viec|quan-ly-doi-ngu|van-hoa-doanh-nghiep,5.4.3,Tạo động lực & giữ người (Gen Z),4.6.4,van-hanh,lesson,tap-doan,qt.nhan-su.d,nguon-ben-ngoai|nguon-anh-anh-tudo|nghi-viec,cao,,g5
6ab69ea9f3ad31ef11df0c11,"Quản lý gen Z không khó hơn thế hệ trước: gen Z nói thẳng nhu cầu, còn 7x-8x-9x quen quan sát và đánh giá con người",nhan-su-quan-tri.van-hoa-doanh-nghiep,insight,nguon-ben-ngoai|anh-anh-tudo|quan-ly-gen-z|khac-biet-the-he|van-hoa-doanh-nghiep,5.4.3,Tạo động lực & giữ người (Gen Z),5.5.1,van-hanh,insight,tap-doan,,nguon-ben-ngoai|nguon-anh-anh-tudo|quan-ly-gen-z|khac-biet-the-he,cao,,g5
6ab4ba27b1c921b0a784dc17,"KPI là vũ khí tự vệ của quản lý cấp trung: phản biện chỉ tiêu ""ước chừng"" của sếp bằng số liệu tăng trưởng",nhan-su-quan-tri.lanh-dao-quan-ly-doi-ngu|tai-chinh.ngan-sach-ke-hoach,insight,kpi|quan-ly-cap-trung|phan-bien-chi-tieu|nguon-ben-ngoai|do-xuan-tung,5.4.4,Quản lý cấp trung,5.3.1,van-hanh,insight,tap-doan,qt.dieu-hanh-thang.a,nguon-ben-ngoai|nguon-do-xuan-tung|kpi|quan-ly-cap-trung|phan-bien-chi-tieu,cao,,g5
6ab4bbaab1c921b0a784dc79,Sales giỏi mới lên quản lý hay nghỉ vì cô đơn: chủ doanh nghiệp phải giao việc rõ và kèm cặp ngay từ những tuần đầu,nhan-su-quan-tri.lanh-dao-quan-ly-doi-ngu|nhan-su-quan-tri.dao-tao-phat-trien,lesson,de-bat-quan-ly|quan-ly-moi|giu-chan-nhan-su|kem-cap|nguon-ben-ngoai|do-xuan-tung,5.4.4,Quản lý cấp trung,4.3.4,dieu-hanh,lesson,tap-doan,,nguon-ben-ngoai|nguon-do-xuan-tung|de-bat-quan-ly|quan-ly-moi|giu-chan-nhan-su|kem-cap,cao,,g5
6ab699c2f3ad31ef11df0b3e,"4 nỗi sợ khiến nhân sự giỏi khủng hoảng khi mới lên quản lý cấp trung, gốc rễ là mất vùng an toàn cũ",nhan-su-quan-tri.lanh-dao-quan-ly-doi-ngu|nhan-su-quan-tri.dao-tao-phat-trien,insight,nguon-ben-ngoai|mentor-ha-nguyen|quan-ly-cap-trung|tam-ly-lanh-dao|len-chuc,5.4.4,Quản lý cấp trung,4.3.4,van-hanh,insight,tap-doan,,nguon-ben-ngoai|nguon-mentor-ha-nguyen|quan-ly-cap-trung|tam-ly-lanh-dao|len-chuc,cao,,g5
6ab699f2f3ad31ef11df0b47,"Vì sao quản lý cấp trung ""có danh không có quyền"", và 4 trụ cột quyền lực để có thực quyền",nhan-su-quan-tri.lanh-dao-quan-ly-doi-ngu,framework,nguon-ben-ngoai|mentor-ha-nguyen|quan-ly-cap-trung|thuc-quyen|bo-nhiem,5.4.4,Quản lý cấp trung,5.2.2,thiet-ke,framework,tap-doan,,nguon-ben-ngoai|nguon-mentor-ha-nguyen|quan-ly-cap-trung|thuc-quyen|bo-nhiem,cao,,g5
6ab69a17f3ad31ef11df0b4f,"3 điều phải hiểu ngay khi lên ghế quản lý: hiểu mình, hiểu người, hiểu cuộc chơi quyền lực",nhan-su-quan-tri.lanh-dao-quan-ly-doi-ngu,framework,nguon-ben-ngoai|mentor-ha-nguyen|len-chuc|quan-ly-cap-trung|ky-nang-quan-ly,5.4.4,Quản lý cấp trung,,van-hanh,framework,tap-doan,,nguon-ben-ngoai|nguon-mentor-ha-nguyen|len-chuc|quan-ly-cap-trung,cao,,g5
6ab69a41f3ad31ef11df0b5b,5 câu hỏi cốt lõi và 3 tầng quản trị (đội ngũ - công việc - bản thân) mà quản lý cấp trung cần trả lời,nhan-su-quan-tri.lanh-dao-quan-ly-doi-ngu,framework,nguon-ben-ngoai|mentor-ha-nguyen|quan-ly-cap-trung|quan-tri-doi-ngu|ky-nang-quan-ly,5.4.4,Quản lý cấp trung,,van-hanh,framework,tap-doan,,nguon-ben-ngoai|nguon-mentor-ha-nguyen|quan-ly-cap-trung|quan-tri-doi-ngu,cao,,g5
6ab69a52f3ad31ef11df0b60,"Team lead mới cần tách bạch 2 vai trò: 90% là phụ trách chuyên môn, quyết định nhân sự thuộc về cấp trên",nhan-su-quan-tri.lanh-dao-quan-ly-doi-ngu,concept,nguon-ben-ngoai|mentor-ha-nguyen|team-lead|quan-ly-nhan-su,5.4.4,Quản lý cấp trung,,nhap-mon,concept,tap-doan,,nguon-ben-ngoai|nguon-mentor-ha-nguyen|team-lead|quan-ly-nhan-su,cao,,g5
6ab69a5af3ad31ef11df0b62,"Quản lý mới lên chức: bỏ thói quen ôm việc và đừng cố làm hài lòng tất cả để tránh kiệt sức, mất uy",nhan-su-quan-tri.lanh-dao-quan-ly-doi-ngu,lesson,nguon-ben-ngoai|mentor-ha-nguyen|quan-ly-cap-trung|uy-quyen|giao-viec,5.4.4,Quản lý cấp trung,5.4.2,van-hanh,lesson,tap-doan,,nguon-ben-ngoai|nguon-mentor-ha-nguyen|quan-ly-cap-trung|uy-quyen|giao-viec,cao,,g5
6ab69a66f3ad31ef11df0b65,"3 việc team lead mới cần triển khai ngay: xác định thách thức, chủ động đề xuất, đánh giá lại đội ngũ",nhan-su-quan-tri.lanh-dao-quan-ly-doi-ngu,framework,nguon-ben-ngoai|mentor-ha-nguyen|team-lead|thang-tien,5.4.4,Quản lý cấp trung,,van-hanh,framework,tap-doan,,nguon-ben-ngoai|nguon-mentor-ha-nguyen|team-lead|thang-tien,cao,,g5
6ab69a7ef3ad31ef11df0b6a,"3 kỹ năng cốt lõi khi mới lên chức: hoạch định chiến lược, quản lý thời gian, lãnh đạo đội ngũ",nhan-su-quan-tri.lanh-dao-quan-ly-doi-ngu,framework,nguon-ben-ngoai|mentor-ha-nguyen|thang-tien|ky-nang-lanh-dao,5.4.4,Quản lý cấp trung,,van-hanh,framework,tap-doan,,nguon-ben-ngoai|nguon-mentor-ha-nguyen|thang-tien|ky-nang-lanh-dao,cao,,g5
6ab69a99f3ad31ef11df0b71,Lên chức là đổi cả cách được đánh giá lẫn cuộc sống cá nhân: từ áp lực nhân sự đến hy sinh thời gian gia đình,nhan-su-quan-tri.lanh-dao-quan-ly-doi-ngu,insight,nguon-ben-ngoai|mentor-ha-nguyen|thang-tien|ap-luc-lanh-dao,5.4.4,Quản lý cấp trung,4.3.3,van-hanh,insight,tap-doan,,nguon-ben-ngoai|nguon-mentor-ha-nguyen|thang-tien|ap-luc-lanh-dao,cao,,g5
6ab69aadf3ad31ef11df0b76,"Chuẩn bị khi tiếp quản vị trí mới: hiểu lý do được tuyển, quyền lực thực sự vận hành, phân loại đội ngũ",nhan-su-quan-tri.dao-tao-phat-trien,framework,nguon-ben-ngoai|mentor-ha-nguyen|tiep-quan-vi-tri-moi|quan-ly-cap-trung|hoi-nhap-cong-ty,5.4.4,Quản lý cấp trung,4.2.4,van-hanh,framework,tap-doan,qt.nhan-su.b,nguon-ben-ngoai|nguon-mentor-ha-nguyen|tiep-quan-vi-tri-moi|quan-ly-cap-trung|hoi-nhap-cong-ty,cao,,g6
6ab69ab0f3ad31ef11df0b79,"Leader luôn ""trên đe dưới búa"": chịu KPI từ sếp, bảo vệ nhân viên bên dưới, và phải học cách chấp nhận cô đơn",nhan-su-quan-tri.lanh-dao-quan-ly-doi-ngu,insight,nguon-ben-ngoai|mentor-ha-nguyen|ap-luc-lanh-dao|lanh-dao-doi-ngu,5.4.4,Quản lý cấp trung,,van-hanh,insight,tap-doan,,nguon-ben-ngoai|nguon-mentor-ha-nguyen|ap-luc-lanh-dao,cao,,g5
6ab69b4df3ad31ef11df0b8c,"Khi nhân viên cãi sếp không sợ hậu quả: leader cần đối thoại với sếp trên trước, làm rõ quyền hạn",nhan-su-quan-tri.lanh-dao-quan-ly-doi-ngu,lesson,nguon-ben-ngoai|mentor-ha-nguyen|phan-hoi-phan-bien|quyen-han-leader,5.4.4,Quản lý cấp trung,5.4.5,van-hanh,lesson,tap-doan,,nguon-ben-ngoai|nguon-mentor-ha-nguyen|phan-hoi-phan-bien|quyen-han-leader,cao,,g5
6ab69d61f3ad31ef11df0bd1,Mới lên làm sếp: đi lùi tạm thời là bình thường vì kỹ năng cần lại khác hẳn kỹ năng từng giúp bạn được thăng chức,nhan-su-quan-tri.lanh-dao-quan-ly-doi-ngu,insight,nguon-ben-ngoai|anh-anh-tudo|quan-ly-moi|ky-nang-quan-ly|lanh-dao-doi-ngu,5.4.4,Quản lý cấp trung,,van-hanh,insight,tap-doan,,nguon-ben-ngoai|nguon-anh-anh-tudo|quan-ly-moi,cao,,g5
6ab69e9ff3ad31ef11df0c0f,"5 sai lầm phổ biến của quản lý mới và bài học ""lần đầu làm sếp"": ai cũng đang quan sát bạn",nhan-su-quan-tri.lanh-dao-quan-ly-doi-ngu,lesson,nguon-ben-ngoai|anh-anh-tudo|quan-ly-moi|sai-lam-quan-ly|xay-dung-uy-tin,5.4.4,Quản lý cấp trung,,van-hanh,lesson,tap-doan,,nguon-ben-ngoai|nguon-anh-anh-tudo|quan-ly-moi|sai-lam-quan-ly|xay-dung-uy-tin,cao,,g5
6ab69f97f3ad31ef11df0c39,"Leader mới xây uy tín với nhân sự cũ: nể phục là kết quả chứng minh được, không phải đặc quyền đi kèm chức danh",nhan-su-quan-tri.lanh-dao-quan-ly-doi-ngu,framework,nguon-ben-ngoai|anh-anh-tudo|xay-dung-uy-tin|quan-ly-moi|lanh-dao-doi-ngu,5.4.4,Quản lý cấp trung,5.4.1,van-hanh,framework,tap-doan,,nguon-ben-ngoai|nguon-anh-anh-tudo|xay-dung-uy-tin|quan-ly-moi,cao,,g5
6ab69fd6f3ad31ef11df0c40,"Nhân viên báo cáo vượt cấp về lỗi của sếp mới: đừng vội quy là ghen tị, hãy tự chất vấn năng lực và quy trình báo cáo",nhan-su-quan-tri.lanh-dao-quan-ly-doi-ngu,lesson,nguon-ben-ngoai|anh-anh-tudo|luong-thuong|gia-tri-lanh-dao|quy-trinh-bao-cao,5.4.4,Quản lý cấp trung,5.4.5,van-hanh,lesson,tap-doan,,nguon-ben-ngoai|nguon-anh-anh-tudo|gia-tri-lanh-dao|quy-trinh-bao-cao,cao,,g5
6ab69fe8f3ad31ef11df0c42,Giám đốc nên đàm phán để trưởng phòng tự nhận mục tiêu thay vì áp đặt từ trên xuống,nhan-su-quan-tri.lanh-dao-quan-ly-doi-ngu,lesson,nguon-ben-ngoai|tran-manh-hung|dam-phan-muc-tieu|lap-ke-hoach-ban-hang|giao-viec,5.4.4,Quản lý cấp trung,5.3.1,dieu-hanh,lesson,tap-doan,qt.dieu-hanh-thang.a,nguon-ben-ngoai|nguon-tran-manh-hung|dam-phan-muc-tieu|lap-ke-hoach-ban-hang|giao-viec,cao,,g5
6ab6a3c6f3ad31ef11df0c76,"Quản lý mới nhậm chức: từ nhún nhường sang quyết đoán để xây uy quyền, quan sát trước khi hành động",nhan-su-quan-tri.lanh-dao-quan-ly-doi-ngu,lesson,nguon-ben-ngoai|goc-ghe-hang-a|lanh-dao|quan-ly-doi-ngu|xay-dung-uy-quyen,5.4.4,Quản lý cấp trung,5.4.1,van-hanh,lesson,tap-doan,,nguon-ben-ngoai|nguon-goc-ghe-hang-a|lanh-dao|xay-dung-uy-quyen,cao,,g5
6ab4bbd8b1c921b0a784dc84,"Luật giao tiếp trong đội sales để chấm dứt đổ lỗi, ""lái sếp"" và phát ngôn tiêu cực: nêu vấn đề phải kèm 2 giải pháp",nhan-su-quan-tri.lanh-dao-quan-ly-doi-ngu|nhan-su-quan-tri.van-hoa-doanh-nghiep,framework,quan-ly-sales|van-hoa-doi-nhom|do-loi|tieu-cuc|nguon-ben-ngoai|do-xuan-tung,5.4.5,Xử lý xung đột & kỷ luật đội,5.5.1,van-hanh,framework,tap-doan,,nguon-ben-ngoai|nguon-do-xuan-tung|quan-ly-sales|van-hoa-doi-nhom|do-loi|tieu-cuc,cao,,g5
6ab4bbf5b1c921b0a784dc8c,"Xử lý nhân viên chống lệnh và bè phái: xin quyền kỷ luật kèm giải pháp, tìm chất kết dính của nhóm và giao đủ việc",nhan-su-quan-tri.lanh-dao-quan-ly-doi-ngu|nhan-su-quan-tri.van-hoa-doanh-nghiep,lesson,ky-luat|be-phai|quan-ly-cap-trung|quan-ly-sales|nguon-ben-ngoai|do-xuan-tung,5.4.5,Xử lý xung đột & kỷ luật đội,5.4.4,van-hanh,lesson,tap-doan,,nguon-ben-ngoai|nguon-do-xuan-tung|ky-luat|be-phai|quan-ly-cap-trung|quan-ly-sales,cao,,g5
6ab69a0bf3ad31ef11df0b4d,"Xung đột lợi ích trong công việc đến từ 3 góc nhìn khác nhau: nhân viên, quản lý cấp trung và sếp tổng",nhan-su-quan-tri.lanh-dao-quan-ly-doi-ngu,framework,nguon-ben-ngoai|mentor-ha-nguyen|xung-dot-loi-ich|lanh-dao-doi-ngu,5.4.5,Xử lý xung đột & kỷ luật đội,5.4.4,van-hanh,framework,tap-doan,,nguon-ben-ngoai|nguon-mentor-ha-nguyen|xung-dot-loi-ich,cao,,g5
6ab69b1cf3ad31ef11df0b89,"Vì sao nhân viên dám cãi sếp, và ranh giới giữa cãi xây dựng với làm mất mặt",nhan-su-quan-tri.lanh-dao-quan-ly-doi-ngu,insight,nguon-ben-ngoai|mentor-ha-nguyen|phan-hoi-phan-bien|uy-tin-lanh-dao,5.4.5,Xử lý xung đột & kỷ luật đội,4.3.3,van-hanh,insight,tap-doan,,nguon-ben-ngoai|nguon-mentor-ha-nguyen|phan-hoi-phan-bien|uy-tin-lanh-dao,cao,,g5
6ab69cb0f3ad31ef11df0bb0,"Khung 3 góc nhìn khi xử lý xung đột nơi công sở: mình, đối phương, người ngoài cuộc",nhan-su-quan-tri.lanh-dao-quan-ly-doi-ngu,framework,nguon-ben-ngoai|anh-anh-tudo|xung-dot-noi-bo|ky-nang-lang-nghe|van-hoa-doanh-nghiep,5.4.5,Xử lý xung đột & kỷ luật đội,4.3.3,van-hanh,framework,tap-doan,,nguon-ben-ngoai|nguon-anh-anh-tudo|xung-dot-noi-bo|ky-nang-lang-nghe,thap,Khung dùng cho cả người trong cuộc lẫn người hoà giải; có thể 4.3.3.,g5
6ab69f49f3ad31ef11df0c2e,"Xử lý nhân viên đóng vai nạn nhân/đặt điều: kiên nhẫn, giữ vững tinh thần, để thời gian phơi bày sự thật",nhan-su-quan-tri.lanh-dao-quan-ly-doi-ngu,lesson,nguon-ben-ngoai|anh-anh-tudo|quan-ly-doi-ngu|xung-dot-noi-bo|suc-khoe-tinh-than,5.4.5,Xử lý xung đột & kỷ luật đội,,van-hanh,lesson,tap-doan,,nguon-ben-ngoai|nguon-anh-anh-tudo|xung-dot-noi-bo|suc-khoe-tinh-than,cao,,g5
6ab6a011f3ad31ef11df0c45,Xử lý tình huống nhân viên nói xấu sếp và tiêm nhiễm suy nghĩ tiêu cực cho người mới,nhan-su-quan-tri.lanh-dao-quan-ly-doi-ngu|nhan-su-quan-tri.van-hoa-doanh-nghiep,case_study,nguon-ben-ngoai|anh-anh-tudo|quan-ly-doi-ngu|van-hoa-doanh-nghiep,5.4.5,Xử lý xung đột & kỷ luật đội,,van-hanh,case_study,tap-doan,,nguon-ben-ngoai|nguon-anh-anh-tudo|xung-dot-noi-bo,cao,,g5
6ab4bbb0b1c921b0a784dc7b,"Ngăn sales giỏi thành ""kiêu binh"": 3 giai đoạn tự ti – tự tin – tinh tướng và cách giải mã, nâng cấp, tạo đối trọng",nhan-su-quan-tri.lanh-dao-quan-ly-doi-ngu|nhan-su-quan-tri.dao-tao-phat-trien,framework,quan-ly-sales|best-seller|kieu-binh|ke-nhiem|nguon-ben-ngoai|do-xuan-tung,5.4.6,Xây đội & kế thừa,5.4.5,dieu-hanh,framework,tap-doan,,nguon-ben-ngoai|nguon-do-xuan-tung|quan-ly-sales|best-seller|kieu-binh|ke-nhiem,cao,,g5
6ab4bbbcb1c921b0a784dc7e,"Dùng người nhà, người thân và đội thợ cũ ở gara: rạch ròi tình cảm – công việc, tin tưởng phải đi kèm kiểm soát, chuyên nghiệp hóa vừa sức",nhan-su-quan-tri.lanh-dao-quan-ly-doi-ngu|nhan-su-quan-tri.van-hoa-doanh-nghiep|nganh-o-to.dich-vu-garage,lesson,nguoi-nha|kiem-soat-noi-bo|giu-chan-nhan-su|kpi|nguon-ben-ngoai|goc-gara,5.4.6,Xây đội & kế thừa,0.3.3,dieu-hanh,lesson,vcservice,,nguon-ben-ngoai|nguon-goc-gara|nguoi-nha|giu-chan-nhan-su|kpi,cao,,g5
6ab69e22f3ad31ef11df0bf4,Ma trận thái độ-kết quả (sói/linh cẩu/thỏ/chuột) và nguyên tắc 70-20-10 để quyết định giữ hay đuổi nhân sự,nhan-su-quan-tri.lanh-dao-quan-ly-doi-ngu,framework,nguon-ben-ngoai|tran-manh-hung|ma-tran-thai-do-ket-qua|quy-tac-70-20-10|quan-tri-nhan-su,5.4.6,Xây đội & kế thừa,5.4.5|4.5.3,dieu-hanh,framework,tap-doan,qt.nhan-su.d,nguon-ben-ngoai|nguon-tran-manh-hung|ma-tran-thai-do-ket-qua|quy-tac-70-20-10|quan-tri-nhan-su,cao,,g5
6ab69e95f3ad31ef11df0c0d,"Chọn người đề bạt lên quản lý: tính ownership, chung tư duy, không ích kỷ — và tránh chọn đại",nhan-su-quan-tri.tuyen-dung|nhan-su-quan-tri.lanh-dao-quan-ly-doi-ngu,framework,nguon-ben-ngoai|anh-anh-tudo|de-bat|quan-ly-doi-ngu|phat-trien-lanh-dao,5.4.6,Xây đội & kế thừa,4.3.4|4.1.3,dieu-hanh,framework,tap-doan,,nguon-ben-ngoai|nguon-anh-anh-tudo|de-bat|phat-trien-lanh-dao,thap,Có thể 4.3.4 (phát triển kế thừa) hoặc 4.1.3 (thăng tiến),g6
6ab6a364f3ad31ef11df0c74,"3 điều cần chuẩn bị trước khi xây team marketing: mục tiêu, mô tả công việc, định mức chi phí",nhan-su-quan-tri.lanh-dao-quan-ly-doi-ngu,framework,nguon-ben-ngoai|tien-hoc-marketing|xay-dung-team-marketing|quan-ly-doi-ngu,5.4.6,Xây đội & kế thừa,4.1.2|1.1.1,thiet-ke,framework,tap-doan,qt.nhan-su.a,nguon-ben-ngoai|nguon-tien-hoc-marketing|xay-dung-team-marketing,thap,Có thể 4.1.1 (định biên) hoặc 1.1.1 (kế hoạch & ngân sách marketing).,g5
6ab6fed7f3ad31ef11df0e0a,"Đưa người nhà vào làm cùng dễ khiến quyết định khó dứt khoát, nên tách trách nhiệm rõ ràng hoặc không làm chung",nhan-su-quan-tri.van-hoa-doanh-nghiep,lesson,nguon-ben-ngoai|the-hoang-work|nhan-su-gia-dinh|van-hoa-doanh-nghiep|quan-ly-nhan-su,5.4.6,Xây đội & kế thừa,5.5.1,dieu-hanh,lesson,tap-doan,,nguon-ben-ngoai|nguon-the-hoang-work|nhan-su-gia-dinh|quan-ly-nhan-su,cao,,g5
6ab73d94b43e7b02a2eab685,"Muốn dùng nhân sự trình độ thấp, người quản lý bắt buộc phải có trình độ cao hơn tương ứng",nhan-su-quan-tri.lanh-dao-quan-ly-doi-ngu,framework,nguon-ben-ngoai|tran-manh-hung|tuyen-dung|quan-tri-nhan-su|dao-tao,5.4.6,Xây đội & kế thừa,4.2.3,dieu-hanh,framework,tap-doan,qt.nhan-su.a,nguon-ben-ngoai|nguon-tran-manh-hung|quan-tri-nhan-su|dao-tao,cao,,g5
6ab4bbb7b1c921b0a784dc7d,"Quan hệ chủ – thợ là trao đổi giá trị với cam kết hai chiều: chủ trả lương đúng hạn bất kể lý do, thợ làm tốt vai trò, không ai ""nuôi"" ai",nhan-su-quan-tri.van-hoa-doanh-nghiep|nhan-su-quan-tri.lanh-dao-quan-ly-doi-ngu|nganh-o-to.huong-nghiep-nganh-o-to,insight,quan-he-chu-tho|tra-luong-dung-han|dao-tao-ke-can|nguon-ben-ngoai|goc-gara,5.5.1,Giá trị cốt lõi & hành vi,0.3.3,dieu-hanh,insight,vcservice,,nguon-ben-ngoai|nguon-goc-gara|quan-he-chu-tho|tra-luong-dung-han|dao-tao-ke-can,cao,,g5
6ab4bc44b1c921b0a784dc93,"Xây giá trị cốt lõi đội sales: 3–4 giá trị rút từ hành vi của sếp và người làm giỏi nhất, cụ thể hóa thành lời nói và hành vi",nhan-su-quan-tri.van-hoa-doanh-nghiep|nhan-su-quan-tri.lanh-dao-quan-ly-doi-ngu,framework,gia-tri-cot-loi|van-hoa-doi-sales|lanh-dao|nguon-ben-ngoai|do-xuan-tung,5.5.1,Giá trị cốt lõi & hành vi,,thiet-ke,framework,tap-doan,,nguon-ben-ngoai|nguon-do-xuan-tung|gia-tri-cot-loi|van-hoa-doi-sales|lanh-dao,cao,,g5
6ab4bc70b1c921b0a784dc99,"Sếp không chủ động gieo văn hóa thì đội sales tự tạo ""văn hóa ngầm"" chống lại chỉ tiêu: cần kỷ luật thành văn, luật ngầm và cơ chế đi kèm",nhan-su-quan-tri.van-hoa-doanh-nghiep|nhan-su-quan-tri.lanh-dao-quan-ly-doi-ngu,lesson,van-hoa-doi-sales|ky-luat|luat-ngam|hop-dau-ngay|nguon-ben-ngoai|do-xuan-tung,5.5.1,Giá trị cốt lõi & hành vi,5.4.5,dieu-hanh,lesson,tap-doan,,nguon-ben-ngoai|nguon-do-xuan-tung|van-hoa-doi-sales|ky-luat|luat-ngam|hop-dau-ngay,cao,,g5
6ab4bca3b1c921b0a784dc9d,"Ứng xử trên – dưới trong văn hóa phương Đông: góp ý sếp riêng tư, đề xuất theo 3 phương án, dùng liên hoan để hiểu người và lường hậu quả trước khi ra chính sách",nhan-su-quan-tri.van-hoa-doanh-nghiep|nhan-su-quan-tri.lanh-dao-quan-ly-doi-ngu,lesson,van-hoa-doanh-nghiep|gop-y-sep|de-xuat-phuong-an|nguon-ben-ngoai|do-xuan-tung,5.5.1,Giá trị cốt lõi & hành vi,4.3.3,van-hanh,lesson,tap-doan,,nguon-ben-ngoai|nguon-do-xuan-tung|gop-y-sep|de-xuat-phuong-an,cao,,g5
6ab69a4bf3ad31ef11df0b5c,Sự im lặng trong các cuộc họp là dấu hiệu cảnh báo văn hóa công sở độc hại,nhan-su-quan-tri.van-hoa-doanh-nghiep,insight,nguon-ben-ngoai|mentor-ha-nguyen|van-hoa-doanh-nghiep|moi-truong-doc-hai,5.5.1,Giá trị cốt lõi & hành vi,5.3.3,dieu-hanh,insight,tap-doan,,nguon-ben-ngoai|nguon-mentor-ha-nguyen|moi-truong-doc-hai,cao,,g5
6ab69bc8f3ad31ef11df0b94,"Môi trường việc nhàn, thiếu đo lường kết quả là mảnh đất màu mỡ cho văn hóa cô lập",nhan-su-quan-tri.van-hoa-doanh-nghiep,insight,nguon-ben-ngoai|mentor-ha-nguyen|co-lap-noi-cong-so|van-hoa-doanh-nghiep|quan-ly-hieu-suat,5.5.1,Giá trị cốt lõi & hành vi,4.5.1,dieu-hanh,insight,tap-doan,,nguon-ben-ngoai|nguon-mentor-ha-nguyen|co-lap-noi-cong-so|quan-ly-hieu-suat,cao,,g5
6ab69cfcf3ad31ef11df0bc0,"Văn hóa toxic bắt nguồn từ cách sếp ứng xử với xung đột, không phải từ vài cá nhân xấu tính",nhan-su-quan-tri.lanh-dao-quan-ly-doi-ngu|nhan-su-quan-tri.van-hoa-doanh-nghiep,insight,nguon-ben-ngoai|anh-anh-tudo|van-hoa-toxic|lanh-dao-quan-ly|van-hoa-doanh-nghiep,5.5.1,Giá trị cốt lõi & hành vi,5.4.5,dieu-hanh,insight,tap-doan,,nguon-ben-ngoai|nguon-anh-anh-tudo|van-hoa-toxic|lanh-dao-quan-ly,cao,,g5
6ab69d4cf3ad31ef11df0bce,"""Công ty là một gia đình"" là ngộ nhận: tách bạch tình và lý, đặc biệt trong chuyện tiền bạc",nhan-su-quan-tri.van-hoa-doanh-nghiep,insight,nguon-ben-ngoai|anh-anh-tudo|cong-ty-gia-dinh|tuyen-dung-nguoi-quen|van-hoa-doanh-nghiep,5.5.1,Giá trị cốt lõi & hành vi,5.4.6,dieu-hanh,insight,tap-doan,,nguon-ben-ngoai|nguon-anh-anh-tudo|cong-ty-gia-dinh|tuyen-dung-nguoi-quen,cao,,g5
6ab69da1f3ad31ef11df0bdc,"Quan hệ doanh nghiệp – người lao động là win-win: văn hóa tốt kéo theo lương tốt, công bằng quan trọng hơn tử tế",nhan-su-quan-tri.van-hoa-doanh-nghiep,concept,nguon-ben-ngoai|anh-anh-tudo|van-hoa-doanh-nghiep|quan-he-lao-dong|cong-bang-noi-bo,5.5.1,Giá trị cốt lõi & hành vi,,nhap-mon,concept,tap-doan,,nguon-ben-ngoai|nguon-anh-anh-tudo|quan-he-lao-dong|cong-bang-noi-bo,cao,,g5
6ab69e8cf3ad31ef11df0c0a,"Đạo đức nghề bán hàng và marketing: sale thành công dài hạn cần trung thực, marketing không nhận hoa hồng riêng từ đối tác",ban-hang-cskh.ky-nang-ban-hang|nhan-su-quan-tri.van-hoa-doanh-nghiep,lesson,nguon-ben-ngoai|tran-manh-hung|dao-duc-nghe-nghiep|van-hoa-doanh-nghiep|quan-tri-sale,5.5.1,Giá trị cốt lõi & hành vi,2.1.4,dieu-hanh,lesson,tap-doan,,nguon-ben-ngoai|nguon-tran-manh-hung|dao-duc-nghe-nghiep|quan-tri-sale,thap,Đạo đức nghề sale/marketing + 4 yếu tố thành công của sale; có thể 2.1.4,g2
6ab69fbcf3ad31ef11df0c3d,"Drama công sở tồn tại ở mọi nơi: vấn đề là cách xử lý, không phải việc có drama hay không",nhan-su-quan-tri.van-hoa-doanh-nghiep,insight,nguon-ben-ngoai|anh-anh-tudo|van-hoa-doanh-nghiep|xung-dot-noi-bo|chinh-tri-cong-so,5.5.1,Giá trị cốt lõi & hành vi,5.4.5,dieu-hanh,insight,tap-doan,,nguon-ben-ngoai|nguon-anh-anh-tudo|xung-dot-noi-bo|chinh-tri-cong-so,cao,,g5
6ab73d45b43e7b02a2eab66f,"Thế Giới Di Động không khác biệt về sản phẩm, giá, dịch vụ mà khác biệt nhờ công nghệ vận hành và toàn bộ nhân sự cùng làm marketing",ban-hang-cskh.cham-soc-khach-hang|cong-nghe-chuyen-doi-so.phan-mem-quan-tri,case_study,nguon-ben-ngoai|tran-manh-hung|cong-nghe-van-hanh|khac-biet-canh-tranh|van-hoa-doanh-nghiep,5.5.1,Giá trị cốt lõi & hành vi,5.7.1,dieu-hanh,case_study,tap-doan,,nguon-ben-ngoai|nguon-tran-manh-hung|cong-nghe-van-hanh|khac-biet-canh-tranh,thap,Case về lợi thế nhờ công nghệ vận hành + văn hoá lấy khách làm trọng tâm; có thể 5.7.1 hoặc 2.6.1,g2
6ab73d82b43e7b02a2eab680,Người đứng đầu định hình văn hóa công ty; nhân viên nghỉ việc vì bỏ người quản lý chứ không phải bỏ công việc,nhan-su-quan-tri.van-hoa-doanh-nghiep|nhan-su-quan-tri.lanh-dao-quan-ly-doi-ngu,insight,nguon-ben-ngoai|tran-manh-hung|van-hoa-doanh-nghiep|giu-chan-nhan-su,5.5.1,Giá trị cốt lõi & hành vi,5.4.3,dieu-hanh,insight,tap-doan,qt.nhan-su.d,nguon-ben-ngoai|nguon-tran-manh-hung|giu-chan-nhan-su,cao,,g5
6ab73db9b43e7b02a2eab68b,"Kinh doanh tử tế bắt đầu từ nội bộ: trả lương, đóng bảo hiểm đúng hạn trước khi làm truyền thông, từ thiện phô trương",nhan-su-quan-tri.van-hoa-doanh-nghiep,lesson,nguon-ben-ngoai|tran-manh-hung|van-hoa-doanh-nghiep|minh-bach-tai-chinh|giu-chan-nhan-su,5.5.1,Giá trị cốt lõi & hành vi,5.5.2,dieu-hanh,lesson,tap-doan,,nguon-ben-ngoai|nguon-tran-manh-hung|minh-bach-tai-chinh|giu-chan-nhan-su,cao,,g5
6ab73de7b43e7b02a2eab68e,"Văn hóa kết quả: ngừng đổ lỗi giữa các bộ phận, hiểu rõ nguyên nhân cả khi thắng lẫn khi thua",nhan-su-quan-tri.van-hoa-doanh-nghiep,lesson,nguon-ben-ngoai|tran-manh-hung|van-hoa-doanh-nghiep|quan-ly-xung-dot,5.5.1,Giá trị cốt lõi & hành vi,5.4.5,dieu-hanh,lesson,tap-doan,,nguon-ben-ngoai|nguon-tran-manh-hung|quan-ly-xung-dot,cao,,g5
6ab69c5ff3ad31ef11df0ba1,Thương hiệu gồm phần hữu hình và vô hình: văn hoá doanh nghiệp là marketing đối nội,nhan-su-quan-tri.van-hoa-doanh-nghiep|marketing.chien-luoc-thuong-hieu,concept,nguon-ben-ngoai|tran-manh-hung|xay-dung-thuong-hieu|van-hoa-doanh-nghiep,5.5.2,Truyền thông nội bộ,1.1.3,nhap-mon,concept,tap-doan,,nguon-ben-ngoai|nguon-tran-manh-hung|xay-dung-thuong-hieu,cao,,g5
6ab4bc78b1c921b0a784dc9a,"Văn hóa ghi nhận để đội sales không lùi: vinh danh công khai (70% làm thật – 30% đánh bóng), liên tục nâng doanh số sàn, tôn vinh người mang tiền về và kỷ luật để được đánh giá",nhan-su-quan-tri.van-hoa-doanh-nghiep|nhan-su-quan-tri.lanh-dao-quan-ly-doi-ngu,framework,van-hoa-ghi-nhan|vinh-danh|doanh-so-san|ky-luat|nguon-ben-ngoai|do-xuan-tung,5.5.3,Gắn kết & ghi nhận,2.1.4,thiet-ke,framework,tap-doan,,nguon-ben-ngoai|nguon-do-xuan-tung|van-hoa-ghi-nhan|vinh-danh|doanh-so-san|ky-luat,cao,,g5
6ab4bb4bb1c921b0a784dc63,"7 lỗi khiến quy trình bán hàng ở SME không chạy: từ ""quy trình nằm trong đầu sếp"" đến có phạt mà không cập nhật",nhan-su-quan-tri.lanh-dao-quan-ly-doi-ngu|nhan-su-quan-tri.van-hoa-doanh-nghiep,framework,quy-trinh|ky-luat|sme|nguon-ben-ngoai|do-xuan-tung,5.6.1,Thiết kế quy trình & SOP,5.6.3,thiet-ke,framework,tap-doan,,nguon-ben-ngoai|nguon-do-xuan-tung|quy-trinh|ky-luat|sme,cao,,g5
6ab4bbaab1c921b0a784dc78,"Dựng ""luật chơi"" cho đội sales: đưa việc lặp lại 2–3 lần vào tài liệu, ghi bộ nguyên tắc ứng xử, tách cơ chế theo kỳ với quy trình ban hành một lần",nhan-su-quan-tri.lanh-dao-quan-ly-doi-ngu|nhan-su-quan-tri.van-hoa-doanh-nghiep,framework,luat-choi|nguyen-tac-ung-xu|chuan-hoa-quy-trinh|nguon-ben-ngoai|do-xuan-tung,5.6.1,Thiết kế quy trình & SOP,2.1.4,thiet-ke,framework,tap-doan,,nguon-ben-ngoai|nguon-do-xuan-tung|luat-choi|nguyen-tac-ung-xu|chuan-hoa-quy-trinh,cao,,g5
6ab6931af3ad31ef11df0ac3,Quản trị tinh gọn cho doanh nghiệp nhỏ: 4 bước từ kế hoạch tài chính đến loại bỏ lãng phí,tai-chinh.quan-tri-dong-tien,lesson,nguon-ben-ngoai|co-chinh-qttc|quan-tri-tinh-gon|quan-tri-chi-phi|quan-tri-cong-no,5.6.3,PDCA & cải tiến liên tục,3.1.3,thiet-ke,lesson,tap-doan,,nguon-ben-ngoai|nguon-co-chinh-qttc|quan-tri-tinh-gon|quan-tri-chi-phi|quan-tri-cong-no,thap,Quản trị tinh gọn là cải tiến vận hành (5.6.3) nhưng xuất phát từ kế hoạch tài chính; có thể 3.1.3.,g3
6ab690d0f3ad31ef11df0a77,"Vừa quản trị tốt vừa tuân thủ pháp luật: thiết kế đúng từ trước thay vì xử lý sau, và một chữ trong luật thuế có thể đổi cả mức thuế",nhan-su-quan-tri.lanh-dao-quan-ly-doi-ngu|phap-ly.quy-dinh-nganh|ke-toan.thue,regulation,nguon-ben-ngoai|co-chinh-qttc|quan-tri-thue|hoa-don-chung-tu,5.6.4,Kiểm soát rủi ro & tuân thủ,3.6.2,dieu-hanh,regulation,tap-doan,,nguon-ben-ngoai|nguon-co-chinh-qttc|rui-ro-thue|hoa-don-chung-tu,cao,,g5
6ab4bbe8b1c921b0a784dc86,"Tư duy quản trị trước, công cụ sau: vẽ luồng phối hợp rồi mới chọn tối thiểu phần mềm; AI chưa thay được người trong bán hàng và quản lý đội sales",cong-nghe-chuyen-doi-so.phan-mem-quan-tri|nhan-su-quan-tri.lanh-dao-quan-ly-doi-ngu,insight,phan-mem-quan-tri|ai-trong-quan-ly|quy-trinh-van-hanh|nguon-ben-ngoai|do-xuan-tung,5.7.1,ERP & phần mềm quản trị,5.6.1|2.1.4,dieu-hanh,insight,tap-doan,,nguon-ben-ngoai|nguon-do-xuan-tung|ai-trong-quan-ly|quy-trinh-van-hanh,cao,,g4
6ab6927ef3ad31ef11df0aa3,Phần mềm quản trị không cứu được doanh nghiệp nếu tư duy và nguyên tắc dữ liệu sai,cong-nghe-chuyen-doi-so.phan-mem-quan-tri,insight,nguon-ben-ngoai|co-chinh-qttc|phan-mem-quan-tri|rui-ro-du-lieu|quan-tri-doanh-nghiep,5.7.1,ERP & phần mềm quản trị,5.7.2|3.6.7,dieu-hanh,insight,tap-doan,,nguon-ben-ngoai|nguon-co-chinh-qttc|rui-ro-du-lieu|quan-tri-doanh-nghiep,cao,,g4
6ab73137e8a762a4385a5385,"Trước khi giao việc cho AI Agent, phải chuẩn hoá dữ liệu phân mảnh (Drive, CRM, tài liệu) thành một nguồn thống nhất",cong-nghe-chuyen-doi-so.ai-tu-dong-hoa|cong-nghe-chuyen-doi-so.du-lieu-phan-tich,lesson,nguon-ben-ngoai|origin-ai-agent|chuan-hoa-du-lieu|crm-va-du-lieu-khach-hang,5.7.2,"Dữ liệu, báo cáo & dashboard",5.7.3,thiet-ke,lesson,tap-doan,,nguon-ben-ngoai|nguon-origin-ai-agent|chuan-hoa-du-lieu|crm-va-du-lieu-khach-hang,cao,,g4
6ab68168db4c6ad4f9b845ed,"Liên kết [[wiki-link]] giữa các file markdown là ""bản đồ ngữ cảnh"" cho AI agent: lần theo Vấn đề → Đã thử → Cách chạy được → File ảnh hưởng",cong-nghe-chuyen-doi-so.ai-tu-dong-hoa,insight,nguon-ben-ngoai|reddit|obsidian|ai-agent|quan-tri-tri-thuc,5.7.3,AI & tự động hoá,5.7.4|4.3.1,thiet-ke,insight,tap-doan,,nguon-ben-ngoai|nguon-reddit|obsidian|ai-agent|quan-tri-tri-thuc,cao,,g4
6ab6940af3ad31ef11df0afd,AI thay thế kế toán từ 90–100% ở cấp ghi chép nhưng dưới 10% ở cấp tham mưu chiến lược,cong-nghe-chuyen-doi-so.ai-tu-dong-hoa,insight,nguon-ben-ngoai|co-chinh-qttc|ai-tu-dong-hoa|cap-do-ke-toan|ke-toan-quan-tri,5.7.3,AI & tự động hoá,3.5.5|4.3.3,dieu-hanh,insight,tap-doan,,nguon-ben-ngoai|nguon-co-chinh-qttc|ai-tu-dong-hoa|cap-do-ke-toan,cao,,g4
6ab69465f3ad31ef11df0b11,"Quyết định 33/2026/QĐ-TTg: doanh nghiệp dùng AI cần rà soát xem hệ thống có thuộc danh mục ""rủi ro cao"" không",phap-ly.quy-dinh-nganh,regulation,nguon-ben-ngoai|co-chinh-qttc|phap-ly-ai|quyet-dinh-33-2026|tuan-thu,5.7.3,AI & tự động hoá,5.6.4,nhap-mon,regulation,tap-doan,,nguon-ben-ngoai|nguon-co-chinh-qttc|phap-ly-ai|quyet-dinh-33-2026|tuan-thu,cao,,g4
6ab72f9ae8a762a4385a5344,"AI Agent rà soát bảng kê hoá đơn cuối kỳ, phân loại mức khẩn và soạn nháp nhắc thanh toán",cong-nghe-chuyen-doi-so.ai-tu-dong-hoa|ke-toan.chung-tu-quy-trinh,case_study,nguon-ben-ngoai|origin-ai-agent|cong-no|tu-dong-hoa-ke-toan|workflow-agent,5.7.3,AI & tự động hoá,3.2.2,thiet-ke,case_study,tap-doan,qt.ban-hang-b2b.d,nguon-ben-ngoai|nguon-origin-ai-agent|cong-no|tu-dong-hoa-ke-toan|workflow-agent,cao,,g4
6ab72fc3e8a762a4385a5348,"Quy mô doanh nghiệp AI Agent quyết định bởi chất lượng workflow, không phải số lượng Agent",cong-nghe-chuyen-doi-so.ai-tu-dong-hoa,insight,nguon-ben-ngoai|origin-ai-agent|ai-agent|workflow|toi-uu-quy-trinh,5.7.3,AI & tự động hoá,,dieu-hanh,insight,tap-doan,,nguon-ben-ngoai|nguon-origin-ai-agent|ai-agent|workflow|toi-uu-quy-trinh,cao,,g4
6ab72fcbe8a762a4385a5349,"AI Agent biến file Excel chấm công thô thành báo cáo phát hiện bất thường, kèm cảnh báo giới hạn",cong-nghe-chuyen-doi-so.ai-tu-dong-hoa|cong-nghe-chuyen-doi-so.du-lieu-phan-tich,case_study,nguon-ben-ngoai|origin-ai-agent|du-lieu-phan-tich|cham-cong|tu-dong-hoa-quy-trinh,5.7.3,AI & tự động hoá,5.7.2|4.6.5,thiet-ke,case_study,tap-doan,,nguon-ben-ngoai|nguon-origin-ai-agent|du-lieu-phan-tich|cham-cong|tu-dong-hoa-quy-trinh,cao,,g4
6ab72ffde8a762a4385a5350,Triển khai AI Agent lẻ tẻ theo phòng ban tạo điểm nghẽn; cần đồng bộ toàn tổ chức,cong-nghe-chuyen-doi-so.ai-tu-dong-hoa|nhan-su-quan-tri.lanh-dao-quan-ly-doi-ngu,lesson,nguon-ben-ngoai|origin-ai-agent|ai-agent|workflow|trien-khai-dong-bo,5.7.3,AI & tự động hoá,5.6.1,dieu-hanh,lesson,tap-doan,,nguon-ben-ngoai|nguon-origin-ai-agent|ai-agent|workflow|trien-khai-dong-bo,cao,,g4
6ab7300ae8a762a4385a5352,"AI Agent làm thư ký họp: chuẩn bị trước, ghi biên bản quyết định, theo việc đến khi xong",cong-nghe-chuyen-doi-so.ai-tu-dong-hoa,case_study,nguon-ben-ngoai|origin-ai-agent|thu-ky-hop|quan-ly-cong-viec|workflow-agent,5.7.3,AI & tự động hoá,5.3.3|5.3.5,thiet-ke,case_study,tap-doan,,nguon-ben-ngoai|nguon-origin-ai-agent|thu-ky-hop|quan-ly-cong-viec|workflow-agent,cao,,g4
6ab7303be8a762a4385a535a,Văn hoá triển khai AI Agent phải bắt đầu từ lãnh đạo; cắt giảm nhân sự lâu năm quá sớm có thể xoá mất tri thức ngầm,cong-nghe-chuyen-doi-so.ai-tu-dong-hoa|nhan-su-quan-tri.van-hoa-doanh-nghiep,lesson,nguon-ben-ngoai|origin-ai-agent|ai-agent|van-hoa-doanh-nghiep|tri-thuc-noi-bo,5.7.3,AI & tự động hoá,5.5.4|5.4.1,dieu-hanh,lesson,tap-doan,,nguon-ben-ngoai|nguon-origin-ai-agent|ai-agent|tri-thuc-noi-bo,cao,,g4
6ab7303fe8a762a4385a535c,"Mỗi nhân sự một AI Agent riêng theo vai trò, cùng dùng chung một nguồn dữ liệu tổ chức",cong-nghe-chuyen-doi-so.ai-tu-dong-hoa,framework,nguon-ben-ngoai|origin-ai-agent|agent-theo-vai-tro|multi-agent|workflow-agent,5.7.3,AI & tự động hoá,,thiet-ke,framework,tap-doan,,nguon-ben-ngoai|nguon-origin-ai-agent|agent-theo-vai-tro|multi-agent|workflow-agent,cao,,g4
6ab73070e8a762a4385a5360,"AI Agent gom tài liệu rời rạc thành giáo trình có mục lục, slide và FAQ tự cập nhật",cong-nghe-chuyen-doi-so.ai-tu-dong-hoa|nhan-su-quan-tri.dao-tao-phat-trien,case_study,nguon-ben-ngoai|origin-ai-agent|kho-tri-thuc|dao-tao-noi-bo|tu-dong-hoa-quy-trinh,5.7.3,AI & tự động hoá,4.3.1,thiet-ke,case_study,tap-doan,,nguon-ben-ngoai|nguon-origin-ai-agent|kho-tri-thuc|dao-tao-noi-bo|tu-dong-hoa-quy-trinh,cao,,g4
6ab73080e8a762a4385a5364,"3 cấp độ dùng AI: Chatbot trả lời câu hỏi, Workflow chạy quy trình cố định, Agent tự lập kế hoạch theo mục tiêu",cong-nghe-chuyen-doi-so.ai-tu-dong-hoa,concept,nguon-ben-ngoai|origin-ai-agent|ai-agent|chatbot-vs-agent|tu-dong-hoa-quy-trinh,5.7.3,AI & tự động hoá,,nhap-mon,concept,tap-doan,,nguon-ben-ngoai|nguon-origin-ai-agent|ai-agent|chatbot-vs-agent|tu-dong-hoa-quy-trinh,cao,,g4
6ab7308fe8a762a4385a5365,"Human in the Loop: đặt con người vào điểm quyết định rủi ro cao (tiền, dữ liệu khách, quyết định khó hoàn tác)",cong-nghe-chuyen-doi-so.ai-tu-dong-hoa,framework,nguon-ben-ngoai|origin-ai-agent|human-in-the-loop|ai-agent|ra-quyet-dinh|kiem-soat-rui-ro,5.7.3,AI & tự động hoá,5.6.4,thiet-ke,framework,tap-doan,,nguon-ben-ngoai|nguon-origin-ai-agent|human-in-the-loop|ai-agent|ra-quyet-dinh|kiem-soat-rui-ro,cao,,g4
6ab73096e8a762a4385a5367,"AI Agent hành động thật nhờ được cấp quyền đọc/sửa file, chạy code, gọi API — khác hẳn chatbot chỉ trả lời",cong-nghe-chuyen-doi-so.ai-tu-dong-hoa,concept,nguon-ben-ngoai|origin-ai-agent|ai-agent|mcp-va-cong-cu|tu-dong-hoa-quy-trinh,5.7.3,AI & tự động hoá,,nhap-mon,concept,tap-doan,,nguon-ben-ngoai|nguon-origin-ai-agent|ai-agent|mcp-va-cong-cu|tu-dong-hoa-quy-trinh,cao,,g4
6ab730a3e8a762a4385a5368,"AI Mentor cá nhân hoá: mỗi nhân viên một Agent theo sát trình độ, học 3 phút mỗi ngày",cong-nghe-chuyen-doi-so.ai-tu-dong-hoa|nhan-su-quan-tri.dao-tao-phat-trien,framework,nguon-ben-ngoai|origin-ai-agent|dao-tao-ca-nhan-hoa|microlearning|mentor-ai,5.7.3,AI & tự động hoá,4.3.1|4.3.4,thiet-ke,framework,tap-doan,,nguon-ben-ngoai|nguon-origin-ai-agent|dao-tao-ca-nhan-hoa|microlearning|mentor-ai,cao,,g4
6ab730a9e8a762a4385a5369,"Phân chia vai trò người và AI trong workflow: người đặt mục tiêu và duyệt, AI làm 70-80% việc lặp lại",cong-nghe-chuyen-doi-so.ai-tu-dong-hoa|nhan-su-quan-tri.lanh-dao-quan-ly-doi-ngu,framework,nguon-ben-ngoai|origin-ai-agent|ai-agent|phan-cong-nguoi-ai|nang-suat,5.7.3,AI & tự động hoá,5.6.1,thiet-ke,framework,tap-doan,,nguon-ben-ngoai|nguon-origin-ai-agent|ai-agent|phan-cong-nguoi-ai|nang-suat,cao,,g4
6ab730a9e8a762a4385a536a,"5 bước xử lý một yêu cầu của AI Agent: nhận việc, lấy bối cảnh, suy nghĩ, hành động, quan sát rồi lặp lại",cong-nghe-chuyen-doi-so.ai-tu-dong-hoa,framework,nguon-ben-ngoai|origin-ai-agent|ai-agent|pipeline-xu-ly|tu-duy-agent,5.7.3,AI & tự động hoá,,nhap-mon,framework,tap-doan,,nguon-ben-ngoai|nguon-origin-ai-agent|ai-agent|pipeline-xu-ly|tu-duy-agent,cao,,g4
6ab730bde8a762a4385a536f,"4 yếu tố để AI Agent hoạt động đúng nghĩa: MCP kết nối công cụ, Skill dạy quy trình, Hook kiểm soát, Schedule chạy định kỳ",cong-nghe-chuyen-doi-so.ai-tu-dong-hoa,framework,nguon-ben-ngoai|origin-ai-agent|mcp-va-cong-cu|skill-va-quy-trinh|lich-chay-dinh-ky,5.7.3,AI & tự động hoá,,thiet-ke,framework,tap-doan,,nguon-ben-ngoai|nguon-origin-ai-agent|mcp-va-cong-cu|skill-va-quy-trinh|lich-chay-dinh-ky,cao,,g4
6ab730c1e8a762a4385a5370,"Vì sao Agent thất bại: 70-80% thử nghiệm ban đầu không hiệu quả vì thiếu workflow, chuẩn dữ liệu và kiên nhẫn onboarding",cong-nghe-chuyen-doi-so.ai-tu-dong-hoa,lesson,nguon-ben-ngoai|origin-ai-agent|ai-agent|workflow|trien-khai-agent,5.7.3,AI & tự động hoá,,dieu-hanh,lesson,tap-doan,,nguon-ben-ngoai|nguon-origin-ai-agent|ai-agent|workflow|trien-khai-agent,cao,,g4
6ab730c3e8a762a4385a5371,"Nguyên tắc giao việc cho AI Agent: nói rõ mục tiêu cuối, phạm vi và điểm kiểm soát thay vì ra lệnh từng việc nhỏ",cong-nghe-chuyen-doi-so.ai-tu-dong-hoa|nhan-su-quan-tri.lanh-dao-quan-ly-doi-ngu,framework,nguon-ben-ngoai|origin-ai-agent|ai-agent|giao-viec-cho-ai|quan-ly-agent,5.7.3,AI & tự động hoá,5.4.2,thuc-thi,framework,tap-doan,,nguon-ben-ngoai|nguon-origin-ai-agent|ai-agent|giao-viec-cho-ai|quan-ly-agent,cao,,g4
6ab730c8e8a762a4385a5372,"Dùng AI Agent đóng vai khách khó, sếp hoặc CEO phản biện để nhân viên luyện phản xạ an toàn",cong-nghe-chuyen-doi-so.ai-tu-dong-hoa|nhan-su-quan-tri.dao-tao-phat-trien,framework,nguon-ben-ngoai|origin-ai-agent|mo-phong-tinh-huong|dao-tao-noi-bo|luyen-tap-agent,5.7.3,AI & tự động hoá,4.3.2|2.2.4,thiet-ke,framework,tap-doan,,nguon-ben-ngoai|nguon-origin-ai-agent|mo-phong-tinh-huong|dao-tao-noi-bo|luyen-tap-agent,cao,,g4
6ab730cee8a762a4385a5374,"Công thức Skill – Tool – Memory: năng lực, phương tiện và ký ức tạo nên một AI Agent thực thụ",cong-nghe-chuyen-doi-so.ai-tu-dong-hoa,framework,nguon-ben-ngoai|origin-ai-agent|skill-tool-memory|ai-agent,5.7.3,AI & tự động hoá,,nhap-mon,framework,tap-doan,,nguon-ben-ngoai|nguon-origin-ai-agent|skill-tool-memory|ai-agent,cao,,g4
6ab730d8e8a762a4385a5376,"4 câu hỏi tự vấn trước khi giao việc cho AI Agent để thay đổi tư duy làm việc, không chỉ dùng thêm công cụ",cong-nghe-chuyen-doi-so.ai-tu-dong-hoa,framework,nguon-ben-ngoai|origin-ai-agent|ai-agent|giao-viec-cho-ai|tu-duy-tu-dong-hoa,5.7.3,AI & tự động hoá,5.6.3,dieu-hanh,framework,tap-doan,,nguon-ben-ngoai|nguon-origin-ai-agent|ai-agent|giao-viec-cho-ai|tu-duy-tu-dong-hoa,cao,,g4
6ab730e3e8a762a4385a5378,"Thiết kế Agent đúng cách: xác định vai trò trước, rồi mới chọn Skill – Tool – Memory – Rule, tránh nhồi hết vào prompt",cong-nghe-chuyen-doi-so.ai-tu-dong-hoa,framework,nguon-ben-ngoai|origin-ai-agent|skill-tool-memory|thiet-ke-agent,5.7.3,AI & tự động hoá,,thiet-ke,framework,tap-doan,,nguon-ben-ngoai|nguon-origin-ai-agent|skill-tool-memory|thiet-ke-agent,cao,,g4
6ab730ebe8a762a4385a5379,AI Agent onboarding: lộ trình học theo vị trí và giải đáp thắc mắc nhân viên mới ngay từ ngày đầu,cong-nghe-chuyen-doi-so.ai-tu-dong-hoa|nhan-su-quan-tri.dao-tao-phat-trien,case_study,nguon-ben-ngoai|origin-ai-agent|onboarding|dao-tao-noi-bo|kho-tri-thuc,5.7.3,AI & tự động hoá,4.2.4|4.3.1,thiet-ke,case_study,tap-doan,qt.nhan-su.b,nguon-ben-ngoai|nguon-origin-ai-agent|onboarding|dao-tao-noi-bo|kho-tri-thuc,cao,,g4
6ab730f8e8a762a4385a537a,"Onboarding AI Agent như nhân viên mới: cần đủ vai trò, ngữ cảnh doanh nghiệp, quy trình, tiêu chuẩn và quyền hạn",cong-nghe-chuyen-doi-so.ai-tu-dong-hoa|nhan-su-quan-tri.dao-tao-phat-trien,framework,nguon-ben-ngoai|origin-ai-agent|onboarding-agent|thiet-ke-agent,5.7.3,AI & tự động hoá,,thiet-ke,framework,tap-doan,,nguon-ben-ngoai|nguon-origin-ai-agent|onboarding-agent|thiet-ke-agent,cao,,g4
6ab73108e8a762a4385a537d,Dùng AI Agent trước khi tuyển thêm người: kiểm tra AI xử lý được bao nhiêu phần việc trước khi quyết định tuyển,cong-nghe-chuyen-doi-so.ai-tu-dong-hoa|nhan-su-quan-tri.tuyen-dung,insight,nguon-ben-ngoai|origin-ai-agent|ai-agent|tuyen-dung|roi-chi-phi,5.7.3,AI & tự động hoá,4.2.1|4.1.1,dieu-hanh,insight,tap-doan,qt.nhan-su.a,nguon-ben-ngoai|nguon-origin-ai-agent|ai-agent|roi-chi-phi,cao,,g4
6ab7310de8a762a4385a537e,"Memory của AI Agent chỉ nên lưu đúng vai trò, mục tiêu, quyết định và tiêu chuẩn — không phải mọi dữ liệu",cong-nghe-chuyen-doi-so.ai-tu-dong-hoa,framework,nguon-ben-ngoai|origin-ai-agent|memory-agent|knowledge-vault,5.7.3,AI & tự động hoá,,thiet-ke,framework,tap-doan,,nguon-ben-ngoai|nguon-origin-ai-agent|memory-agent|knowledge-vault,cao,,g4
6ab7311be8a762a4385a5382,Đóng gói cách làm tốt của một nhân viên thành Skill để cả tổ chức dùng lại và cải tiến,cong-nghe-chuyen-doi-so.ai-tu-dong-hoa,framework,nguon-ben-ngoai|origin-ai-agent|skill-agent|chuan-hoa-quy-trinh|workflow-agent,5.7.3,AI & tự động hoá,5.6.1,thiet-ke,framework,tap-doan,,nguon-ben-ngoai|nguon-origin-ai-agent|skill-agent|chuan-hoa-quy-trinh|workflow-agent,cao,,g4
6ab7311de8a762a4385a5383,"Giới hạn của AI Agent nằm ở người dùng: kiến thức nền, 3 kiểu người dùng và rủi ro tương ứng",cong-nghe-chuyen-doi-so.ai-tu-dong-hoa|nhan-su-quan-tri.dao-tao-phat-trien,insight,nguon-ben-ngoai|origin-ai-agent|ai-agent|nang-luc-nguoi-dung|dao-tao-noi-bo,5.7.3,AI & tự động hoá,4.3.3,dieu-hanh,insight,tap-doan,,nguon-ben-ngoai|nguon-origin-ai-agent|ai-agent|nang-luc-nguoi-dung|dao-tao-noi-bo,cao,,g4
6ab73121e8a762a4385a5384,"Knowledge Vault: kho tri thức chính thức để AI Agent tra cứu, thay vì nhồi hết dữ liệu vào Memory hay prompt",cong-nghe-chuyen-doi-so.ai-tu-dong-hoa|cong-nghe-chuyen-doi-so.du-lieu-phan-tich,framework,nguon-ben-ngoai|origin-ai-agent|knowledge-vault|memory-agent|vc-connect-vcwiki,5.7.3,AI & tự động hoá,4.3.1|5.7.2,thiet-ke,framework,tap-doan,,nguon-ben-ngoai|nguon-origin-ai-agent|knowledge-vault|memory-agent|vc-connect-vcwiki,cao,,g4
6ab73144e8a762a4385a5389,"Brief AI Content đúng cách: nghiên cứu thị trường, đối thủ, kênh, khách hàng trước khi để AI viết",cong-nghe-chuyen-doi-so.ai-tu-dong-hoa|marketing.noi-dung-mang-xa-hoi,lesson,nguon-ben-ngoai|origin-ai-agent|ai-content|nghien-cuu-thi-truong|content-marketing,5.7.3,AI & tự động hoá,1.4.1,thuc-thi,lesson,tap-doan,,nguon-ben-ngoai|nguon-origin-ai-agent|ai-content|nghien-cuu-thi-truong|content-marketing,cao,,g4
6ab7314ae8a762a4385a538b,Case thực tế: vận hành doanh nghiệp với 5 AI Agent trong 3 tháng không cần tuyển thêm người,cong-nghe-chuyen-doi-so.ai-tu-dong-hoa|nhan-su-quan-tri.lanh-dao-quan-ly-doi-ngu,case_study,nguon-ben-ngoai|origin-ai-agent|ai-agent|doanh-nghiep-mot-nguoi|case-thuc-te,5.7.3,AI & tự động hoá,,dieu-hanh,case_study,tap-doan,,nguon-ben-ngoai|nguon-origin-ai-agent|ai-agent|doanh-nghiep-mot-nguoi|case-thuc-te,cao,,g4
6ab73151e8a762a4385a538c,"""Bộ não doanh nghiệp"": tri thức tích luỹ là tài sản cạnh tranh không mất đi khi nhân sự nghỉ việc",cong-nghe-chuyen-doi-so.ai-tu-dong-hoa|cong-nghe-chuyen-doi-so.du-lieu-phan-tich,insight,nguon-ben-ngoai|origin-ai-agent|bo-nao-doanh-nghiep|knowledge-vault,5.7.3,AI & tự động hoá,4.3.1|5.5.4,dieu-hanh,insight,tap-doan,,nguon-ben-ngoai|nguon-origin-ai-agent|bo-nao-doanh-nghiep|knowledge-vault,thap,Về kho tri thức doanh nghiệp; có thể 4.3.1 (wiki) hoặc 5.5.4 (văn hoá học tập & wiki),g4
6ab73156e8a762a4385a538d,"Điều kiện để có ""phòng ban AI"" thật: mục tiêu, vai trò, quy trình, dữ liệu và người chịu trách nhiệm",cong-nghe-chuyen-doi-so.ai-tu-dong-hoa|nhan-su-quan-tri.lanh-dao-quan-ly-doi-ngu,framework,nguon-ben-ngoai|origin-ai-agent|phong-ban-ai|multi-agent|to-chuc-ai,5.7.3,AI & tự động hoá,,thiet-ke,framework,tap-doan,,nguon-ben-ngoai|nguon-origin-ai-agent|phong-ban-ai|multi-agent|to-chuc-ai,cao,,g4
6ab73166e8a762a4385a538f,Agent CSKH không được đoán trả lời: phải tra cứu chính sách/tài liệu và lịch sử khách hàng trước khi phản hồi,cong-nghe-chuyen-doi-so.ai-tu-dong-hoa|ban-hang-cskh.cham-soc-khach-hang,framework,nguon-ben-ngoai|origin-ai-agent|cham-soc-khach-hang|knowledge-vault,5.7.3,AI & tự động hoá,2.6.1,thiet-ke,framework,tap-doan,,nguon-ben-ngoai|nguon-origin-ai-agent|knowledge-vault|agent-cskh,cao,,g4
6ab7316ce8a762a4385a5390,"Quy trình AI Content end-to-end: đề xuất ý tưởng định kỳ, viết nháp, dựng video, đăng đa nền tảng, đo hiệu suất",cong-nghe-chuyen-doi-so.ai-tu-dong-hoa|marketing.noi-dung-mang-xa-hoi,framework,nguon-ben-ngoai|origin-ai-agent|ai-content|tu-dong-hoa-noi-dung|quy-trinh-content,5.7.3,AI & tự động hoá,1.4.6,thiet-ke,framework,tap-doan,,nguon-ben-ngoai|nguon-origin-ai-agent|ai-content|tu-dong-hoa-noi-dung|quy-trinh-content,cao,,g4
6ab73190e8a762a4385a5394,"Mô hình doanh nghiệp một người (OPC) với AI Agent: định nghĩa, thành phần và ai phù hợp",cong-nghe-chuyen-doi-so.ai-tu-dong-hoa,concept,nguon-ben-ngoai|origin-ai-agent|ai-agent|doanh-nghiep-mot-nguoi|mo-hinh-kinh-doanh,5.7.3,AI & tự động hoá,5.1.2,nhap-mon,concept,tap-doan,,nguon-ben-ngoai|nguon-origin-ai-agent|ai-agent|doanh-nghiep-mot-nguoi|mo-hinh-kinh-doanh,cao,,g4
6ab73195e8a762a4385a5397,"AI Leader không làm việc chuyên môn — nó điều phối, quy trình bàn giao khiến hệ thống đa Agent chạy trơn tru",cong-nghe-chuyen-doi-so.ai-tu-dong-hoa,framework,nguon-ben-ngoai|origin-ai-agent|ai-leader|multi-agent|quy-trinh-ban-giao,5.7.3,AI & tự động hoá,,thiet-ke,framework,tap-doan,,nguon-ben-ngoai|nguon-origin-ai-agent|ai-leader|multi-agent|quy-trinh-ban-giao,cao,,g4
6ab731a9e8a762a4385a5398,"3 flow của AI Marketing Agent: nghiên cứu định vị, phân phối nội dung và ads, xử lý lead",cong-nghe-chuyen-doi-so.ai-tu-dong-hoa|marketing.quang-cao-tra-phi,framework,nguon-ben-ngoai|origin-ai-agent|ai-marketing-agent|quang-cao-facebook|workflow-marketing,5.7.3,AI & tự động hoá,1.3.6,thiet-ke,framework,tap-doan,,nguon-ben-ngoai|nguon-origin-ai-agent|ai-marketing-agent|quang-cao-facebook|workflow-marketing,cao,,g4
6ab731c9e8a762a4385a539c,"AI Marketing Agent vận hành fanpage, Facebook Ads và CRM trên Sheet; thiết kế tính cách thực chiến",cong-nghe-chuyen-doi-so.ai-tu-dong-hoa|marketing.quang-cao-tra-phi,case_study,nguon-ben-ngoai|origin-ai-agent|ai-marketing-agent|facebook-ads|crm,5.7.3,AI & tự động hoá,1.3.6|1.3.2,thiet-ke,case_study,tap-doan,,nguon-ben-ngoai|nguon-origin-ai-agent|ai-marketing-agent|facebook-ads|crm,cao,,g4
6ab731d6e8a762a4385a539e,"Workflow team AI: từ Business Model Canvas với AI Leader đến nghiên cứu, thử nghiệm sản phẩm mới",cong-nghe-chuyen-doi-so.ai-tu-dong-hoa,case_study,nguon-ben-ngoai|origin-ai-agent|multi-agent|ai-leader|phat-trien-san-pham-moi,5.7.3,AI & tự động hoá,5.1.2,thiet-ke,case_study,tap-doan,,nguon-ben-ngoai|nguon-origin-ai-agent|multi-agent|ai-leader|phat-trien-san-pham-moi,cao,,g4
6ab731d8e8a762a4385a53a1,"Chọn nền tảng đa Agent (kiểu ""văn phòng AI"") hay coding agent (Codex/Claude) theo cấp độ cá nhân vs tổ chức",cong-nghe-chuyen-doi-so.ai-tu-dong-hoa|cong-nghe-chuyen-doi-so.phan-mem-quan-tri,framework,nguon-ben-ngoai|origin-ai-agent|ai-agent|multi-agent|coding-agent,5.7.3,AI & tự động hoá,,thiet-ke,framework,tap-doan,,nguon-ben-ngoai|nguon-origin-ai-agent|ai-agent|multi-agent|coding-agent,cao,,g4
6ab731eae8a762a4385a53a3,"Agent theo dõi thị trường và đối thủ định kỳ, tự lọc tín hiệu đáng chú ý mỗi ngày",cong-nghe-chuyen-doi-so.ai-tu-dong-hoa|marketing.nghien-cuu-thi-truong-doi-thu,framework,nguon-ben-ngoai|origin-ai-agent|ai-agent|nghien-cuu-doi-thu|theo-doi-thi-truong,5.7.3,AI & tự động hoá,1.2.4,thiet-ke,framework,tap-doan,,nguon-ben-ngoai|nguon-origin-ai-agent|ai-agent|nghien-cuu-doi-thu|theo-doi-thi-truong,cao,,g4
6ab7321ee8a762a4385a53a7,Thay AI vào quy trình cũ không đủ — phải thiết kế lại workflow và vai trò con người từ đầu,cong-nghe-chuyen-doi-so.ai-tu-dong-hoa|nhan-su-quan-tri.lanh-dao-quan-ly-doi-ngu,lesson,nguon-ben-ngoai|origin-ai-agent|thiet-ke-lai-workflow|chuyen-doi-so|quan-ly-thay-doi,5.7.3,AI & tự động hoá,5.6.1,dieu-hanh,lesson,tap-doan,,nguon-ben-ngoai|nguon-origin-ai-agent|thiet-ke-lai-workflow|chuyen-doi-so|quan-ly-thay-doi,cao,,g4
6ab7321fe8a762a4385a53a8,"Dùng coding agent tự xây phần mềm nội bộ, website và hệ thống multi-agent mà không cần là lập trình viên",cong-nghe-chuyen-doi-so.ai-tu-dong-hoa|cong-nghe-chuyen-doi-so.phan-mem-quan-tri,case_study,nguon-ben-ngoai|origin-ai-agent|ai-agent|coding-agent|phan-mem-noi-bo,5.7.3,AI & tự động hoá,5.7.1,thiet-ke,case_study,tap-doan,,nguon-ben-ngoai|nguon-origin-ai-agent|ai-agent|coding-agent|phan-mem-noi-bo,cao,,g4
6ab73221e8a762a4385a53aa,AI giúp phủ nhiều kênh và phục vụ phân khúc khách hàng nhỏ mà không tăng tương ứng chi phí marketing,cong-nghe-chuyen-doi-so.ai-tu-dong-hoa,insight,nguon-ben-ngoai|origin-ai-agent|ai-agent|phan-khuc-khach-hang|chi-phi-marketing,5.7.3,AI & tự động hoá,1.2.1,dieu-hanh,insight,tap-doan,,nguon-ben-ngoai|nguon-origin-ai-agent|ai-agent|phan-khuc-khach-hang|chi-phi-marketing,cao,,g4
6ab73246e8a762a4385a53ad,"Xây Sale Agent như một chuyên gia: identity, sales skill, catalog chuẩn hoá và workflow từ tin nhắn đầu tiên",cong-nghe-chuyen-doi-so.ai-tu-dong-hoa|ban-hang-cskh.ky-nang-ban-hang,framework,nguon-ben-ngoai|origin-ai-agent|sale-agent|ai-agent|ban-hang,5.7.3,AI & tự động hoá,2.1.5,thiet-ke,framework,tap-doan,,nguon-ben-ngoai|nguon-origin-ai-agent|sale-agent|ai-agent|ban-hang,cao,,g4
6ab73268e8a762a4385a53b0,Agent rà CRM phát hiện khách bị bỏ quên và cảnh báo sale follow-up đúng lúc,cong-nghe-chuyen-doi-so.ai-tu-dong-hoa|ban-hang-cskh.ky-nang-ban-hang,case_study,nguon-ben-ngoai|origin-ai-agent|sale-agent|crm|cham-soc-khach-hang,5.7.3,AI & tự động hoá,2.1.5|2.2.5,thiet-ke,case_study,tap-doan,qt.ban-hang-b2b.d,nguon-ben-ngoai|nguon-origin-ai-agent|sale-agent|crm,cao,,g4
6ab4bbb1b1c921b0a784dc7c,"Tránh phạt bản quyền phần mềm ở gara: bỏ bản crack, dùng Windows chưa kích hoạt, thay Office bằng WPS hoặc Google, thiết kế bằng Canva và AI",cong-nghe-chuyen-doi-so|phap-ly.quy-dinh-nganh,lesson,ban-quyen-phan-mem|google-workspace|canva|nguon-ben-ngoai|goc-gara,5.7.4,"Công cụ làm việc (Gmail, wiki, todolist)",5.6.4|0.3.5,thuc-thi,lesson,vcservice|tap-doan,,nguon-ben-ngoai|nguon-goc-gara|ban-quyen-phan-mem|google-workspace|canva,cao,categories[0] là cong-nghe-chuyen-doi-so gốc (không có nhánh con),g4
6ab6815edb4c6ad4f9b845ec,"VCWIKI – kho tri thức chung nối thẳng vào AI: luồng nạp → chuyển chữ → tổng hợp thẻ, các ứng dụng và phản biện triển khai",cong-nghe-chuyen-doi-so.ai-tu-dong-hoa|nhan-su-quan-tri.dao-tao-phat-trien|marketing.noi-dung-mang-xa-hoi,insight,noi-bo|vcwiki|quan-tri-tri-thuc|mcp|ai,5.7.4,"Công cụ làm việc (Gmail, wiki, todolist)",5.7.3|4.3.1,dieu-hanh,insight,tap-doan,,noi-bo|vcwiki|quan-tri-tri-thuc|mcp|ai,thap,Thẻ nội bộ về chính VCwiki; có thể 4.3.1 (hệ thống wiki & lộ trình học) hoặc 5.5.4 (văn hoá học tập & wiki),g4
6ab7317ee8a762a4385a5392,"Phân quyền dữ liệu cho AI Agent: cấp quyền tối thiểu, tách context giữa kênh khách hàng và kênh nội bộ",cong-nghe-chuyen-doi-so.ai-tu-dong-hoa|cong-nghe-chuyen-doi-so.du-lieu-phan-tich,framework,nguon-ben-ngoai|origin-ai-agent|phan-quyen-du-lieu|bao-mat-ai,5.7.5,Bảo mật & phân quyền dữ liệu,5.7.3,thiet-ke,framework,tap-doan,,nguon-ben-ngoai|nguon-origin-ai-agent|phan-quyen-du-lieu|bao-mat-ai,cao,,g4
6ab6aa7bf3ad31ef11df0c9b,"Chuẩn bị tồn kho cho ngày sale: kiểm tra theo lượt bán 14 ngày, đóng gói sẵn 50-70% và khóa tồn gấp 3 lần",ban-hang-cskh.kenh-phan-phoi|marketing.quang-cao-tra-phi,framework,nguon-ben-ngoai|hoang-comme|chuan-bi-sale|ton-kho|tiktok-shop,6.4.2,Quản lý tồn kho,6.4.3,van-hanh,framework,vcpart,qt.san-tmdt.c,nguon-ben-ngoai|nguon-hoang-comme|chuan-bi-sale|ton-kho|tiktok-shop,cao,Chuẩn bị tồn kho cho sale → 6.4.2,g2
6ab6fc4bf3ad31ef11df0de3,Cách cân/khai trọng lượng đóng gói để tránh bị phạt cân nặng trên TikTok Shop,tai-chinh.quan-tri-dong-tien|ke-toan.ke-toan-quan-tri,framework,nguon-ben-ngoai|the-hoang-work|phi-van-chuyen|dong-goi|chinh-sach-tiktok-shop,6.4.3,Đóng gói & giao hàng cho sàn,2.5.3,thuc-thi,framework,vcpart,qt.san-tmdt.c,nguon-ben-ngoai|nguon-the-hoang-work|phi-van-chuyen|dong-goi|chinh-sach-san,cao,Ngoài mảng 3: thao tác đóng gói cho sàn.,g3
6ab6fe86f3ad31ef11df0e07,Đối xử tốt và chủ động với shipper/bưu cục là cách chống trễ đơn và mất hàng hiệu quả nhất,ban-hang-cskh.kenh-phan-phoi,lesson,nguon-ben-ngoai|the-hoang-work|van-chuyen|cham-soc-shipper|chong-that-thoat-hang,6.4.3,Đóng gói & giao hàng cho sàn,2.5.2,thuc-thi,lesson,vcpart,qt.san-tmdt.c,nguon-ben-ngoai|nguon-the-hoang-work|van-chuyen|cham-soc-shipper|chong-that-thoat-hang,cao,"Giao hàng cho sàn, quan hệ shipper → 6.4.3",g2
6ab6fec8f3ad31ef11df0e09,Tối ưu đóng gói và in đơn theo mã sản phẩm để 4 người vẫn xử lý được 700-1000 đơn/ngày,ban-hang-cskh.kenh-phan-phoi,framework,nguon-ben-ngoai|the-hoang-work|van-hanh-dong-goi|in-don|nhan-su-van-hanh,6.4.3,Đóng gói & giao hàng cho sàn,2.5.2,thiet-ke,framework,vcpart,qt.san-tmdt.c,nguon-ben-ngoai|nguon-the-hoang-work|van-hanh-dong-goi|in-don|nhan-su-van-hanh,cao,Đóng gói/in đơn cho sàn → 6.4.3,g2
